ISO-10303-21;
HEADER;
/* Generated by software containing ST-Developer
 * from STEP Tools, Inc. (www.steptools.com) 
 */

FILE_DESCRIPTION(
/* description */ (''),
/* implementation_level */ '2;1');

FILE_NAME(
/* name */ 
'C:\\Users\\RTrevino2\\OneDrive - Littelfuse, Inc\\Desktop\\Ricardo Tr
evino\\no guardar\\01020071Z Rev 1.stp',
/* time_stamp */ '2023-10-03T11:58:22-05:00',
/* author */ ('RTrevino2'),
/* organization */ (''),
/* preprocessor_version */ 'ST-DEVELOPER v18.1',
/* originating_system */ 'Autodesk Inventor 2021',
/* authorisation */ '');

FILE_SCHEMA (('AUTOMOTIVE_DESIGN { 1 0 10303 214 3 1 1 }'));
ENDSEC;

DATA;
#10=MECHANICAL_DESIGN_GEOMETRIC_PRESENTATION_REPRESENTATION('',(#13),#3597);
#11=SHAPE_REPRESENTATION_RELATIONSHIP('SRR','None',#3604,#12);
#12=ADVANCED_BREP_SHAPE_REPRESENTATION('',(#14),#3596);
#13=STYLED_ITEM('',(#3613),#14);
#14=MANIFOLD_SOLID_BREP('Solid2',#2045);
#15=FACE_BOUND('',#244,.T.);
#16=FACE_BOUND('',#245,.T.);
#17=B_SPLINE_CURVE_WITH_KNOTS('',3,(#3142,#3143,#3144,#3145,#3146,#3147,
#3148,#3149),.UNSPECIFIED.,.F.,.F.,(4,2,2,4),(0.135748990339535,0.147054295653417,
0.158359600967299,0.158360757588062),.UNSPECIFIED.);
#18=B_SPLINE_CURVE_WITH_KNOTS('',3,(#3151,#3152,#3153,#3154,#3155,#3156,
#3157,#3158),.UNSPECIFIED.,.F.,.F.,(4,2,2,4),(0.0226014932088842,0.0226029065621867,
0.033909257221096,0.0452156078800053),.UNSPECIFIED.);
#19=B_SPLINE_CURVE_WITH_KNOTS('',3,(#3174,#3175,#3176,#3177,#3178,#3179,
#3180,#3181),.UNSPECIFIED.,.F.,.F.,(4,2,2,4),(0.04528252317446,0.0565888738333693,
0.0678952244922786,0.067896637845581),.UNSPECIFIED.);
#20=B_SPLINE_CURVE_WITH_KNOTS('',3,(#3183,#3184,#3185,#3186,#3187,#3188),
 .UNSPECIFIED.,.F.,.F.,(4,2,4),(-0.0678796621707967,-0.0565737761633824,
-0.0452678901559681),.UNSPECIFIED.);
#21=B_SPLINE_CURVE_WITH_KNOTS('',3,(#3215,#3216,#3217,#3218,#3219,#3220,
#3221,#3222,#3223,#3224),.UNSPECIFIED.,.F.,.F.,(4,2,2,2,4),(0.0451885158587543,
0.0505056083833613,0.0594889949532908,0.0676821281497766,0.0696946793014967),
 .UNSPECIFIED.);
#22=B_SPLINE_CURVE_WITH_KNOTS('',3,(#3228,#3229,#3230,#3231,#3232,#3233,
#3234,#3235),.UNSPECIFIED.,.F.,.F.,(4,2,2,4),(-0.0702971485765587,-0.0702697363981236,
-0.0588259056270634,-0.0473820748560032),.UNSPECIFIED.);
#23=B_SPLINE_CURVE_WITH_KNOTS('',3,(#3270,#3271,#3272,#3273,#3274,#3275,
#3276,#3277),.UNSPECIFIED.,.F.,.F.,(4,2,2,4),(0.140291809576449,0.151735640347509,
0.163179471118569,0.163206883297004),.UNSPECIFIED.);
#24=B_SPLINE_CURVE_WITH_KNOTS('',3,(#3281,#3282,#3283,#3284,#3285,#3286,
#3287,#3288,#3289,#3290),.UNSPECIFIED.,.F.,.F.,(4,2,2,2,4),(0.298922103082444,
0.300934654234164,0.30912778743065,0.31811117400058,0.323428266525187),
 .UNSPECIFIED.);
#25=ELLIPSE('',#2107,1.42835569799683,1.01);
#26=ELLIPSE('',#2108,7.41757168098101,5.24501523555897);
#27=ELLIPSE('',#2109,6.71046489979446,4.74501523555897);
#28=ELLIPSE('',#2110,1.7819090885901,1.26);
#29=ELLIPSE('',#2111,0.721248916810279,0.51);
#30=ELLIPSE('',#2116,0.721248916810279,0.51);
#31=ELLIPSE('',#2117,1.7819090885901,1.26);
#32=ELLIPSE('',#2118,6.71046489979446,4.74501523555897);
#33=ELLIPSE('',#2119,7.41757168098101,5.24501523555897);
#34=ELLIPSE('',#2120,1.42835569799683,1.01);
#35=ELLIPSE('',#2141,0.721248916810279,0.51);
#36=ELLIPSE('',#2165,0.721248916810279,0.51);
#37=ELLIPSE('',#2210,1.42835569799683,1.01);
#38=ELLIPSE('',#2217,1.42835569799683,1.01);
#39=CYLINDRICAL_SURFACE('',#2072,0.2);
#40=CYLINDRICAL_SURFACE('',#2082,0.2);
#41=CYLINDRICAL_SURFACE('',#2085,0.2);
#42=CYLINDRICAL_SURFACE('',#2087,0.2);
#43=CYLINDRICAL_SURFACE('',#2091,0.3);
#44=CYLINDRICAL_SURFACE('',#2097,0.3);
#45=CYLINDRICAL_SURFACE('',#2103,0.3);
#46=CYLINDRICAL_SURFACE('',#2112,0.3);
#47=CYLINDRICAL_SURFACE('',#2121,0.3);
#48=CYLINDRICAL_SURFACE('',#2122,4.74501523555897);
#49=CYLINDRICAL_SURFACE('',#2127,0.3);
#50=CYLINDRICAL_SURFACE('',#2128,4.74501523555897);
#51=CYLINDRICAL_SURFACE('',#2137,0.3);
#52=CYLINDRICAL_SURFACE('',#2138,0.51);
#53=CYLINDRICAL_SURFACE('',#2152,0.3);
#54=CYLINDRICAL_SURFACE('',#2164,0.51);
#55=CYLINDRICAL_SURFACE('',#2167,1.26);
#56=CYLINDRICAL_SURFACE('',#2169,1.26);
#57=CYLINDRICAL_SURFACE('',#2171,1.26);
#58=CYLINDRICAL_SURFACE('',#2174,2.79);
#59=CYLINDRICAL_SURFACE('',#2176,1.26);
#60=CYLINDRICAL_SURFACE('',#2184,2.79);
#61=CYLINDRICAL_SURFACE('',#2185,1.);
#62=CYLINDRICAL_SURFACE('',#2188,1.);
#63=CYLINDRICAL_SURFACE('',#2190,1.);
#64=CYLINDRICAL_SURFACE('',#2192,1.);
#65=CYLINDRICAL_SURFACE('',#2195,0.51);
#66=CYLINDRICAL_SURFACE('',#2197,3.29);
#67=CYLINDRICAL_SURFACE('',#2207,0.51);
#68=CYLINDRICAL_SURFACE('',#2209,1.01);
#69=CYLINDRICAL_SURFACE('',#2212,5.24501523555897);
#70=CYLINDRICAL_SURFACE('',#2218,1.01);
#71=CYLINDRICAL_SURFACE('',#2220,3.24);
#72=CYLINDRICAL_SURFACE('',#2236,3.24);
#73=CYLINDRICAL_SURFACE('',#2247,0.76);
#74=CYLINDRICAL_SURFACE('',#2253,0.76);
#75=CYLINDRICAL_SURFACE('',#2255,1.);
#76=CYLINDRICAL_SURFACE('',#2259,0.5);
#77=CYLINDRICAL_SURFACE('',#2261,0.76);
#78=CYLINDRICAL_SURFACE('',#2267,0.76);
#79=CYLINDRICAL_SURFACE('',#2272,1.);
#80=CYLINDRICAL_SURFACE('',#2273,0.5);
#81=CYLINDRICAL_SURFACE('',#2280,1.29);
#82=CYLINDRICAL_SURFACE('',#2282,0.79);
#83=CYLINDRICAL_SURFACE('',#2284,3.29);
#84=CYLINDRICAL_SURFACE('',#2285,5.24501523555897);
#85=CYLINDRICAL_SURFACE('',#2288,1.29);
#86=CYLINDRICAL_SURFACE('',#2290,0.79);
#87=FACE_OUTER_BOUND('',#193,.T.);
#88=FACE_OUTER_BOUND('',#194,.T.);
#89=FACE_OUTER_BOUND('',#195,.T.);
#90=FACE_OUTER_BOUND('',#196,.T.);
#91=FACE_OUTER_BOUND('',#197,.T.);
#92=FACE_OUTER_BOUND('',#198,.T.);
#93=FACE_OUTER_BOUND('',#199,.T.);
#94=FACE_OUTER_BOUND('',#200,.T.);
#95=FACE_OUTER_BOUND('',#201,.T.);
#96=FACE_OUTER_BOUND('',#202,.T.);
#97=FACE_OUTER_BOUND('',#203,.T.);
#98=FACE_OUTER_BOUND('',#204,.T.);
#99=FACE_OUTER_BOUND('',#205,.T.);
#100=FACE_OUTER_BOUND('',#206,.T.);
#101=FACE_OUTER_BOUND('',#207,.T.);
#102=FACE_OUTER_BOUND('',#208,.T.);
#103=FACE_OUTER_BOUND('',#209,.T.);
#104=FACE_OUTER_BOUND('',#210,.T.);
#105=FACE_OUTER_BOUND('',#211,.T.);
#106=FACE_OUTER_BOUND('',#212,.T.);
#107=FACE_OUTER_BOUND('',#213,.T.);
#108=FACE_OUTER_BOUND('',#214,.T.);
#109=FACE_OUTER_BOUND('',#215,.T.);
#110=FACE_OUTER_BOUND('',#216,.T.);
#111=FACE_OUTER_BOUND('',#217,.T.);
#112=FACE_OUTER_BOUND('',#218,.T.);
#113=FACE_OUTER_BOUND('',#219,.T.);
#114=FACE_OUTER_BOUND('',#220,.T.);
#115=FACE_OUTER_BOUND('',#221,.T.);
#116=FACE_OUTER_BOUND('',#222,.T.);
#117=FACE_OUTER_BOUND('',#223,.T.);
#118=FACE_OUTER_BOUND('',#224,.T.);
#119=FACE_OUTER_BOUND('',#225,.T.);
#120=FACE_OUTER_BOUND('',#226,.T.);
#121=FACE_OUTER_BOUND('',#227,.T.);
#122=FACE_OUTER_BOUND('',#228,.T.);
#123=FACE_OUTER_BOUND('',#229,.T.);
#124=FACE_OUTER_BOUND('',#230,.T.);
#125=FACE_OUTER_BOUND('',#231,.T.);
#126=FACE_OUTER_BOUND('',#232,.T.);
#127=FACE_OUTER_BOUND('',#233,.T.);
#128=FACE_OUTER_BOUND('',#234,.T.);
#129=FACE_OUTER_BOUND('',#235,.T.);
#130=FACE_OUTER_BOUND('',#236,.T.);
#131=FACE_OUTER_BOUND('',#237,.T.);
#132=FACE_OUTER_BOUND('',#238,.T.);
#133=FACE_OUTER_BOUND('',#239,.T.);
#134=FACE_OUTER_BOUND('',#240,.T.);
#135=FACE_OUTER_BOUND('',#241,.T.);
#136=FACE_OUTER_BOUND('',#242,.T.);
#137=FACE_OUTER_BOUND('',#243,.T.);
#138=FACE_OUTER_BOUND('',#246,.T.);
#139=FACE_OUTER_BOUND('',#247,.T.);
#140=FACE_OUTER_BOUND('',#248,.T.);
#141=FACE_OUTER_BOUND('',#249,.T.);
#142=FACE_OUTER_BOUND('',#250,.T.);
#143=FACE_OUTER_BOUND('',#251,.T.);
#144=FACE_OUTER_BOUND('',#252,.T.);
#145=FACE_OUTER_BOUND('',#253,.T.);
#146=FACE_OUTER_BOUND('',#254,.T.);
#147=FACE_OUTER_BOUND('',#255,.T.);
#148=FACE_OUTER_BOUND('',#256,.T.);
#149=FACE_OUTER_BOUND('',#257,.T.);
#150=FACE_OUTER_BOUND('',#258,.T.);
#151=FACE_OUTER_BOUND('',#259,.T.);
#152=FACE_OUTER_BOUND('',#260,.T.);
#153=FACE_OUTER_BOUND('',#261,.T.);
#154=FACE_OUTER_BOUND('',#262,.T.);
#155=FACE_OUTER_BOUND('',#263,.T.);
#156=FACE_OUTER_BOUND('',#264,.T.);
#157=FACE_OUTER_BOUND('',#265,.T.);
#158=FACE_OUTER_BOUND('',#266,.T.);
#159=FACE_OUTER_BOUND('',#267,.T.);
#160=FACE_OUTER_BOUND('',#268,.T.);
#161=FACE_OUTER_BOUND('',#269,.T.);
#162=FACE_OUTER_BOUND('',#270,.T.);
#163=FACE_OUTER_BOUND('',#271,.T.);
#164=FACE_OUTER_BOUND('',#272,.T.);
#165=FACE_OUTER_BOUND('',#273,.T.);
#166=FACE_OUTER_BOUND('',#274,.T.);
#167=FACE_OUTER_BOUND('',#275,.T.);
#168=FACE_OUTER_BOUND('',#276,.T.);
#169=FACE_OUTER_BOUND('',#277,.T.);
#170=FACE_OUTER_BOUND('',#278,.T.);
#171=FACE_OUTER_BOUND('',#279,.T.);
#172=FACE_OUTER_BOUND('',#280,.T.);
#173=FACE_OUTER_BOUND('',#281,.T.);
#174=FACE_OUTER_BOUND('',#282,.T.);
#175=FACE_OUTER_BOUND('',#283,.T.);
#176=FACE_OUTER_BOUND('',#284,.T.);
#177=FACE_OUTER_BOUND('',#285,.T.);
#178=FACE_OUTER_BOUND('',#286,.T.);
#179=FACE_OUTER_BOUND('',#287,.T.);
#180=FACE_OUTER_BOUND('',#288,.T.);
#181=FACE_OUTER_BOUND('',#289,.T.);
#182=FACE_OUTER_BOUND('',#290,.T.);
#183=FACE_OUTER_BOUND('',#291,.T.);
#184=FACE_OUTER_BOUND('',#292,.T.);
#185=FACE_OUTER_BOUND('',#293,.T.);
#186=FACE_OUTER_BOUND('',#294,.T.);
#187=FACE_OUTER_BOUND('',#295,.T.);
#188=FACE_OUTER_BOUND('',#296,.T.);
#189=FACE_OUTER_BOUND('',#297,.T.);
#190=FACE_OUTER_BOUND('',#298,.T.);
#191=FACE_OUTER_BOUND('',#299,.T.);
#192=FACE_OUTER_BOUND('',#300,.T.);
#193=EDGE_LOOP('',(#1269,#1270,#1271,#1272,#1273,#1274,#1275,#1276,#1277,
#1278,#1279,#1280,#1281,#1282,#1283,#1284,#1285,#1286,#1287,#1288));
#194=EDGE_LOOP('',(#1289,#1290,#1291,#1292));
#195=EDGE_LOOP('',(#1293,#1294,#1295,#1296));
#196=EDGE_LOOP('',(#1297,#1298,#1299,#1300));
#197=EDGE_LOOP('',(#1301,#1302,#1303,#1304,#1305,#1306));
#198=EDGE_LOOP('',(#1307,#1308,#1309,#1310,#1311,#1312,#1313,#1314,#1315,
#1316,#1317,#1318,#1319,#1320,#1321,#1322,#1323,#1324,#1325,#1326));
#199=EDGE_LOOP('',(#1327,#1328,#1329,#1330));
#200=EDGE_LOOP('',(#1331,#1332,#1333,#1334));
#201=EDGE_LOOP('',(#1335,#1336,#1337,#1338));
#202=EDGE_LOOP('',(#1339,#1340,#1341,#1342));
#203=EDGE_LOOP('',(#1343,#1344,#1345,#1346));
#204=EDGE_LOOP('',(#1347,#1348,#1349,#1350));
#205=EDGE_LOOP('',(#1351,#1352,#1353,#1354));
#206=EDGE_LOOP('',(#1355,#1356,#1357,#1358,#1359,#1360));
#207=EDGE_LOOP('',(#1361,#1362,#1363,#1364));
#208=EDGE_LOOP('',(#1365,#1366,#1367,#1368));
#209=EDGE_LOOP('',(#1369,#1370,#1371,#1372,#1373,#1374));
#210=EDGE_LOOP('',(#1375,#1376,#1377,#1378));
#211=EDGE_LOOP('',(#1379,#1380,#1381,#1382));
#212=EDGE_LOOP('',(#1383,#1384,#1385,#1386,#1387,#1388));
#213=EDGE_LOOP('',(#1389,#1390,#1391,#1392));
#214=EDGE_LOOP('',(#1393,#1394,#1395,#1396,#1397,#1398));
#215=EDGE_LOOP('',(#1399,#1400,#1401,#1402,#1403,#1404,#1405,#1406,#1407));
#216=EDGE_LOOP('',(#1408,#1409,#1410,#1411));
#217=EDGE_LOOP('',(#1412,#1413,#1414,#1415,#1416,#1417));
#218=EDGE_LOOP('',(#1418,#1419,#1420,#1421,#1422,#1423,#1424,#1425,#1426));
#219=EDGE_LOOP('',(#1427,#1428,#1429,#1430));
#220=EDGE_LOOP('',(#1431,#1432,#1433,#1434,#1435,#1436,#1437,#1438));
#221=EDGE_LOOP('',(#1439,#1440,#1441,#1442));
#222=EDGE_LOOP('',(#1443,#1444,#1445,#1446,#1447,#1448,#1449,#1450));
#223=EDGE_LOOP('',(#1451,#1452,#1453,#1454,#1455,#1456,#1457,#1458,#1459,
#1460));
#224=EDGE_LOOP('',(#1461,#1462,#1463,#1464));
#225=EDGE_LOOP('',(#1465,#1466,#1467,#1468,#1469,#1470,#1471,#1472));
#226=EDGE_LOOP('',(#1473,#1474,#1475,#1476,#1477,#1478,#1479,#1480,#1481,
#1482,#1483,#1484,#1485,#1486,#1487,#1488));
#227=EDGE_LOOP('',(#1489,#1490,#1491,#1492));
#228=EDGE_LOOP('',(#1493,#1494,#1495,#1496,#1497,#1498,#1499,#1500,#1501,
#1502,#1503,#1504,#1505,#1506,#1507,#1508));
#229=EDGE_LOOP('',(#1509,#1510,#1511,#1512,#1513,#1514,#1515,#1516));
#230=EDGE_LOOP('',(#1517,#1518,#1519,#1520));
#231=EDGE_LOOP('',(#1521,#1522,#1523,#1524));
#232=EDGE_LOOP('',(#1525,#1526,#1527,#1528,#1529));
#233=EDGE_LOOP('',(#1530,#1531,#1532,#1533));
#234=EDGE_LOOP('',(#1534,#1535,#1536,#1537,#1538));
#235=EDGE_LOOP('',(#1539,#1540,#1541,#1542,#1543,#1544,#1545,#1546,#1547,
#1548));
#236=EDGE_LOOP('',(#1549,#1550,#1551,#1552));
#237=EDGE_LOOP('',(#1553,#1554,#1555,#1556,#1557));
#238=EDGE_LOOP('',(#1558,#1559,#1560,#1561));
#239=EDGE_LOOP('',(#1562,#1563,#1564,#1565,#1566));
#240=EDGE_LOOP('',(#1567,#1568,#1569,#1570));
#241=EDGE_LOOP('',(#1571,#1572,#1573,#1574,#1575,#1576));
#242=EDGE_LOOP('',(#1577,#1578,#1579,#1580));
#243=EDGE_LOOP('',(#1581,#1582,#1583,#1584));
#244=EDGE_LOOP('',(#1585,#1586,#1587,#1588,#1589,#1590));
#245=EDGE_LOOP('',(#1591,#1592,#1593,#1594,#1595,#1596,#1597,#1598,#1599,
#1600));
#246=EDGE_LOOP('',(#1601,#1602,#1603,#1604));
#247=EDGE_LOOP('',(#1605,#1606,#1607,#1608,#1609,#1610));
#248=EDGE_LOOP('',(#1611,#1612,#1613,#1614,#1615,#1616,#1617,#1618));
#249=EDGE_LOOP('',(#1619,#1620,#1621,#1622,#1623,#1624));
#250=EDGE_LOOP('',(#1625,#1626,#1627,#1628,#1629,#1630));
#251=EDGE_LOOP('',(#1631,#1632,#1633,#1634,#1635,#1636));
#252=EDGE_LOOP('',(#1637,#1638,#1639,#1640,#1641,#1642,#1643,#1644));
#253=EDGE_LOOP('',(#1645,#1646,#1647,#1648,#1649,#1650,#1651,#1652,#1653,
#1654));
#254=EDGE_LOOP('',(#1655,#1656,#1657,#1658));
#255=EDGE_LOOP('',(#1659,#1660,#1661,#1662));
#256=EDGE_LOOP('',(#1663,#1664,#1665,#1666));
#257=EDGE_LOOP('',(#1667,#1668,#1669,#1670));
#258=EDGE_LOOP('',(#1671,#1672,#1673,#1674));
#259=EDGE_LOOP('',(#1675,#1676,#1677,#1678));
#260=EDGE_LOOP('',(#1679,#1680,#1681,#1682));
#261=EDGE_LOOP('',(#1683,#1684,#1685,#1686));
#262=EDGE_LOOP('',(#1687,#1688,#1689,#1690));
#263=EDGE_LOOP('',(#1691,#1692,#1693,#1694));
#264=EDGE_LOOP('',(#1695,#1696,#1697,#1698,#1699,#1700));
#265=EDGE_LOOP('',(#1701,#1702,#1703,#1704));
#266=EDGE_LOOP('',(#1705,#1706,#1707,#1708));
#267=EDGE_LOOP('',(#1709,#1710,#1711,#1712));
#268=EDGE_LOOP('',(#1713,#1714,#1715,#1716));
#269=EDGE_LOOP('',(#1717,#1718,#1719,#1720));
#270=EDGE_LOOP('',(#1721,#1722,#1723,#1724));
#271=EDGE_LOOP('',(#1725,#1726,#1727,#1728));
#272=EDGE_LOOP('',(#1729,#1730,#1731,#1732));
#273=EDGE_LOOP('',(#1733,#1734,#1735,#1736,#1737,#1738));
#274=EDGE_LOOP('',(#1739,#1740,#1741,#1742));
#275=EDGE_LOOP('',(#1743,#1744,#1745,#1746));
#276=EDGE_LOOP('',(#1747,#1748,#1749,#1750));
#277=EDGE_LOOP('',(#1751,#1752,#1753,#1754,#1755,#1756));
#278=EDGE_LOOP('',(#1757,#1758,#1759,#1760));
#279=EDGE_LOOP('',(#1761,#1762,#1763,#1764,#1765,#1766));
#280=EDGE_LOOP('',(#1767,#1768,#1769,#1770));
#281=EDGE_LOOP('',(#1771,#1772,#1773,#1774));
#282=EDGE_LOOP('',(#1775,#1776,#1777,#1778,#1779,#1780));
#283=EDGE_LOOP('',(#1781,#1782,#1783,#1784));
#284=EDGE_LOOP('',(#1785,#1786,#1787,#1788,#1789,#1790));
#285=EDGE_LOOP('',(#1791,#1792,#1793,#1794));
#286=EDGE_LOOP('',(#1795,#1796,#1797,#1798));
#287=EDGE_LOOP('',(#1799,#1800,#1801,#1802,#1803,#1804));
#288=EDGE_LOOP('',(#1805,#1806,#1807,#1808));
#289=EDGE_LOOP('',(#1809,#1810,#1811,#1812,#1813,#1814,#1815,#1816,#1817,
#1818));
#290=EDGE_LOOP('',(#1819,#1820,#1821,#1822,#1823,#1824));
#291=EDGE_LOOP('',(#1825,#1826,#1827,#1828,#1829,#1830,#1831));
#292=EDGE_LOOP('',(#1832,#1833,#1834,#1835,#1836,#1837));
#293=EDGE_LOOP('',(#1838,#1839,#1840,#1841));
#294=EDGE_LOOP('',(#1842,#1843,#1844,#1845));
#295=EDGE_LOOP('',(#1846,#1847,#1848,#1849));
#296=EDGE_LOOP('',(#1850,#1851,#1852,#1853,#1854,#1855));
#297=EDGE_LOOP('',(#1856,#1857,#1858,#1859,#1860,#1861,#1862));
#298=EDGE_LOOP('',(#1863,#1864,#1865,#1866));
#299=EDGE_LOOP('',(#1867,#1868,#1869,#1870,#1871,#1872,#1873,#1874,#1875,
#1876));
#300=EDGE_LOOP('',(#1877,#1878,#1879,#1880));
#301=CIRCLE('',#2066,0.2);
#302=CIRCLE('',#2067,0.2);
#303=CIRCLE('',#2068,0.2);
#304=CIRCLE('',#2069,0.2);
#305=CIRCLE('',#2073,0.2);
#306=CIRCLE('',#2075,1.);
#307=CIRCLE('',#2076,0.5);
#308=CIRCLE('',#2078,0.2);
#309=CIRCLE('',#2079,0.2);
#310=CIRCLE('',#2080,0.2);
#311=CIRCLE('',#2089,1.);
#312=CIRCLE('',#2090,0.5);
#313=CIRCLE('',#2092,0.3);
#314=CIRCLE('',#2093,0.30000001300426);
#315=CIRCLE('',#2096,0.30000001300426);
#316=CIRCLE('',#2098,0.30000001300426);
#317=CIRCLE('',#2099,0.3);
#318=CIRCLE('',#2102,0.3);
#319=CIRCLE('',#2104,0.3);
#320=CIRCLE('',#2113,0.30000001300426);
#321=CIRCLE('',#2123,4.74501523555897);
#322=CIRCLE('',#2124,4.74501523555897);
#323=CIRCLE('',#2125,4.74501523555897);
#324=CIRCLE('',#2126,4.74501523555897);
#325=CIRCLE('',#2129,4.74501523555897);
#326=CIRCLE('',#2130,4.74501523555897);
#327=CIRCLE('',#2131,4.74501523555897);
#328=CIRCLE('',#2132,4.74501523555897);
#329=CIRCLE('',#2134,5.24501523555897);
#330=CIRCLE('',#2135,0.79);
#331=CIRCLE('',#2136,1.29);
#332=CIRCLE('',#2139,0.51);
#333=CIRCLE('',#2140,0.51);
#334=CIRCLE('',#2143,1.01);
#335=CIRCLE('',#2144,1.26);
#336=CIRCLE('',#2145,2.79);
#337=CIRCLE('',#2146,1.);
#338=CIRCLE('',#2147,1.);
#339=CIRCLE('',#2148,0.79);
#340=CIRCLE('',#2149,1.29);
#341=CIRCLE('',#2150,0.51);
#342=CIRCLE('',#2151,3.29);
#343=CIRCLE('',#2154,0.51);
#344=CIRCLE('',#2155,3.29);
#345=CIRCLE('',#2156,0.51);
#346=CIRCLE('',#2157,1.29);
#347=CIRCLE('',#2158,0.79);
#348=CIRCLE('',#2159,1.);
#349=CIRCLE('',#2160,1.);
#350=CIRCLE('',#2161,2.79);
#351=CIRCLE('',#2162,1.26);
#352=CIRCLE('',#2163,1.01);
#353=CIRCLE('',#2166,0.51);
#354=CIRCLE('',#2168,1.26);
#355=CIRCLE('',#2170,1.26);
#356=CIRCLE('',#2172,1.26);
#357=CIRCLE('',#2173,1.26);
#358=CIRCLE('',#2175,2.79);
#359=CIRCLE('',#2177,1.26);
#360=CIRCLE('',#2178,1.26);
#361=CIRCLE('',#2180,2.79);
#362=CIRCLE('',#2181,1.);
#363=CIRCLE('',#2182,0.51);
#364=CIRCLE('',#2183,3.29);
#365=CIRCLE('',#2186,1.);
#366=CIRCLE('',#2187,1.);
#367=CIRCLE('',#2189,1.);
#368=CIRCLE('',#2191,1.);
#369=CIRCLE('',#2193,1.);
#370=CIRCLE('',#2196,0.51);
#371=CIRCLE('',#2198,3.29);
#372=CIRCLE('',#2199,3.29);
#373=CIRCLE('',#2200,3.29);
#374=CIRCLE('',#2201,3.29);
#375=CIRCLE('',#2202,3.29);
#376=CIRCLE('',#2203,3.29);
#377=CIRCLE('',#2204,3.29);
#378=CIRCLE('',#2205,3.29);
#379=CIRCLE('',#2206,3.29);
#380=CIRCLE('',#2211,1.01);
#381=CIRCLE('',#2213,5.24501523555897);
#382=CIRCLE('',#2214,5.24501523555897);
#383=CIRCLE('',#2219,1.01);
#384=CIRCLE('',#2221,3.24);
#385=CIRCLE('',#2222,3.24);
#386=CIRCLE('',#2223,3.24);
#387=CIRCLE('',#2224,3.24);
#388=CIRCLE('',#2225,3.24);
#389=CIRCLE('',#2237,3.24);
#390=CIRCLE('',#2238,3.24);
#391=CIRCLE('',#2239,3.24);
#392=CIRCLE('',#2248,0.76);
#393=CIRCLE('',#2249,0.76);
#394=CIRCLE('',#2251,0.76);
#395=CIRCLE('',#2254,0.76);
#396=CIRCLE('',#2256,1.);
#397=CIRCLE('',#2258,0.5);
#398=CIRCLE('',#2262,0.76);
#399=CIRCLE('',#2263,0.76);
#400=CIRCLE('',#2266,0.76);
#401=CIRCLE('',#2268,0.76);
#402=CIRCLE('',#2270,0.5);
#403=CIRCLE('',#2271,1.);
#404=CIRCLE('',#2281,1.29);
#405=CIRCLE('',#2283,0.79);
#406=CIRCLE('',#2286,5.24501523555897);
#407=LINE('',#2927,#585);
#408=LINE('',#2931,#586);
#409=LINE('',#2935,#587);
#410=LINE('',#2937,#588);
#411=LINE('',#2939,#589);
#412=LINE('',#2941,#590);
#413=LINE('',#2943,#591);
#414=LINE('',#2947,#592);
#415=LINE('',#2951,#593);
#416=LINE('',#2953,#594);
#417=LINE('',#2955,#595);
#418=LINE('',#2957,#596);
#419=LINE('',#2959,#597);
#420=LINE('',#2961,#598);
#421=LINE('',#2963,#599);
#422=LINE('',#2964,#600);
#423=LINE('',#2967,#601);
#424=LINE('',#2969,#602);
#425=LINE('',#2970,#603);
#426=LINE('',#2973,#604);
#427=LINE('',#2974,#605);
#428=LINE('',#2978,#606);
#429=LINE('',#2983,#607);
#430=LINE('',#2985,#608);
#431=LINE('',#2987,#609);
#432=LINE('',#2991,#610);
#433=LINE('',#2993,#611);
#434=LINE('',#2995,#612);
#435=LINE('',#2997,#613);
#436=LINE('',#2999,#614);
#437=LINE('',#3001,#615);
#438=LINE('',#3003,#616);
#439=LINE('',#3007,#617);
#440=LINE('',#3011,#618);
#441=LINE('',#3013,#619);
#442=LINE('',#3015,#620);
#443=LINE('',#3017,#621);
#444=LINE('',#3019,#622);
#445=LINE('',#3022,#623);
#446=LINE('',#3024,#624);
#447=LINE('',#3025,#625);
#448=LINE('',#3027,#626);
#449=LINE('',#3029,#627);
#450=LINE('',#3030,#628);
#451=LINE('',#3032,#629);
#452=LINE('',#3034,#630);
#453=LINE('',#3036,#631);
#454=LINE('',#3037,#632);
#455=LINE('',#3039,#633);
#456=LINE('',#3044,#634);
#457=LINE('',#3046,#635);
#458=LINE('',#3048,#636);
#459=LINE('',#3055,#637);
#460=LINE('',#3058,#638);
#461=LINE('',#3061,#639);
#462=LINE('',#3063,#640);
#463=LINE('',#3064,#641);
#464=LINE('',#3067,#642);
#465=LINE('',#3069,#643);
#466=LINE('',#3071,#644);
#467=LINE('',#3078,#645);
#468=LINE('',#3081,#646);
#469=LINE('',#3084,#647);
#470=LINE('',#3086,#648);
#471=LINE('',#3087,#649);
#472=LINE('',#3090,#650);
#473=LINE('',#3092,#651);
#474=LINE('',#3094,#652);
#475=LINE('',#3098,#653);
#476=LINE('',#3102,#654);
#477=LINE('',#3104,#655);
#478=LINE('',#3105,#656);
#479=LINE('',#3112,#657);
#480=LINE('',#3120,#658);
#481=LINE('',#3124,#659);
#482=LINE('',#3126,#660);
#483=LINE('',#3127,#661);
#484=LINE('',#3136,#662);
#485=LINE('',#3159,#663);
#486=LINE('',#3162,#664);
#487=LINE('',#3170,#665);
#488=LINE('',#3189,#666);
#489=LINE('',#3194,#667);
#490=LINE('',#3201,#668);
#491=LINE('',#3206,#669);
#492=LINE('',#3208,#670);
#493=LINE('',#3211,#671);
#494=LINE('',#3226,#672);
#495=LINE('',#3236,#673);
#496=LINE('',#3241,#674);
#497=LINE('',#3244,#675);
#498=LINE('',#3258,#676);
#499=LINE('',#3263,#677);
#500=LINE('',#3279,#678);
#501=LINE('',#3291,#679);
#502=LINE('',#3300,#680);
#503=LINE('',#3302,#681);
#504=LINE('',#3306,#682);
#505=LINE('',#3319,#683);
#506=LINE('',#3322,#684);
#507=LINE('',#3330,#685);
#508=LINE('',#3332,#686);
#509=LINE('',#3337,#687);
#510=LINE('',#3340,#688);
#511=LINE('',#3344,#689);
#512=LINE('',#3350,#690);
#513=LINE('',#3355,#691);
#514=LINE('',#3360,#692);
#515=LINE('',#3364,#693);
#516=LINE('',#3367,#694);
#517=LINE('',#3372,#695);
#518=LINE('',#3375,#696);
#519=LINE('',#3376,#697);
#520=LINE('',#3377,#698);
#521=LINE('',#3382,#699);
#522=LINE('',#3383,#700);
#523=LINE('',#3388,#701);
#524=LINE('',#3392,#702);
#525=LINE('',#3396,#703);
#526=LINE('',#3402,#704);
#527=LINE('',#3406,#705);
#528=LINE('',#3410,#706);
#529=LINE('',#3414,#707);
#530=LINE('',#3417,#708);
#531=LINE('',#3419,#709);
#532=LINE('',#3420,#710);
#533=LINE('',#3422,#711);
#534=LINE('',#3426,#712);
#535=LINE('',#3432,#713);
#536=LINE('',#3440,#714);
#537=LINE('',#3446,#715);
#538=LINE('',#3450,#716);
#539=LINE('',#3454,#717);
#540=LINE('',#3458,#718);
#541=LINE('',#3461,#719);
#542=LINE('',#3463,#720);
#543=LINE('',#3464,#721);
#544=LINE('',#3466,#722);
#545=LINE('',#3468,#723);
#546=LINE('',#3470,#724);
#547=LINE('',#3472,#725);
#548=LINE('',#3474,#726);
#549=LINE('',#3476,#727);
#550=LINE('',#3478,#728);
#551=LINE('',#3480,#729);
#552=LINE('',#3485,#730);
#553=LINE('',#3489,#731);
#554=LINE('',#3493,#732);
#555=LINE('',#3496,#733);
#556=LINE('',#3497,#734);
#557=LINE('',#3499,#735);
#558=LINE('',#3501,#736);
#559=LINE('',#3503,#737);
#560=LINE('',#3505,#738);
#561=LINE('',#3513,#739);
#562=LINE('',#3516,#740);
#563=LINE('',#3519,#741);
#564=LINE('',#3522,#742);
#565=LINE('',#3523,#743);
#566=LINE('',#3526,#744);
#567=LINE('',#3527,#745);
#568=LINE('',#3535,#746);
#569=LINE('',#3537,#747);
#570=LINE('',#3544,#748);
#571=LINE('',#3547,#749);
#572=LINE('',#3549,#750);
#573=LINE('',#3550,#751);
#574=LINE('',#3553,#752);
#575=LINE('',#3555,#753);
#576=LINE('',#3559,#754);
#577=LINE('',#3564,#755);
#578=LINE('',#3568,#756);
#579=LINE('',#3572,#757);
#580=LINE('',#3574,#758);
#581=LINE('',#3576,#759);
#582=LINE('',#3577,#760);
#583=LINE('',#3581,#761);
#584=LINE('',#3582,#762);
#585=VECTOR('',#2295,10.);
#586=VECTOR('',#2298,10.);
#587=VECTOR('',#2301,10.);
#588=VECTOR('',#2302,10.);
#589=VECTOR('',#2303,1.29);
#590=VECTOR('',#2304,10.);
#591=VECTOR('',#2305,10.);
#592=VECTOR('',#2308,10.);
#593=VECTOR('',#2311,10.);
#594=VECTOR('',#2312,10.);
#595=VECTOR('',#2313,10.);
#596=VECTOR('',#2314,10.);
#597=VECTOR('',#2315,1.29);
#598=VECTOR('',#2316,10.);
#599=VECTOR('',#2317,10.);
#600=VECTOR('',#2318,10.);
#601=VECTOR('',#2321,10.);
#602=VECTOR('',#2322,10.);
#603=VECTOR('',#2323,10.);
#604=VECTOR('',#2326,10.);
#605=VECTOR('',#2327,10.);
#606=VECTOR('',#2332,10.);
#607=VECTOR('',#2337,10.);
#608=VECTOR('',#2338,10.);
#609=VECTOR('',#2339,10.);
#610=VECTOR('',#2344,10.);
#611=VECTOR('',#2345,10.);
#612=VECTOR('',#2346,0.79);
#613=VECTOR('',#2347,10.);
#614=VECTOR('',#2348,10.);
#615=VECTOR('',#2349,10.);
#616=VECTOR('',#2350,10.);
#617=VECTOR('',#2353,10.);
#618=VECTOR('',#2356,10.);
#619=VECTOR('',#2357,10.);
#620=VECTOR('',#2358,0.79);
#621=VECTOR('',#2359,10.);
#622=VECTOR('',#2360,10.);
#623=VECTOR('',#2363,10.);
#624=VECTOR('',#2366,10.);
#625=VECTOR('',#2367,10.);
#626=VECTOR('',#2370,10.);
#627=VECTOR('',#2373,10.);
#628=VECTOR('',#2374,10.);
#629=VECTOR('',#2377,10.);
#630=VECTOR('',#2380,10.);
#631=VECTOR('',#2383,10.);
#632=VECTOR('',#2384,10.);
#633=VECTOR('',#2387,10.);
#634=VECTOR('',#2392,10.);
#635=VECTOR('',#2393,10.);
#636=VECTOR('',#2394,10.);
#637=VECTOR('',#2401,10.);
#638=VECTOR('',#2404,10.);
#639=VECTOR('',#2407,10.);
#640=VECTOR('',#2408,10.);
#641=VECTOR('',#2409,10.);
#642=VECTOR('',#2412,10.);
#643=VECTOR('',#2413,10.);
#644=VECTOR('',#2414,10.);
#645=VECTOR('',#2421,10.);
#646=VECTOR('',#2424,10.);
#647=VECTOR('',#2427,10.);
#648=VECTOR('',#2428,10.);
#649=VECTOR('',#2429,10.);
#650=VECTOR('',#2432,10.);
#651=VECTOR('',#2433,0.51);
#652=VECTOR('',#2434,10.);
#653=VECTOR('',#2439,10.);
#654=VECTOR('',#2444,10.);
#655=VECTOR('',#2445,0.51);
#656=VECTOR('',#2446,10.);
#657=VECTOR('',#2453,10.);
#658=VECTOR('',#2462,10.);
#659=VECTOR('',#2467,10.);
#660=VECTOR('',#2468,10.);
#661=VECTOR('',#2469,10.);
#662=VECTOR('',#2478,10.);
#663=VECTOR('',#2485,10.);
#664=VECTOR('',#2488,10.);
#665=VECTOR('',#2495,10.);
#666=VECTOR('',#2500,10.);
#667=VECTOR('',#2505,10.);
#668=VECTOR('',#2512,10.);
#669=VECTOR('',#2517,10.);
#670=VECTOR('',#2520,10.);
#671=VECTOR('',#2523,10.);
#672=VECTOR('',#2526,10.);
#673=VECTOR('',#2527,10.);
#674=VECTOR('',#2532,0.51);
#675=VECTOR('',#2535,1.26);
#676=VECTOR('',#2550,10.);
#677=VECTOR('',#2555,10.);
#678=VECTOR('',#2562,10.);
#679=VECTOR('',#2563,10.);
#680=VECTOR('',#2572,10.);
#681=VECTOR('',#2575,10.);
#682=VECTOR('',#2578,10.);
#683=VECTOR('',#2593,1.26);
#684=VECTOR('',#2596,0.51);
#685=VECTOR('',#2609,1.26);
#686=VECTOR('',#2610,10.);
#687=VECTOR('',#2617,1.);
#688=VECTOR('',#2620,1.26);
#689=VECTOR('',#2625,10.);
#690=VECTOR('',#2632,10.);
#691=VECTOR('',#2639,1.);
#692=VECTOR('',#2646,1.);
#693=VECTOR('',#2651,1.);
#694=VECTOR('',#2654,1.);
#695=VECTOR('',#2661,1.);
#696=VECTOR('',#2664,10.);
#697=VECTOR('',#2665,0.79);
#698=VECTOR('',#2666,10.);
#699=VECTOR('',#2671,10.);
#700=VECTOR('',#2672,10.);
#701=VECTOR('',#2677,10.);
#702=VECTOR('',#2680,10.);
#703=VECTOR('',#2683,10.);
#704=VECTOR('',#2688,10.);
#705=VECTOR('',#2691,10.);
#706=VECTOR('',#2694,10.);
#707=VECTOR('',#2697,10.);
#708=VECTOR('',#2700,10.);
#709=VECTOR('',#2703,10.);
#710=VECTOR('',#2704,10.);
#711=VECTOR('',#2707,1.29);
#712=VECTOR('',#2712,10.);
#713=VECTOR('',#2719,10.);
#714=VECTOR('',#2732,10.);
#715=VECTOR('',#2737,10.);
#716=VECTOR('',#2740,10.);
#717=VECTOR('',#2743,10.);
#718=VECTOR('',#2746,10.);
#719=VECTOR('',#2749,10.);
#720=VECTOR('',#2752,10.);
#721=VECTOR('',#2753,10.);
#722=VECTOR('',#2756,10.);
#723=VECTOR('',#2759,10.);
#724=VECTOR('',#2762,10.);
#725=VECTOR('',#2765,10.);
#726=VECTOR('',#2768,10.);
#727=VECTOR('',#2771,10.);
#728=VECTOR('',#2774,10.);
#729=VECTOR('',#2777,9.99999999999999);
#730=VECTOR('',#2782,10.);
#731=VECTOR('',#2785,10.);
#732=VECTOR('',#2788,10.);
#733=VECTOR('',#2793,10.);
#734=VECTOR('',#2794,10.);
#735=VECTOR('',#2797,10.);
#736=VECTOR('',#2800,10.);
#737=VECTOR('',#2803,10.);
#738=VECTOR('',#2806,10.);
#739=VECTOR('',#2815,10.);
#740=VECTOR('',#2818,10.);
#741=VECTOR('',#2821,10.);
#742=VECTOR('',#2824,10.);
#743=VECTOR('',#2825,10.);
#744=VECTOR('',#2828,10.);
#745=VECTOR('',#2829,10.);
#746=VECTOR('',#2842,10.);
#747=VECTOR('',#2845,10.);
#748=VECTOR('',#2854,10.);
#749=VECTOR('',#2857,10.);
#750=VECTOR('',#2858,10.);
#751=VECTOR('',#2859,10.);
#752=VECTOR('',#2862,10.);
#753=VECTOR('',#2863,10.);
#754=VECTOR('',#2868,10.);
#755=VECTOR('',#2875,10.);
#756=VECTOR('',#2882,10.);
#757=VECTOR('',#2889,10.);
#758=VECTOR('',#2892,10.);
#759=VECTOR('',#2893,10.);
#760=VECTOR('',#2894,0.79);
#761=VECTOR('',#2899,1.29);
#762=VECTOR('',#2900,10.);
#763=VERTEX_POINT('',#2925);
#764=VERTEX_POINT('',#2926);
#765=VERTEX_POINT('',#2928);
#766=VERTEX_POINT('',#2930);
#767=VERTEX_POINT('',#2932);
#768=VERTEX_POINT('',#2934);
#769=VERTEX_POINT('',#2936);
#770=VERTEX_POINT('',#2938);
#771=VERTEX_POINT('',#2940);
#772=VERTEX_POINT('',#2942);
#773=VERTEX_POINT('',#2944);
#774=VERTEX_POINT('',#2946);
#775=VERTEX_POINT('',#2948);
#776=VERTEX_POINT('',#2950);
#777=VERTEX_POINT('',#2952);
#778=VERTEX_POINT('',#2954);
#779=VERTEX_POINT('',#2956);
#780=VERTEX_POINT('',#2958);
#781=VERTEX_POINT('',#2960);
#782=VERTEX_POINT('',#2962);
#783=VERTEX_POINT('',#2966);
#784=VERTEX_POINT('',#2968);
#785=VERTEX_POINT('',#2972);
#786=VERTEX_POINT('',#2976);
#787=VERTEX_POINT('',#2980);
#788=VERTEX_POINT('',#2982);
#789=VERTEX_POINT('',#2984);
#790=VERTEX_POINT('',#2986);
#791=VERTEX_POINT('',#2990);
#792=VERTEX_POINT('',#2992);
#793=VERTEX_POINT('',#2994);
#794=VERTEX_POINT('',#2996);
#795=VERTEX_POINT('',#2998);
#796=VERTEX_POINT('',#3000);
#797=VERTEX_POINT('',#3002);
#798=VERTEX_POINT('',#3004);
#799=VERTEX_POINT('',#3006);
#800=VERTEX_POINT('',#3008);
#801=VERTEX_POINT('',#3010);
#802=VERTEX_POINT('',#3012);
#803=VERTEX_POINT('',#3014);
#804=VERTEX_POINT('',#3016);
#805=VERTEX_POINT('',#3018);
#806=VERTEX_POINT('',#3020);
#807=VERTEX_POINT('',#3041);
#808=VERTEX_POINT('',#3043);
#809=VERTEX_POINT('',#3045);
#810=VERTEX_POINT('',#3047);
#811=VERTEX_POINT('',#3051);
#812=VERTEX_POINT('',#3052);
#813=VERTEX_POINT('',#3054);
#814=VERTEX_POINT('',#3056);
#815=VERTEX_POINT('',#3060);
#816=VERTEX_POINT('',#3062);
#817=VERTEX_POINT('',#3066);
#818=VERTEX_POINT('',#3068);
#819=VERTEX_POINT('',#3070);
#820=VERTEX_POINT('',#3074);
#821=VERTEX_POINT('',#3075);
#822=VERTEX_POINT('',#3077);
#823=VERTEX_POINT('',#3079);
#824=VERTEX_POINT('',#3083);
#825=VERTEX_POINT('',#3085);
#826=VERTEX_POINT('',#3089);
#827=VERTEX_POINT('',#3091);
#828=VERTEX_POINT('',#3093);
#829=VERTEX_POINT('',#3097);
#830=VERTEX_POINT('',#3101);
#831=VERTEX_POINT('',#3103);
#832=VERTEX_POINT('',#3107);
#833=VERTEX_POINT('',#3109);
#834=VERTEX_POINT('',#3111);
#835=VERTEX_POINT('',#3113);
#836=VERTEX_POINT('',#3115);
#837=VERTEX_POINT('',#3119);
#838=VERTEX_POINT('',#3123);
#839=VERTEX_POINT('',#3125);
#840=VERTEX_POINT('',#3129);
#841=VERTEX_POINT('',#3131);
#842=VERTEX_POINT('',#3133);
#843=VERTEX_POINT('',#3135);
#844=VERTEX_POINT('',#3137);
#845=VERTEX_POINT('',#3141);
#846=VERTEX_POINT('',#3150);
#847=VERTEX_POINT('',#3161);
#848=VERTEX_POINT('',#3163);
#849=VERTEX_POINT('',#3165);
#850=VERTEX_POINT('',#3167);
#851=VERTEX_POINT('',#3169);
#852=VERTEX_POINT('',#3173);
#853=VERTEX_POINT('',#3182);
#854=VERTEX_POINT('',#3191);
#855=VERTEX_POINT('',#3193);
#856=VERTEX_POINT('',#3195);
#857=VERTEX_POINT('',#3197);
#858=VERTEX_POINT('',#3199);
#859=VERTEX_POINT('',#3203);
#860=VERTEX_POINT('',#3205);
#861=VERTEX_POINT('',#3209);
#862=VERTEX_POINT('',#3213);
#863=VERTEX_POINT('',#3214);
#864=VERTEX_POINT('',#3225);
#865=VERTEX_POINT('',#3227);
#866=VERTEX_POINT('',#3238);
#867=VERTEX_POINT('',#3240);
#868=VERTEX_POINT('',#3242);
#869=VERTEX_POINT('',#3247);
#870=VERTEX_POINT('',#3249);
#871=VERTEX_POINT('',#3251);
#872=VERTEX_POINT('',#3253);
#873=VERTEX_POINT('',#3255);
#874=VERTEX_POINT('',#3257);
#875=VERTEX_POINT('',#3260);
#876=VERTEX_POINT('',#3262);
#877=VERTEX_POINT('',#3264);
#878=VERTEX_POINT('',#3268);
#879=VERTEX_POINT('',#3269);
#880=VERTEX_POINT('',#3278);
#881=VERTEX_POINT('',#3280);
#882=VERTEX_POINT('',#3293);
#883=VERTEX_POINT('',#3295);
#884=VERTEX_POINT('',#3297);
#885=VERTEX_POINT('',#3299);
#886=VERTEX_POINT('',#3303);
#887=VERTEX_POINT('',#3305);
#888=VERTEX_POINT('',#3307);
#889=VERTEX_POINT('',#3309);
#890=VERTEX_POINT('',#3311);
#891=VERTEX_POINT('',#3313);
#892=VERTEX_POINT('',#3318);
#893=VERTEX_POINT('',#3320);
#894=VERTEX_POINT('',#3328);
#895=VERTEX_POINT('',#3331);
#896=VERTEX_POINT('',#3335);
#897=VERTEX_POINT('',#3339);
#898=VERTEX_POINT('',#3342);
#899=VERTEX_POINT('',#3346);
#900=VERTEX_POINT('',#3349);
#901=VERTEX_POINT('',#3351);
#902=VERTEX_POINT('',#3358);
#903=VERTEX_POINT('',#3362);
#904=VERTEX_POINT('',#3366);
#905=VERTEX_POINT('',#3370);
#906=VERTEX_POINT('',#3374);
#907=VERTEX_POINT('',#3379);
#908=VERTEX_POINT('',#3380);
#909=VERTEX_POINT('',#3386);
#910=VERTEX_POINT('',#3387);
#911=VERTEX_POINT('',#3389);
#912=VERTEX_POINT('',#3391);
#913=VERTEX_POINT('',#3393);
#914=VERTEX_POINT('',#3395);
#915=VERTEX_POINT('',#3398);
#916=VERTEX_POINT('',#3399);
#917=VERTEX_POINT('',#3401);
#918=VERTEX_POINT('',#3403);
#919=VERTEX_POINT('',#3405);
#920=VERTEX_POINT('',#3407);
#921=VERTEX_POINT('',#3409);
#922=VERTEX_POINT('',#3411);
#923=VERTEX_POINT('',#3413);
#924=VERTEX_POINT('',#3415);
#925=VERTEX_POINT('',#3425);
#926=VERTEX_POINT('',#3429);
#927=VERTEX_POINT('',#3431);
#928=VERTEX_POINT('',#3438);
#929=VERTEX_POINT('',#3442);
#930=VERTEX_POINT('',#3443);
#931=VERTEX_POINT('',#3445);
#932=VERTEX_POINT('',#3447);
#933=VERTEX_POINT('',#3449);
#934=VERTEX_POINT('',#3451);
#935=VERTEX_POINT('',#3453);
#936=VERTEX_POINT('',#3455);
#937=VERTEX_POINT('',#3457);
#938=VERTEX_POINT('',#3459);
#939=VERTEX_POINT('',#3483);
#940=VERTEX_POINT('',#3484);
#941=VERTEX_POINT('',#3486);
#942=VERTEX_POINT('',#3488);
#943=VERTEX_POINT('',#3490);
#944=VERTEX_POINT('',#3492);
#945=VERTEX_POINT('',#3509);
#946=VERTEX_POINT('',#3510);
#947=VERTEX_POINT('',#3512);
#948=VERTEX_POINT('',#3514);
#949=VERTEX_POINT('',#3518);
#950=VERTEX_POINT('',#3521);
#951=VERTEX_POINT('',#3525);
#952=VERTEX_POINT('',#3533);
#953=VERTEX_POINT('',#3540);
#954=VERTEX_POINT('',#3542);
#955=VERTEX_POINT('',#3546);
#956=VERTEX_POINT('',#3548);
#957=VERTEX_POINT('',#3552);
#958=VERTEX_POINT('',#3554);
#959=VERTEX_POINT('',#3558);
#960=VERTEX_POINT('',#3562);
#961=VERTEX_POINT('',#3575);
#962=VERTEX_POINT('',#3580);
#963=EDGE_CURVE('',#763,#764,#407,.T.);
#964=EDGE_CURVE('',#764,#765,#301,.T.);
#965=EDGE_CURVE('',#766,#765,#408,.T.);
#966=EDGE_CURVE('',#766,#767,#302,.T.);
#967=EDGE_CURVE('',#767,#768,#409,.T.);
#968=EDGE_CURVE('',#768,#769,#410,.T.);
#969=EDGE_CURVE('',#769,#770,#411,.T.);
#970=EDGE_CURVE('',#771,#770,#412,.T.);
#971=EDGE_CURVE('',#771,#772,#413,.T.);
#972=EDGE_CURVE('',#772,#773,#303,.T.);
#973=EDGE_CURVE('',#774,#773,#414,.T.);
#974=EDGE_CURVE('',#774,#775,#304,.T.);
#975=EDGE_CURVE('',#775,#776,#415,.T.);
#976=EDGE_CURVE('',#777,#776,#416,.T.);
#977=EDGE_CURVE('',#777,#778,#417,.T.);
#978=EDGE_CURVE('',#779,#778,#418,.T.);
#979=EDGE_CURVE('',#780,#779,#419,.T.);
#980=EDGE_CURVE('',#780,#781,#420,.T.);
#981=EDGE_CURVE('',#781,#782,#421,.T.);
#982=EDGE_CURVE('',#782,#763,#422,.T.);
#983=EDGE_CURVE('',#783,#763,#423,.T.);
#984=EDGE_CURVE('',#784,#783,#424,.T.);
#985=EDGE_CURVE('',#784,#764,#425,.T.);
#986=EDGE_CURVE('',#782,#785,#426,.T.);
#987=EDGE_CURVE('',#785,#783,#427,.T.);
#988=EDGE_CURVE('',#786,#784,#305,.T.);
#989=EDGE_CURVE('',#786,#765,#428,.T.);
#990=EDGE_CURVE('',#787,#786,#306,.T.);
#991=EDGE_CURVE('',#788,#787,#429,.T.);
#992=EDGE_CURVE('',#789,#788,#430,.T.);
#993=EDGE_CURVE('',#790,#789,#431,.T.);
#994=EDGE_CURVE('',#765,#790,#307,.T.);
#995=EDGE_CURVE('',#785,#791,#432,.T.);
#996=EDGE_CURVE('',#792,#791,#433,.T.);
#997=EDGE_CURVE('',#793,#792,#434,.T.);
#998=EDGE_CURVE('',#793,#794,#435,.T.);
#999=EDGE_CURVE('',#794,#795,#436,.T.);
#1000=EDGE_CURVE('',#795,#796,#437,.T.);
#1001=EDGE_CURVE('',#796,#797,#438,.T.);
#1002=EDGE_CURVE('',#797,#798,#308,.T.);
#1003=EDGE_CURVE('',#799,#798,#439,.T.);
#1004=EDGE_CURVE('',#799,#800,#309,.T.);
#1005=EDGE_CURVE('',#800,#801,#440,.T.);
#1006=EDGE_CURVE('',#801,#802,#441,.T.);
#1007=EDGE_CURVE('',#802,#803,#442,.T.);
#1008=EDGE_CURVE('',#804,#803,#443,.T.);
#1009=EDGE_CURVE('',#804,#805,#444,.T.);
#1010=EDGE_CURVE('',#805,#806,#310,.T.);
#1011=EDGE_CURVE('',#786,#806,#445,.T.);
#1012=EDGE_CURVE('',#805,#767,#446,.T.);
#1013=EDGE_CURVE('',#804,#768,#447,.T.);
#1014=EDGE_CURVE('',#806,#766,#448,.T.);
#1015=EDGE_CURVE('',#797,#775,#449,.T.);
#1016=EDGE_CURVE('',#796,#776,#450,.T.);
#1017=EDGE_CURVE('',#795,#777,#451,.T.);
#1018=EDGE_CURVE('',#774,#798,#452,.T.);
#1019=EDGE_CURVE('',#801,#771,#453,.T.);
#1020=EDGE_CURVE('',#800,#772,#454,.T.);
#1021=EDGE_CURVE('',#773,#799,#455,.T.);
#1022=EDGE_CURVE('',#807,#799,#311,.T.);
#1023=EDGE_CURVE('',#807,#808,#456,.T.);
#1024=EDGE_CURVE('',#809,#808,#457,.T.);
#1025=EDGE_CURVE('',#809,#810,#458,.T.);
#1026=EDGE_CURVE('',#773,#810,#312,.T.);
#1027=EDGE_CURVE('',#811,#812,#313,.T.);
#1028=EDGE_CURVE('',#812,#813,#459,.T.);
#1029=EDGE_CURVE('',#813,#814,#314,.T.);
#1030=EDGE_CURVE('',#814,#811,#460,.T.);
#1031=EDGE_CURVE('',#815,#814,#461,.T.);
#1032=EDGE_CURVE('',#816,#815,#462,.T.);
#1033=EDGE_CURVE('',#811,#816,#463,.T.);
#1034=EDGE_CURVE('',#817,#813,#464,.T.);
#1035=EDGE_CURVE('',#818,#817,#465,.T.);
#1036=EDGE_CURVE('',#819,#818,#466,.T.);
#1037=EDGE_CURVE('',#815,#819,#315,.T.);
#1038=EDGE_CURVE('',#820,#821,#316,.T.);
#1039=EDGE_CURVE('',#821,#822,#467,.T.);
#1040=EDGE_CURVE('',#822,#823,#317,.T.);
#1041=EDGE_CURVE('',#823,#820,#468,.T.);
#1042=EDGE_CURVE('',#824,#823,#469,.T.);
#1043=EDGE_CURVE('',#825,#824,#470,.T.);
#1044=EDGE_CURVE('',#820,#825,#471,.T.);
#1045=EDGE_CURVE('',#826,#822,#472,.T.);
#1046=EDGE_CURVE('',#827,#826,#473,.T.);
#1047=EDGE_CURVE('',#828,#827,#474,.T.);
#1048=EDGE_CURVE('',#824,#828,#318,.T.);
#1049=EDGE_CURVE('',#819,#829,#475,.T.);
#1050=EDGE_CURVE('',#829,#816,#319,.T.);
#1051=EDGE_CURVE('',#830,#829,#476,.T.);
#1052=EDGE_CURVE('',#831,#830,#477,.T.);
#1053=EDGE_CURVE('',#812,#831,#478,.T.);
#1054=EDGE_CURVE('',#818,#832,#25,.T.);
#1055=EDGE_CURVE('',#832,#833,#26,.T.);
#1056=EDGE_CURVE('',#834,#833,#479,.T.);
#1057=EDGE_CURVE('',#834,#835,#27,.T.);
#1058=EDGE_CURVE('',#836,#835,#28,.T.);
#1059=EDGE_CURVE('',#830,#836,#29,.T.);
#1060=EDGE_CURVE('',#828,#837,#480,.T.);
#1061=EDGE_CURVE('',#837,#825,#320,.T.);
#1062=EDGE_CURVE('',#838,#837,#481,.T.);
#1063=EDGE_CURVE('',#838,#839,#482,.T.);
#1064=EDGE_CURVE('',#821,#839,#483,.T.);
#1065=EDGE_CURVE('',#827,#840,#30,.F.);
#1066=EDGE_CURVE('',#841,#840,#31,.T.);
#1067=EDGE_CURVE('',#841,#842,#32,.T.);
#1068=EDGE_CURVE('',#843,#842,#484,.T.);
#1069=EDGE_CURVE('',#843,#844,#33,.T.);
#1070=EDGE_CURVE('',#844,#838,#34,.T.);
#1071=EDGE_CURVE('',#845,#843,#17,.T.);
#1072=EDGE_CURVE('',#842,#846,#18,.T.);
#1073=EDGE_CURVE('',#846,#845,#485,.T.);
#1074=EDGE_CURVE('',#841,#847,#486,.T.);
#1075=EDGE_CURVE('',#848,#847,#321,.T.);
#1076=EDGE_CURVE('',#849,#848,#322,.T.);
#1077=EDGE_CURVE('',#850,#849,#323,.T.);
#1078=EDGE_CURVE('',#851,#850,#487,.T.);
#1079=EDGE_CURVE('',#851,#846,#324,.T.);
#1080=EDGE_CURVE('',#852,#834,#19,.T.);
#1081=EDGE_CURVE('',#833,#853,#20,.T.);
#1082=EDGE_CURVE('',#853,#852,#488,.T.);
#1083=EDGE_CURVE('',#854,#852,#325,.T.);
#1084=EDGE_CURVE('',#854,#855,#489,.T.);
#1085=EDGE_CURVE('',#855,#856,#326,.T.);
#1086=EDGE_CURVE('',#856,#857,#327,.T.);
#1087=EDGE_CURVE('',#857,#858,#328,.T.);
#1088=EDGE_CURVE('',#835,#858,#490,.T.);
#1089=EDGE_CURVE('',#853,#859,#329,.T.);
#1090=EDGE_CURVE('',#860,#859,#491,.T.);
#1091=EDGE_CURVE('',#860,#792,#330,.F.);
#1092=EDGE_CURVE('',#791,#781,#492,.T.);
#1093=EDGE_CURVE('',#861,#780,#331,.T.);
#1094=EDGE_CURVE('',#854,#861,#493,.T.);
#1095=EDGE_CURVE('',#862,#863,#21,.T.);
#1096=EDGE_CURVE('',#863,#864,#494,.T.);
#1097=EDGE_CURVE('',#864,#865,#22,.T.);
#1098=EDGE_CURVE('',#865,#862,#495,.T.);
#1099=EDGE_CURVE('',#866,#862,#332,.F.);
#1100=EDGE_CURVE('',#866,#867,#496,.T.);
#1101=EDGE_CURVE('',#868,#867,#333,.F.);
#1102=EDGE_CURVE('',#840,#868,#497,.T.);
#1103=EDGE_CURVE('',#826,#863,#35,.T.);
#1104=EDGE_CURVE('',#865,#869,#334,.T.);
#1105=EDGE_CURVE('',#870,#869,#335,.T.);
#1106=EDGE_CURVE('',#871,#870,#336,.T.);
#1107=EDGE_CURVE('',#872,#871,#337,.T.);
#1108=EDGE_CURVE('',#873,#872,#338,.T.);
#1109=EDGE_CURVE('',#874,#873,#498,.T.);
#1110=EDGE_CURVE('',#874,#802,#339,.T.);
#1111=EDGE_CURVE('',#770,#875,#340,.T.);
#1112=EDGE_CURVE('',#876,#875,#499,.T.);
#1113=EDGE_CURVE('',#877,#876,#341,.T.);
#1114=EDGE_CURVE('',#866,#877,#342,.T.);
#1115=EDGE_CURVE('',#878,#879,#23,.T.);
#1116=EDGE_CURVE('',#879,#880,#500,.T.);
#1117=EDGE_CURVE('',#880,#881,#24,.T.);
#1118=EDGE_CURVE('',#881,#878,#501,.T.);
#1119=EDGE_CURVE('',#882,#881,#343,.T.);
#1120=EDGE_CURVE('',#882,#883,#344,.T.);
#1121=EDGE_CURVE('',#884,#883,#345,.T.);
#1122=EDGE_CURVE('',#884,#885,#502,.T.);
#1123=EDGE_CURVE('',#779,#885,#346,.T.);
#1124=EDGE_CURVE('',#778,#794,#503,.T.);
#1125=EDGE_CURVE('',#886,#793,#347,.T.);
#1126=EDGE_CURVE('',#886,#887,#504,.T.);
#1127=EDGE_CURVE('',#888,#887,#348,.T.);
#1128=EDGE_CURVE('',#889,#888,#349,.T.);
#1129=EDGE_CURVE('',#889,#890,#350,.T.);
#1130=EDGE_CURVE('',#891,#890,#351,.T.);
#1131=EDGE_CURVE('',#878,#891,#352,.T.);
#1132=EDGE_CURVE('',#831,#880,#36,.F.);
#1133=EDGE_CURVE('',#892,#836,#505,.T.);
#1134=EDGE_CURVE('',#892,#893,#353,.T.);
#1135=EDGE_CURVE('',#893,#882,#506,.T.);
#1136=EDGE_CURVE('',#892,#858,#354,.T.);
#1137=EDGE_CURVE('',#868,#847,#355,.F.);
#1138=EDGE_CURVE('',#848,#894,#356,.T.);
#1139=EDGE_CURVE('',#894,#870,#507,.T.);
#1140=EDGE_CURVE('',#869,#895,#508,.T.);
#1141=EDGE_CURVE('',#895,#848,#357,.F.);
#1142=EDGE_CURVE('',#896,#894,#358,.T.);
#1143=EDGE_CURVE('',#871,#896,#509,.T.);
#1144=EDGE_CURVE('',#890,#897,#510,.T.);
#1145=EDGE_CURVE('',#897,#857,#359,.T.);
#1146=EDGE_CURVE('',#898,#857,#360,.T.);
#1147=EDGE_CURVE('',#891,#898,#511,.T.);
#1148=EDGE_CURVE('',#899,#897,#361,.T.);
#1149=EDGE_CURVE('',#856,#899,#362,.T.);
#1150=EDGE_CURVE('',#900,#855,#512,.T.);
#1151=EDGE_CURVE('',#900,#901,#363,.F.);
#1152=EDGE_CURVE('',#893,#901,#364,.T.);
#1153=EDGE_CURVE('',#899,#889,#513,.T.);
#1154=EDGE_CURVE('',#896,#849,#365,.T.);
#1155=EDGE_CURVE('',#902,#849,#366,.T.);
#1156=EDGE_CURVE('',#872,#902,#514,.T.);
#1157=EDGE_CURVE('',#903,#902,#367,.T.);
#1158=EDGE_CURVE('',#903,#873,#515,.T.);
#1159=EDGE_CURVE('',#904,#888,#516,.T.);
#1160=EDGE_CURVE('',#904,#856,#368,.F.);
#1161=EDGE_CURVE('',#905,#904,#369,.F.);
#1162=EDGE_CURVE('',#887,#905,#517,.T.);
#1163=EDGE_CURVE('',#905,#906,#518,.T.);
#1164=EDGE_CURVE('',#860,#886,#519,.T.);
#1165=EDGE_CURVE('',#859,#906,#520,.T.);
#1166=EDGE_CURVE('',#907,#908,#370,.T.);
#1167=EDGE_CURVE('',#908,#877,#521,.T.);
#1168=EDGE_CURVE('',#876,#907,#522,.T.);
#1169=EDGE_CURVE('',#867,#908,#371,.T.);
#1170=EDGE_CURVE('',#909,#910,#523,.T.);
#1171=EDGE_CURVE('',#910,#911,#372,.T.);
#1172=EDGE_CURVE('',#911,#912,#524,.T.);
#1173=EDGE_CURVE('',#912,#913,#373,.T.);
#1174=EDGE_CURVE('',#913,#914,#525,.T.);
#1175=EDGE_CURVE('',#914,#909,#374,.T.);
#1176=EDGE_CURVE('',#915,#916,#375,.T.);
#1177=EDGE_CURVE('',#916,#917,#526,.T.);
#1178=EDGE_CURVE('',#917,#918,#376,.T.);
#1179=EDGE_CURVE('',#918,#919,#527,.T.);
#1180=EDGE_CURVE('',#919,#920,#377,.T.);
#1181=EDGE_CURVE('',#920,#921,#528,.T.);
#1182=EDGE_CURVE('',#921,#922,#378,.T.);
#1183=EDGE_CURVE('',#922,#923,#529,.T.);
#1184=EDGE_CURVE('',#923,#924,#379,.T.);
#1185=EDGE_CURVE('',#924,#915,#530,.T.);
#1186=EDGE_CURVE('',#900,#884,#531,.T.);
#1187=EDGE_CURVE('',#883,#901,#532,.T.);
#1188=EDGE_CURVE('',#885,#861,#533,.T.);
#1189=EDGE_CURVE('',#839,#864,#37,.T.);
#1190=EDGE_CURVE('',#925,#844,#534,.T.);
#1191=EDGE_CURVE('',#895,#925,#380,.T.);
#1192=EDGE_CURVE('',#845,#926,#381,.T.);
#1193=EDGE_CURVE('',#926,#927,#535,.T.);
#1194=EDGE_CURVE('',#927,#925,#382,.T.);
#1195=EDGE_CURVE('',#879,#817,#38,.T.);
#1196=EDGE_CURVE('',#898,#928,#383,.T.);
#1197=EDGE_CURVE('',#928,#832,#536,.T.);
#1198=EDGE_CURVE('',#929,#930,#384,.T.);
#1199=EDGE_CURVE('',#930,#931,#537,.T.);
#1200=EDGE_CURVE('',#931,#932,#385,.T.);
#1201=EDGE_CURVE('',#932,#933,#538,.T.);
#1202=EDGE_CURVE('',#933,#934,#386,.T.);
#1203=EDGE_CURVE('',#934,#935,#539,.T.);
#1204=EDGE_CURVE('',#935,#936,#387,.T.);
#1205=EDGE_CURVE('',#936,#937,#540,.T.);
#1206=EDGE_CURVE('',#937,#938,#388,.T.);
#1207=EDGE_CURVE('',#938,#929,#541,.T.);
#1208=EDGE_CURVE('',#929,#916,#542,.T.);
#1209=EDGE_CURVE('',#930,#915,#543,.T.);
#1210=EDGE_CURVE('',#931,#924,#544,.T.);
#1211=EDGE_CURVE('',#932,#923,#545,.T.);
#1212=EDGE_CURVE('',#933,#922,#546,.T.);
#1213=EDGE_CURVE('',#934,#921,#547,.T.);
#1214=EDGE_CURVE('',#935,#920,#548,.T.);
#1215=EDGE_CURVE('',#936,#919,#549,.T.);
#1216=EDGE_CURVE('',#937,#918,#550,.T.);
#1217=EDGE_CURVE('',#938,#917,#551,.T.);
#1218=EDGE_CURVE('',#939,#940,#552,.T.);
#1219=EDGE_CURVE('',#941,#939,#389,.T.);
#1220=EDGE_CURVE('',#942,#941,#553,.T.);
#1221=EDGE_CURVE('',#943,#942,#390,.T.);
#1222=EDGE_CURVE('',#944,#943,#554,.T.);
#1223=EDGE_CURVE('',#940,#944,#391,.T.);
#1224=EDGE_CURVE('',#940,#910,#555,.T.);
#1225=EDGE_CURVE('',#939,#909,#556,.T.);
#1226=EDGE_CURVE('',#941,#914,#557,.T.);
#1227=EDGE_CURVE('',#942,#913,#558,.T.);
#1228=EDGE_CURVE('',#943,#912,#559,.T.);
#1229=EDGE_CURVE('',#944,#911,#560,.T.);
#1230=EDGE_CURVE('',#945,#946,#392,.T.);
#1231=EDGE_CURVE('',#946,#947,#561,.T.);
#1232=EDGE_CURVE('',#947,#948,#393,.T.);
#1233=EDGE_CURVE('',#948,#945,#562,.T.);
#1234=EDGE_CURVE('',#947,#949,#563,.T.);
#1235=EDGE_CURVE('',#788,#949,#394,.T.);
#1236=EDGE_CURVE('',#950,#787,#564,.T.);
#1237=EDGE_CURVE('',#950,#948,#565,.T.);
#1238=EDGE_CURVE('',#946,#951,#566,.T.);
#1239=EDGE_CURVE('',#949,#951,#567,.T.);
#1240=EDGE_CURVE('',#951,#789,#395,.T.);
#1241=EDGE_CURVE('',#806,#950,#396,.T.);
#1242=EDGE_CURVE('',#952,#766,#397,.T.);
#1243=EDGE_CURVE('',#945,#952,#568,.T.);
#1244=EDGE_CURVE('',#790,#952,#569,.T.);
#1245=EDGE_CURVE('',#953,#809,#398,.T.);
#1246=EDGE_CURVE('',#808,#954,#399,.T.);
#1247=EDGE_CURVE('',#954,#953,#570,.T.);
#1248=EDGE_CURVE('',#954,#955,#571,.T.);
#1249=EDGE_CURVE('',#956,#955,#572,.T.);
#1250=EDGE_CURVE('',#953,#956,#573,.T.);
#1251=EDGE_CURVE('',#957,#807,#574,.T.);
#1252=EDGE_CURVE('',#958,#957,#575,.T.);
#1253=EDGE_CURVE('',#955,#958,#400,.T.);
#1254=EDGE_CURVE('',#958,#959,#576,.T.);
#1255=EDGE_CURVE('',#959,#956,#401,.T.);
#1256=EDGE_CURVE('',#960,#774,#402,.T.);
#1257=EDGE_CURVE('',#960,#959,#577,.T.);
#1258=EDGE_CURVE('',#798,#957,#403,.T.);
#1259=EDGE_CURVE('',#810,#960,#578,.T.);
#1260=EDGE_CURVE('',#850,#907,#579,.T.);
#1261=EDGE_CURVE('',#903,#927,#580,.T.);
#1262=EDGE_CURVE('',#961,#926,#581,.T.);
#1263=EDGE_CURVE('',#961,#874,#582,.T.);
#1264=EDGE_CURVE('',#875,#962,#583,.T.);
#1265=EDGE_CURVE('',#851,#962,#584,.T.);
#1266=EDGE_CURVE('',#962,#769,#404,.T.);
#1267=EDGE_CURVE('',#961,#803,#405,.F.);
#1268=EDGE_CURVE('',#906,#928,#406,.T.);
#1269=ORIENTED_EDGE('',*,*,#963,.T.);
#1270=ORIENTED_EDGE('',*,*,#964,.T.);
#1271=ORIENTED_EDGE('',*,*,#965,.F.);
#1272=ORIENTED_EDGE('',*,*,#966,.T.);
#1273=ORIENTED_EDGE('',*,*,#967,.T.);
#1274=ORIENTED_EDGE('',*,*,#968,.T.);
#1275=ORIENTED_EDGE('',*,*,#969,.T.);
#1276=ORIENTED_EDGE('',*,*,#970,.F.);
#1277=ORIENTED_EDGE('',*,*,#971,.T.);
#1278=ORIENTED_EDGE('',*,*,#972,.T.);
#1279=ORIENTED_EDGE('',*,*,#973,.F.);
#1280=ORIENTED_EDGE('',*,*,#974,.T.);
#1281=ORIENTED_EDGE('',*,*,#975,.T.);
#1282=ORIENTED_EDGE('',*,*,#976,.F.);
#1283=ORIENTED_EDGE('',*,*,#977,.T.);
#1284=ORIENTED_EDGE('',*,*,#978,.F.);
#1285=ORIENTED_EDGE('',*,*,#979,.F.);
#1286=ORIENTED_EDGE('',*,*,#980,.T.);
#1287=ORIENTED_EDGE('',*,*,#981,.T.);
#1288=ORIENTED_EDGE('',*,*,#982,.T.);
#1289=ORIENTED_EDGE('',*,*,#963,.F.);
#1290=ORIENTED_EDGE('',*,*,#983,.F.);
#1291=ORIENTED_EDGE('',*,*,#984,.F.);
#1292=ORIENTED_EDGE('',*,*,#985,.T.);
#1293=ORIENTED_EDGE('',*,*,#982,.F.);
#1294=ORIENTED_EDGE('',*,*,#986,.T.);
#1295=ORIENTED_EDGE('',*,*,#987,.T.);
#1296=ORIENTED_EDGE('',*,*,#983,.T.);
#1297=ORIENTED_EDGE('',*,*,#964,.F.);
#1298=ORIENTED_EDGE('',*,*,#985,.F.);
#1299=ORIENTED_EDGE('',*,*,#988,.F.);
#1300=ORIENTED_EDGE('',*,*,#989,.T.);
#1301=ORIENTED_EDGE('',*,*,#989,.F.);
#1302=ORIENTED_EDGE('',*,*,#990,.F.);
#1303=ORIENTED_EDGE('',*,*,#991,.F.);
#1304=ORIENTED_EDGE('',*,*,#992,.F.);
#1305=ORIENTED_EDGE('',*,*,#993,.F.);
#1306=ORIENTED_EDGE('',*,*,#994,.F.);
#1307=ORIENTED_EDGE('',*,*,#984,.T.);
#1308=ORIENTED_EDGE('',*,*,#987,.F.);
#1309=ORIENTED_EDGE('',*,*,#995,.T.);
#1310=ORIENTED_EDGE('',*,*,#996,.F.);
#1311=ORIENTED_EDGE('',*,*,#997,.F.);
#1312=ORIENTED_EDGE('',*,*,#998,.T.);
#1313=ORIENTED_EDGE('',*,*,#999,.T.);
#1314=ORIENTED_EDGE('',*,*,#1000,.T.);
#1315=ORIENTED_EDGE('',*,*,#1001,.T.);
#1316=ORIENTED_EDGE('',*,*,#1002,.T.);
#1317=ORIENTED_EDGE('',*,*,#1003,.F.);
#1318=ORIENTED_EDGE('',*,*,#1004,.T.);
#1319=ORIENTED_EDGE('',*,*,#1005,.T.);
#1320=ORIENTED_EDGE('',*,*,#1006,.T.);
#1321=ORIENTED_EDGE('',*,*,#1007,.T.);
#1322=ORIENTED_EDGE('',*,*,#1008,.F.);
#1323=ORIENTED_EDGE('',*,*,#1009,.T.);
#1324=ORIENTED_EDGE('',*,*,#1010,.T.);
#1325=ORIENTED_EDGE('',*,*,#1011,.F.);
#1326=ORIENTED_EDGE('',*,*,#988,.T.);
#1327=ORIENTED_EDGE('',*,*,#967,.F.);
#1328=ORIENTED_EDGE('',*,*,#1012,.F.);
#1329=ORIENTED_EDGE('',*,*,#1009,.F.);
#1330=ORIENTED_EDGE('',*,*,#1013,.T.);
#1331=ORIENTED_EDGE('',*,*,#966,.F.);
#1332=ORIENTED_EDGE('',*,*,#1014,.F.);
#1333=ORIENTED_EDGE('',*,*,#1010,.F.);
#1334=ORIENTED_EDGE('',*,*,#1012,.T.);
#1335=ORIENTED_EDGE('',*,*,#975,.F.);
#1336=ORIENTED_EDGE('',*,*,#1015,.F.);
#1337=ORIENTED_EDGE('',*,*,#1001,.F.);
#1338=ORIENTED_EDGE('',*,*,#1016,.T.);
#1339=ORIENTED_EDGE('',*,*,#976,.T.);
#1340=ORIENTED_EDGE('',*,*,#1016,.F.);
#1341=ORIENTED_EDGE('',*,*,#1000,.F.);
#1342=ORIENTED_EDGE('',*,*,#1017,.T.);
#1343=ORIENTED_EDGE('',*,*,#974,.F.);
#1344=ORIENTED_EDGE('',*,*,#1018,.T.);
#1345=ORIENTED_EDGE('',*,*,#1002,.F.);
#1346=ORIENTED_EDGE('',*,*,#1015,.T.);
#1347=ORIENTED_EDGE('',*,*,#971,.F.);
#1348=ORIENTED_EDGE('',*,*,#1019,.F.);
#1349=ORIENTED_EDGE('',*,*,#1005,.F.);
#1350=ORIENTED_EDGE('',*,*,#1020,.T.);
#1351=ORIENTED_EDGE('',*,*,#972,.F.);
#1352=ORIENTED_EDGE('',*,*,#1020,.F.);
#1353=ORIENTED_EDGE('',*,*,#1004,.F.);
#1354=ORIENTED_EDGE('',*,*,#1021,.F.);
#1355=ORIENTED_EDGE('',*,*,#1021,.T.);
#1356=ORIENTED_EDGE('',*,*,#1022,.F.);
#1357=ORIENTED_EDGE('',*,*,#1023,.T.);
#1358=ORIENTED_EDGE('',*,*,#1024,.F.);
#1359=ORIENTED_EDGE('',*,*,#1025,.T.);
#1360=ORIENTED_EDGE('',*,*,#1026,.F.);
#1361=ORIENTED_EDGE('',*,*,#1027,.T.);
#1362=ORIENTED_EDGE('',*,*,#1028,.T.);
#1363=ORIENTED_EDGE('',*,*,#1029,.T.);
#1364=ORIENTED_EDGE('',*,*,#1030,.T.);
#1365=ORIENTED_EDGE('',*,*,#1030,.F.);
#1366=ORIENTED_EDGE('',*,*,#1031,.F.);
#1367=ORIENTED_EDGE('',*,*,#1032,.F.);
#1368=ORIENTED_EDGE('',*,*,#1033,.F.);
#1369=ORIENTED_EDGE('',*,*,#1029,.F.);
#1370=ORIENTED_EDGE('',*,*,#1034,.F.);
#1371=ORIENTED_EDGE('',*,*,#1035,.F.);
#1372=ORIENTED_EDGE('',*,*,#1036,.F.);
#1373=ORIENTED_EDGE('',*,*,#1037,.F.);
#1374=ORIENTED_EDGE('',*,*,#1031,.T.);
#1375=ORIENTED_EDGE('',*,*,#1038,.T.);
#1376=ORIENTED_EDGE('',*,*,#1039,.T.);
#1377=ORIENTED_EDGE('',*,*,#1040,.T.);
#1378=ORIENTED_EDGE('',*,*,#1041,.T.);
#1379=ORIENTED_EDGE('',*,*,#1041,.F.);
#1380=ORIENTED_EDGE('',*,*,#1042,.F.);
#1381=ORIENTED_EDGE('',*,*,#1043,.F.);
#1382=ORIENTED_EDGE('',*,*,#1044,.F.);
#1383=ORIENTED_EDGE('',*,*,#1040,.F.);
#1384=ORIENTED_EDGE('',*,*,#1045,.F.);
#1385=ORIENTED_EDGE('',*,*,#1046,.F.);
#1386=ORIENTED_EDGE('',*,*,#1047,.F.);
#1387=ORIENTED_EDGE('',*,*,#1048,.F.);
#1388=ORIENTED_EDGE('',*,*,#1042,.T.);
#1389=ORIENTED_EDGE('',*,*,#1037,.T.);
#1390=ORIENTED_EDGE('',*,*,#1049,.T.);
#1391=ORIENTED_EDGE('',*,*,#1050,.T.);
#1392=ORIENTED_EDGE('',*,*,#1032,.T.);
#1393=ORIENTED_EDGE('',*,*,#1027,.F.);
#1394=ORIENTED_EDGE('',*,*,#1033,.T.);
#1395=ORIENTED_EDGE('',*,*,#1050,.F.);
#1396=ORIENTED_EDGE('',*,*,#1051,.F.);
#1397=ORIENTED_EDGE('',*,*,#1052,.F.);
#1398=ORIENTED_EDGE('',*,*,#1053,.F.);
#1399=ORIENTED_EDGE('',*,*,#1049,.F.);
#1400=ORIENTED_EDGE('',*,*,#1036,.T.);
#1401=ORIENTED_EDGE('',*,*,#1054,.T.);
#1402=ORIENTED_EDGE('',*,*,#1055,.T.);
#1403=ORIENTED_EDGE('',*,*,#1056,.F.);
#1404=ORIENTED_EDGE('',*,*,#1057,.T.);
#1405=ORIENTED_EDGE('',*,*,#1058,.F.);
#1406=ORIENTED_EDGE('',*,*,#1059,.F.);
#1407=ORIENTED_EDGE('',*,*,#1051,.T.);
#1408=ORIENTED_EDGE('',*,*,#1048,.T.);
#1409=ORIENTED_EDGE('',*,*,#1060,.T.);
#1410=ORIENTED_EDGE('',*,*,#1061,.T.);
#1411=ORIENTED_EDGE('',*,*,#1043,.T.);
#1412=ORIENTED_EDGE('',*,*,#1038,.F.);
#1413=ORIENTED_EDGE('',*,*,#1044,.T.);
#1414=ORIENTED_EDGE('',*,*,#1061,.F.);
#1415=ORIENTED_EDGE('',*,*,#1062,.F.);
#1416=ORIENTED_EDGE('',*,*,#1063,.T.);
#1417=ORIENTED_EDGE('',*,*,#1064,.F.);
#1418=ORIENTED_EDGE('',*,*,#1060,.F.);
#1419=ORIENTED_EDGE('',*,*,#1047,.T.);
#1420=ORIENTED_EDGE('',*,*,#1065,.T.);
#1421=ORIENTED_EDGE('',*,*,#1066,.F.);
#1422=ORIENTED_EDGE('',*,*,#1067,.T.);
#1423=ORIENTED_EDGE('',*,*,#1068,.F.);
#1424=ORIENTED_EDGE('',*,*,#1069,.T.);
#1425=ORIENTED_EDGE('',*,*,#1070,.T.);
#1426=ORIENTED_EDGE('',*,*,#1062,.T.);
#1427=ORIENTED_EDGE('',*,*,#1071,.T.);
#1428=ORIENTED_EDGE('',*,*,#1068,.T.);
#1429=ORIENTED_EDGE('',*,*,#1072,.T.);
#1430=ORIENTED_EDGE('',*,*,#1073,.T.);
#1431=ORIENTED_EDGE('',*,*,#1072,.F.);
#1432=ORIENTED_EDGE('',*,*,#1067,.F.);
#1433=ORIENTED_EDGE('',*,*,#1074,.T.);
#1434=ORIENTED_EDGE('',*,*,#1075,.F.);
#1435=ORIENTED_EDGE('',*,*,#1076,.F.);
#1436=ORIENTED_EDGE('',*,*,#1077,.F.);
#1437=ORIENTED_EDGE('',*,*,#1078,.F.);
#1438=ORIENTED_EDGE('',*,*,#1079,.T.);
#1439=ORIENTED_EDGE('',*,*,#1080,.T.);
#1440=ORIENTED_EDGE('',*,*,#1056,.T.);
#1441=ORIENTED_EDGE('',*,*,#1081,.T.);
#1442=ORIENTED_EDGE('',*,*,#1082,.T.);
#1443=ORIENTED_EDGE('',*,*,#1080,.F.);
#1444=ORIENTED_EDGE('',*,*,#1083,.F.);
#1445=ORIENTED_EDGE('',*,*,#1084,.T.);
#1446=ORIENTED_EDGE('',*,*,#1085,.T.);
#1447=ORIENTED_EDGE('',*,*,#1086,.T.);
#1448=ORIENTED_EDGE('',*,*,#1087,.T.);
#1449=ORIENTED_EDGE('',*,*,#1088,.F.);
#1450=ORIENTED_EDGE('',*,*,#1057,.F.);
#1451=ORIENTED_EDGE('',*,*,#1082,.F.);
#1452=ORIENTED_EDGE('',*,*,#1089,.T.);
#1453=ORIENTED_EDGE('',*,*,#1090,.F.);
#1454=ORIENTED_EDGE('',*,*,#1091,.T.);
#1455=ORIENTED_EDGE('',*,*,#996,.T.);
#1456=ORIENTED_EDGE('',*,*,#1092,.T.);
#1457=ORIENTED_EDGE('',*,*,#980,.F.);
#1458=ORIENTED_EDGE('',*,*,#1093,.F.);
#1459=ORIENTED_EDGE('',*,*,#1094,.F.);
#1460=ORIENTED_EDGE('',*,*,#1083,.T.);
#1461=ORIENTED_EDGE('',*,*,#1095,.T.);
#1462=ORIENTED_EDGE('',*,*,#1096,.T.);
#1463=ORIENTED_EDGE('',*,*,#1097,.T.);
#1464=ORIENTED_EDGE('',*,*,#1098,.T.);
#1465=ORIENTED_EDGE('',*,*,#1095,.F.);
#1466=ORIENTED_EDGE('',*,*,#1099,.F.);
#1467=ORIENTED_EDGE('',*,*,#1100,.T.);
#1468=ORIENTED_EDGE('',*,*,#1101,.F.);
#1469=ORIENTED_EDGE('',*,*,#1102,.F.);
#1470=ORIENTED_EDGE('',*,*,#1065,.F.);
#1471=ORIENTED_EDGE('',*,*,#1046,.T.);
#1472=ORIENTED_EDGE('',*,*,#1103,.T.);
#1473=ORIENTED_EDGE('',*,*,#1098,.F.);
#1474=ORIENTED_EDGE('',*,*,#1104,.T.);
#1475=ORIENTED_EDGE('',*,*,#1105,.F.);
#1476=ORIENTED_EDGE('',*,*,#1106,.F.);
#1477=ORIENTED_EDGE('',*,*,#1107,.F.);
#1478=ORIENTED_EDGE('',*,*,#1108,.F.);
#1479=ORIENTED_EDGE('',*,*,#1109,.F.);
#1480=ORIENTED_EDGE('',*,*,#1110,.T.);
#1481=ORIENTED_EDGE('',*,*,#1006,.F.);
#1482=ORIENTED_EDGE('',*,*,#1019,.T.);
#1483=ORIENTED_EDGE('',*,*,#970,.T.);
#1484=ORIENTED_EDGE('',*,*,#1111,.T.);
#1485=ORIENTED_EDGE('',*,*,#1112,.F.);
#1486=ORIENTED_EDGE('',*,*,#1113,.F.);
#1487=ORIENTED_EDGE('',*,*,#1114,.F.);
#1488=ORIENTED_EDGE('',*,*,#1099,.T.);
#1489=ORIENTED_EDGE('',*,*,#1115,.T.);
#1490=ORIENTED_EDGE('',*,*,#1116,.T.);
#1491=ORIENTED_EDGE('',*,*,#1117,.T.);
#1492=ORIENTED_EDGE('',*,*,#1118,.T.);
#1493=ORIENTED_EDGE('',*,*,#1118,.F.);
#1494=ORIENTED_EDGE('',*,*,#1119,.F.);
#1495=ORIENTED_EDGE('',*,*,#1120,.T.);
#1496=ORIENTED_EDGE('',*,*,#1121,.F.);
#1497=ORIENTED_EDGE('',*,*,#1122,.T.);
#1498=ORIENTED_EDGE('',*,*,#1123,.F.);
#1499=ORIENTED_EDGE('',*,*,#978,.T.);
#1500=ORIENTED_EDGE('',*,*,#1124,.T.);
#1501=ORIENTED_EDGE('',*,*,#998,.F.);
#1502=ORIENTED_EDGE('',*,*,#1125,.F.);
#1503=ORIENTED_EDGE('',*,*,#1126,.T.);
#1504=ORIENTED_EDGE('',*,*,#1127,.F.);
#1505=ORIENTED_EDGE('',*,*,#1128,.F.);
#1506=ORIENTED_EDGE('',*,*,#1129,.T.);
#1507=ORIENTED_EDGE('',*,*,#1130,.F.);
#1508=ORIENTED_EDGE('',*,*,#1131,.F.);
#1509=ORIENTED_EDGE('',*,*,#1117,.F.);
#1510=ORIENTED_EDGE('',*,*,#1132,.F.);
#1511=ORIENTED_EDGE('',*,*,#1052,.T.);
#1512=ORIENTED_EDGE('',*,*,#1059,.T.);
#1513=ORIENTED_EDGE('',*,*,#1133,.F.);
#1514=ORIENTED_EDGE('',*,*,#1134,.T.);
#1515=ORIENTED_EDGE('',*,*,#1135,.T.);
#1516=ORIENTED_EDGE('',*,*,#1119,.T.);
#1517=ORIENTED_EDGE('',*,*,#1136,.F.);
#1518=ORIENTED_EDGE('',*,*,#1133,.T.);
#1519=ORIENTED_EDGE('',*,*,#1058,.T.);
#1520=ORIENTED_EDGE('',*,*,#1088,.T.);
#1521=ORIENTED_EDGE('',*,*,#1066,.T.);
#1522=ORIENTED_EDGE('',*,*,#1102,.T.);
#1523=ORIENTED_EDGE('',*,*,#1137,.T.);
#1524=ORIENTED_EDGE('',*,*,#1074,.F.);
#1525=ORIENTED_EDGE('',*,*,#1138,.T.);
#1526=ORIENTED_EDGE('',*,*,#1139,.T.);
#1527=ORIENTED_EDGE('',*,*,#1105,.T.);
#1528=ORIENTED_EDGE('',*,*,#1140,.T.);
#1529=ORIENTED_EDGE('',*,*,#1141,.T.);
#1530=ORIENTED_EDGE('',*,*,#1139,.F.);
#1531=ORIENTED_EDGE('',*,*,#1142,.F.);
#1532=ORIENTED_EDGE('',*,*,#1143,.F.);
#1533=ORIENTED_EDGE('',*,*,#1106,.T.);
#1534=ORIENTED_EDGE('',*,*,#1130,.T.);
#1535=ORIENTED_EDGE('',*,*,#1144,.T.);
#1536=ORIENTED_EDGE('',*,*,#1145,.T.);
#1537=ORIENTED_EDGE('',*,*,#1146,.F.);
#1538=ORIENTED_EDGE('',*,*,#1147,.F.);
#1539=ORIENTED_EDGE('',*,*,#1145,.F.);
#1540=ORIENTED_EDGE('',*,*,#1148,.F.);
#1541=ORIENTED_EDGE('',*,*,#1149,.F.);
#1542=ORIENTED_EDGE('',*,*,#1085,.F.);
#1543=ORIENTED_EDGE('',*,*,#1150,.F.);
#1544=ORIENTED_EDGE('',*,*,#1151,.T.);
#1545=ORIENTED_EDGE('',*,*,#1152,.F.);
#1546=ORIENTED_EDGE('',*,*,#1134,.F.);
#1547=ORIENTED_EDGE('',*,*,#1136,.T.);
#1548=ORIENTED_EDGE('',*,*,#1087,.F.);
#1549=ORIENTED_EDGE('',*,*,#1144,.F.);
#1550=ORIENTED_EDGE('',*,*,#1129,.F.);
#1551=ORIENTED_EDGE('',*,*,#1153,.F.);
#1552=ORIENTED_EDGE('',*,*,#1148,.T.);
#1553=ORIENTED_EDGE('',*,*,#1107,.T.);
#1554=ORIENTED_EDGE('',*,*,#1143,.T.);
#1555=ORIENTED_EDGE('',*,*,#1154,.T.);
#1556=ORIENTED_EDGE('',*,*,#1155,.F.);
#1557=ORIENTED_EDGE('',*,*,#1156,.F.);
#1558=ORIENTED_EDGE('',*,*,#1157,.F.);
#1559=ORIENTED_EDGE('',*,*,#1158,.T.);
#1560=ORIENTED_EDGE('',*,*,#1108,.T.);
#1561=ORIENTED_EDGE('',*,*,#1156,.T.);
#1562=ORIENTED_EDGE('',*,*,#1149,.T.);
#1563=ORIENTED_EDGE('',*,*,#1153,.T.);
#1564=ORIENTED_EDGE('',*,*,#1128,.T.);
#1565=ORIENTED_EDGE('',*,*,#1159,.F.);
#1566=ORIENTED_EDGE('',*,*,#1160,.T.);
#1567=ORIENTED_EDGE('',*,*,#1161,.T.);
#1568=ORIENTED_EDGE('',*,*,#1159,.T.);
#1569=ORIENTED_EDGE('',*,*,#1127,.T.);
#1570=ORIENTED_EDGE('',*,*,#1162,.T.);
#1571=ORIENTED_EDGE('',*,*,#1163,.F.);
#1572=ORIENTED_EDGE('',*,*,#1162,.F.);
#1573=ORIENTED_EDGE('',*,*,#1126,.F.);
#1574=ORIENTED_EDGE('',*,*,#1164,.F.);
#1575=ORIENTED_EDGE('',*,*,#1090,.T.);
#1576=ORIENTED_EDGE('',*,*,#1165,.T.);
#1577=ORIENTED_EDGE('',*,*,#1166,.T.);
#1578=ORIENTED_EDGE('',*,*,#1167,.T.);
#1579=ORIENTED_EDGE('',*,*,#1113,.T.);
#1580=ORIENTED_EDGE('',*,*,#1168,.T.);
#1581=ORIENTED_EDGE('',*,*,#1167,.F.);
#1582=ORIENTED_EDGE('',*,*,#1169,.F.);
#1583=ORIENTED_EDGE('',*,*,#1100,.F.);
#1584=ORIENTED_EDGE('',*,*,#1114,.T.);
#1585=ORIENTED_EDGE('',*,*,#1170,.T.);
#1586=ORIENTED_EDGE('',*,*,#1171,.T.);
#1587=ORIENTED_EDGE('',*,*,#1172,.T.);
#1588=ORIENTED_EDGE('',*,*,#1173,.T.);
#1589=ORIENTED_EDGE('',*,*,#1174,.T.);
#1590=ORIENTED_EDGE('',*,*,#1175,.T.);
#1591=ORIENTED_EDGE('',*,*,#1176,.T.);
#1592=ORIENTED_EDGE('',*,*,#1177,.T.);
#1593=ORIENTED_EDGE('',*,*,#1178,.T.);
#1594=ORIENTED_EDGE('',*,*,#1179,.T.);
#1595=ORIENTED_EDGE('',*,*,#1180,.T.);
#1596=ORIENTED_EDGE('',*,*,#1181,.T.);
#1597=ORIENTED_EDGE('',*,*,#1182,.T.);
#1598=ORIENTED_EDGE('',*,*,#1183,.T.);
#1599=ORIENTED_EDGE('',*,*,#1184,.T.);
#1600=ORIENTED_EDGE('',*,*,#1185,.T.);
#1601=ORIENTED_EDGE('',*,*,#1151,.F.);
#1602=ORIENTED_EDGE('',*,*,#1186,.T.);
#1603=ORIENTED_EDGE('',*,*,#1121,.T.);
#1604=ORIENTED_EDGE('',*,*,#1187,.T.);
#1605=ORIENTED_EDGE('',*,*,#1186,.F.);
#1606=ORIENTED_EDGE('',*,*,#1150,.T.);
#1607=ORIENTED_EDGE('',*,*,#1084,.F.);
#1608=ORIENTED_EDGE('',*,*,#1094,.T.);
#1609=ORIENTED_EDGE('',*,*,#1188,.F.);
#1610=ORIENTED_EDGE('',*,*,#1122,.F.);
#1611=ORIENTED_EDGE('',*,*,#1097,.F.);
#1612=ORIENTED_EDGE('',*,*,#1189,.F.);
#1613=ORIENTED_EDGE('',*,*,#1063,.F.);
#1614=ORIENTED_EDGE('',*,*,#1070,.F.);
#1615=ORIENTED_EDGE('',*,*,#1190,.F.);
#1616=ORIENTED_EDGE('',*,*,#1191,.F.);
#1617=ORIENTED_EDGE('',*,*,#1140,.F.);
#1618=ORIENTED_EDGE('',*,*,#1104,.F.);
#1619=ORIENTED_EDGE('',*,*,#1071,.F.);
#1620=ORIENTED_EDGE('',*,*,#1192,.T.);
#1621=ORIENTED_EDGE('',*,*,#1193,.T.);
#1622=ORIENTED_EDGE('',*,*,#1194,.T.);
#1623=ORIENTED_EDGE('',*,*,#1190,.T.);
#1624=ORIENTED_EDGE('',*,*,#1069,.F.);
#1625=ORIENTED_EDGE('',*,*,#1039,.F.);
#1626=ORIENTED_EDGE('',*,*,#1064,.T.);
#1627=ORIENTED_EDGE('',*,*,#1189,.T.);
#1628=ORIENTED_EDGE('',*,*,#1096,.F.);
#1629=ORIENTED_EDGE('',*,*,#1103,.F.);
#1630=ORIENTED_EDGE('',*,*,#1045,.T.);
#1631=ORIENTED_EDGE('',*,*,#1028,.F.);
#1632=ORIENTED_EDGE('',*,*,#1053,.T.);
#1633=ORIENTED_EDGE('',*,*,#1132,.T.);
#1634=ORIENTED_EDGE('',*,*,#1116,.F.);
#1635=ORIENTED_EDGE('',*,*,#1195,.T.);
#1636=ORIENTED_EDGE('',*,*,#1034,.T.);
#1637=ORIENTED_EDGE('',*,*,#1115,.F.);
#1638=ORIENTED_EDGE('',*,*,#1131,.T.);
#1639=ORIENTED_EDGE('',*,*,#1147,.T.);
#1640=ORIENTED_EDGE('',*,*,#1196,.T.);
#1641=ORIENTED_EDGE('',*,*,#1197,.T.);
#1642=ORIENTED_EDGE('',*,*,#1054,.F.);
#1643=ORIENTED_EDGE('',*,*,#1035,.T.);
#1644=ORIENTED_EDGE('',*,*,#1195,.F.);
#1645=ORIENTED_EDGE('',*,*,#1198,.T.);
#1646=ORIENTED_EDGE('',*,*,#1199,.T.);
#1647=ORIENTED_EDGE('',*,*,#1200,.T.);
#1648=ORIENTED_EDGE('',*,*,#1201,.T.);
#1649=ORIENTED_EDGE('',*,*,#1202,.T.);
#1650=ORIENTED_EDGE('',*,*,#1203,.T.);
#1651=ORIENTED_EDGE('',*,*,#1204,.T.);
#1652=ORIENTED_EDGE('',*,*,#1205,.T.);
#1653=ORIENTED_EDGE('',*,*,#1206,.T.);
#1654=ORIENTED_EDGE('',*,*,#1207,.T.);
#1655=ORIENTED_EDGE('',*,*,#1198,.F.);
#1656=ORIENTED_EDGE('',*,*,#1208,.T.);
#1657=ORIENTED_EDGE('',*,*,#1176,.F.);
#1658=ORIENTED_EDGE('',*,*,#1209,.F.);
#1659=ORIENTED_EDGE('',*,*,#1199,.F.);
#1660=ORIENTED_EDGE('',*,*,#1209,.T.);
#1661=ORIENTED_EDGE('',*,*,#1185,.F.);
#1662=ORIENTED_EDGE('',*,*,#1210,.F.);
#1663=ORIENTED_EDGE('',*,*,#1200,.F.);
#1664=ORIENTED_EDGE('',*,*,#1210,.T.);
#1665=ORIENTED_EDGE('',*,*,#1184,.F.);
#1666=ORIENTED_EDGE('',*,*,#1211,.F.);
#1667=ORIENTED_EDGE('',*,*,#1201,.F.);
#1668=ORIENTED_EDGE('',*,*,#1211,.T.);
#1669=ORIENTED_EDGE('',*,*,#1183,.F.);
#1670=ORIENTED_EDGE('',*,*,#1212,.F.);
#1671=ORIENTED_EDGE('',*,*,#1202,.F.);
#1672=ORIENTED_EDGE('',*,*,#1212,.T.);
#1673=ORIENTED_EDGE('',*,*,#1182,.F.);
#1674=ORIENTED_EDGE('',*,*,#1213,.F.);
#1675=ORIENTED_EDGE('',*,*,#1203,.F.);
#1676=ORIENTED_EDGE('',*,*,#1213,.T.);
#1677=ORIENTED_EDGE('',*,*,#1181,.F.);
#1678=ORIENTED_EDGE('',*,*,#1214,.F.);
#1679=ORIENTED_EDGE('',*,*,#1204,.F.);
#1680=ORIENTED_EDGE('',*,*,#1214,.T.);
#1681=ORIENTED_EDGE('',*,*,#1180,.F.);
#1682=ORIENTED_EDGE('',*,*,#1215,.F.);
#1683=ORIENTED_EDGE('',*,*,#1205,.F.);
#1684=ORIENTED_EDGE('',*,*,#1215,.T.);
#1685=ORIENTED_EDGE('',*,*,#1179,.F.);
#1686=ORIENTED_EDGE('',*,*,#1216,.F.);
#1687=ORIENTED_EDGE('',*,*,#1206,.F.);
#1688=ORIENTED_EDGE('',*,*,#1216,.T.);
#1689=ORIENTED_EDGE('',*,*,#1178,.F.);
#1690=ORIENTED_EDGE('',*,*,#1217,.F.);
#1691=ORIENTED_EDGE('',*,*,#1207,.F.);
#1692=ORIENTED_EDGE('',*,*,#1217,.T.);
#1693=ORIENTED_EDGE('',*,*,#1177,.F.);
#1694=ORIENTED_EDGE('',*,*,#1208,.F.);
#1695=ORIENTED_EDGE('',*,*,#1218,.F.);
#1696=ORIENTED_EDGE('',*,*,#1219,.F.);
#1697=ORIENTED_EDGE('',*,*,#1220,.F.);
#1698=ORIENTED_EDGE('',*,*,#1221,.F.);
#1699=ORIENTED_EDGE('',*,*,#1222,.F.);
#1700=ORIENTED_EDGE('',*,*,#1223,.F.);
#1701=ORIENTED_EDGE('',*,*,#1218,.T.);
#1702=ORIENTED_EDGE('',*,*,#1224,.T.);
#1703=ORIENTED_EDGE('',*,*,#1170,.F.);
#1704=ORIENTED_EDGE('',*,*,#1225,.F.);
#1705=ORIENTED_EDGE('',*,*,#1219,.T.);
#1706=ORIENTED_EDGE('',*,*,#1225,.T.);
#1707=ORIENTED_EDGE('',*,*,#1175,.F.);
#1708=ORIENTED_EDGE('',*,*,#1226,.F.);
#1709=ORIENTED_EDGE('',*,*,#1220,.T.);
#1710=ORIENTED_EDGE('',*,*,#1226,.T.);
#1711=ORIENTED_EDGE('',*,*,#1174,.F.);
#1712=ORIENTED_EDGE('',*,*,#1227,.F.);
#1713=ORIENTED_EDGE('',*,*,#1221,.T.);
#1714=ORIENTED_EDGE('',*,*,#1227,.T.);
#1715=ORIENTED_EDGE('',*,*,#1173,.F.);
#1716=ORIENTED_EDGE('',*,*,#1228,.F.);
#1717=ORIENTED_EDGE('',*,*,#1222,.T.);
#1718=ORIENTED_EDGE('',*,*,#1228,.T.);
#1719=ORIENTED_EDGE('',*,*,#1172,.F.);
#1720=ORIENTED_EDGE('',*,*,#1229,.F.);
#1721=ORIENTED_EDGE('',*,*,#1223,.T.);
#1722=ORIENTED_EDGE('',*,*,#1229,.T.);
#1723=ORIENTED_EDGE('',*,*,#1171,.F.);
#1724=ORIENTED_EDGE('',*,*,#1224,.F.);
#1725=ORIENTED_EDGE('',*,*,#986,.F.);
#1726=ORIENTED_EDGE('',*,*,#981,.F.);
#1727=ORIENTED_EDGE('',*,*,#1092,.F.);
#1728=ORIENTED_EDGE('',*,*,#995,.F.);
#1729=ORIENTED_EDGE('',*,*,#1230,.T.);
#1730=ORIENTED_EDGE('',*,*,#1231,.T.);
#1731=ORIENTED_EDGE('',*,*,#1232,.T.);
#1732=ORIENTED_EDGE('',*,*,#1233,.T.);
#1733=ORIENTED_EDGE('',*,*,#1232,.F.);
#1734=ORIENTED_EDGE('',*,*,#1234,.T.);
#1735=ORIENTED_EDGE('',*,*,#1235,.F.);
#1736=ORIENTED_EDGE('',*,*,#991,.T.);
#1737=ORIENTED_EDGE('',*,*,#1236,.F.);
#1738=ORIENTED_EDGE('',*,*,#1237,.T.);
#1739=ORIENTED_EDGE('',*,*,#1231,.F.);
#1740=ORIENTED_EDGE('',*,*,#1238,.T.);
#1741=ORIENTED_EDGE('',*,*,#1239,.F.);
#1742=ORIENTED_EDGE('',*,*,#1234,.F.);
#1743=ORIENTED_EDGE('',*,*,#1235,.T.);
#1744=ORIENTED_EDGE('',*,*,#1239,.T.);
#1745=ORIENTED_EDGE('',*,*,#1240,.T.);
#1746=ORIENTED_EDGE('',*,*,#992,.T.);
#1747=ORIENTED_EDGE('',*,*,#990,.T.);
#1748=ORIENTED_EDGE('',*,*,#1011,.T.);
#1749=ORIENTED_EDGE('',*,*,#1241,.T.);
#1750=ORIENTED_EDGE('',*,*,#1236,.T.);
#1751=ORIENTED_EDGE('',*,*,#1014,.T.);
#1752=ORIENTED_EDGE('',*,*,#1242,.F.);
#1753=ORIENTED_EDGE('',*,*,#1243,.F.);
#1754=ORIENTED_EDGE('',*,*,#1233,.F.);
#1755=ORIENTED_EDGE('',*,*,#1237,.F.);
#1756=ORIENTED_EDGE('',*,*,#1241,.F.);
#1757=ORIENTED_EDGE('',*,*,#1242,.T.);
#1758=ORIENTED_EDGE('',*,*,#965,.T.);
#1759=ORIENTED_EDGE('',*,*,#994,.T.);
#1760=ORIENTED_EDGE('',*,*,#1244,.T.);
#1761=ORIENTED_EDGE('',*,*,#1230,.F.);
#1762=ORIENTED_EDGE('',*,*,#1243,.T.);
#1763=ORIENTED_EDGE('',*,*,#1244,.F.);
#1764=ORIENTED_EDGE('',*,*,#993,.T.);
#1765=ORIENTED_EDGE('',*,*,#1240,.F.);
#1766=ORIENTED_EDGE('',*,*,#1238,.F.);
#1767=ORIENTED_EDGE('',*,*,#1245,.T.);
#1768=ORIENTED_EDGE('',*,*,#1024,.T.);
#1769=ORIENTED_EDGE('',*,*,#1246,.T.);
#1770=ORIENTED_EDGE('',*,*,#1247,.T.);
#1771=ORIENTED_EDGE('',*,*,#1247,.F.);
#1772=ORIENTED_EDGE('',*,*,#1248,.T.);
#1773=ORIENTED_EDGE('',*,*,#1249,.F.);
#1774=ORIENTED_EDGE('',*,*,#1250,.F.);
#1775=ORIENTED_EDGE('',*,*,#1246,.F.);
#1776=ORIENTED_EDGE('',*,*,#1023,.F.);
#1777=ORIENTED_EDGE('',*,*,#1251,.F.);
#1778=ORIENTED_EDGE('',*,*,#1252,.F.);
#1779=ORIENTED_EDGE('',*,*,#1253,.F.);
#1780=ORIENTED_EDGE('',*,*,#1248,.F.);
#1781=ORIENTED_EDGE('',*,*,#1253,.T.);
#1782=ORIENTED_EDGE('',*,*,#1254,.T.);
#1783=ORIENTED_EDGE('',*,*,#1255,.T.);
#1784=ORIENTED_EDGE('',*,*,#1249,.T.);
#1785=ORIENTED_EDGE('',*,*,#1018,.F.);
#1786=ORIENTED_EDGE('',*,*,#1256,.F.);
#1787=ORIENTED_EDGE('',*,*,#1257,.T.);
#1788=ORIENTED_EDGE('',*,*,#1254,.F.);
#1789=ORIENTED_EDGE('',*,*,#1252,.T.);
#1790=ORIENTED_EDGE('',*,*,#1258,.F.);
#1791=ORIENTED_EDGE('',*,*,#1258,.T.);
#1792=ORIENTED_EDGE('',*,*,#1251,.T.);
#1793=ORIENTED_EDGE('',*,*,#1022,.T.);
#1794=ORIENTED_EDGE('',*,*,#1003,.T.);
#1795=ORIENTED_EDGE('',*,*,#1026,.T.);
#1796=ORIENTED_EDGE('',*,*,#1259,.T.);
#1797=ORIENTED_EDGE('',*,*,#1256,.T.);
#1798=ORIENTED_EDGE('',*,*,#973,.T.);
#1799=ORIENTED_EDGE('',*,*,#1245,.F.);
#1800=ORIENTED_EDGE('',*,*,#1250,.T.);
#1801=ORIENTED_EDGE('',*,*,#1255,.F.);
#1802=ORIENTED_EDGE('',*,*,#1257,.F.);
#1803=ORIENTED_EDGE('',*,*,#1259,.F.);
#1804=ORIENTED_EDGE('',*,*,#1025,.F.);
#1805=ORIENTED_EDGE('',*,*,#1017,.F.);
#1806=ORIENTED_EDGE('',*,*,#999,.F.);
#1807=ORIENTED_EDGE('',*,*,#1124,.F.);
#1808=ORIENTED_EDGE('',*,*,#977,.F.);
#1809=ORIENTED_EDGE('',*,*,#1138,.F.);
#1810=ORIENTED_EDGE('',*,*,#1075,.T.);
#1811=ORIENTED_EDGE('',*,*,#1137,.F.);
#1812=ORIENTED_EDGE('',*,*,#1101,.T.);
#1813=ORIENTED_EDGE('',*,*,#1169,.T.);
#1814=ORIENTED_EDGE('',*,*,#1166,.F.);
#1815=ORIENTED_EDGE('',*,*,#1260,.F.);
#1816=ORIENTED_EDGE('',*,*,#1077,.T.);
#1817=ORIENTED_EDGE('',*,*,#1154,.F.);
#1818=ORIENTED_EDGE('',*,*,#1142,.T.);
#1819=ORIENTED_EDGE('',*,*,#1261,.T.);
#1820=ORIENTED_EDGE('',*,*,#1193,.F.);
#1821=ORIENTED_EDGE('',*,*,#1262,.F.);
#1822=ORIENTED_EDGE('',*,*,#1263,.T.);
#1823=ORIENTED_EDGE('',*,*,#1109,.T.);
#1824=ORIENTED_EDGE('',*,*,#1158,.F.);
#1825=ORIENTED_EDGE('',*,*,#1191,.T.);
#1826=ORIENTED_EDGE('',*,*,#1194,.F.);
#1827=ORIENTED_EDGE('',*,*,#1261,.F.);
#1828=ORIENTED_EDGE('',*,*,#1157,.T.);
#1829=ORIENTED_EDGE('',*,*,#1155,.T.);
#1830=ORIENTED_EDGE('',*,*,#1076,.T.);
#1831=ORIENTED_EDGE('',*,*,#1141,.F.);
#1832=ORIENTED_EDGE('',*,*,#1168,.F.);
#1833=ORIENTED_EDGE('',*,*,#1112,.T.);
#1834=ORIENTED_EDGE('',*,*,#1264,.T.);
#1835=ORIENTED_EDGE('',*,*,#1265,.F.);
#1836=ORIENTED_EDGE('',*,*,#1078,.T.);
#1837=ORIENTED_EDGE('',*,*,#1260,.T.);
#1838=ORIENTED_EDGE('',*,*,#1266,.F.);
#1839=ORIENTED_EDGE('',*,*,#1264,.F.);
#1840=ORIENTED_EDGE('',*,*,#1111,.F.);
#1841=ORIENTED_EDGE('',*,*,#969,.F.);
#1842=ORIENTED_EDGE('',*,*,#1267,.T.);
#1843=ORIENTED_EDGE('',*,*,#1007,.F.);
#1844=ORIENTED_EDGE('',*,*,#1110,.F.);
#1845=ORIENTED_EDGE('',*,*,#1263,.F.);
#1846=ORIENTED_EDGE('',*,*,#1187,.F.);
#1847=ORIENTED_EDGE('',*,*,#1120,.F.);
#1848=ORIENTED_EDGE('',*,*,#1135,.F.);
#1849=ORIENTED_EDGE('',*,*,#1152,.T.);
#1850=ORIENTED_EDGE('',*,*,#1081,.F.);
#1851=ORIENTED_EDGE('',*,*,#1055,.F.);
#1852=ORIENTED_EDGE('',*,*,#1197,.F.);
#1853=ORIENTED_EDGE('',*,*,#1268,.F.);
#1854=ORIENTED_EDGE('',*,*,#1165,.F.);
#1855=ORIENTED_EDGE('',*,*,#1089,.F.);
#1856=ORIENTED_EDGE('',*,*,#1086,.F.);
#1857=ORIENTED_EDGE('',*,*,#1160,.F.);
#1858=ORIENTED_EDGE('',*,*,#1161,.F.);
#1859=ORIENTED_EDGE('',*,*,#1163,.T.);
#1860=ORIENTED_EDGE('',*,*,#1268,.T.);
#1861=ORIENTED_EDGE('',*,*,#1196,.F.);
#1862=ORIENTED_EDGE('',*,*,#1146,.T.);
#1863=ORIENTED_EDGE('',*,*,#1093,.T.);
#1864=ORIENTED_EDGE('',*,*,#979,.T.);
#1865=ORIENTED_EDGE('',*,*,#1123,.T.);
#1866=ORIENTED_EDGE('',*,*,#1188,.T.);
#1867=ORIENTED_EDGE('',*,*,#1073,.F.);
#1868=ORIENTED_EDGE('',*,*,#1079,.F.);
#1869=ORIENTED_EDGE('',*,*,#1265,.T.);
#1870=ORIENTED_EDGE('',*,*,#1266,.T.);
#1871=ORIENTED_EDGE('',*,*,#968,.F.);
#1872=ORIENTED_EDGE('',*,*,#1013,.F.);
#1873=ORIENTED_EDGE('',*,*,#1008,.T.);
#1874=ORIENTED_EDGE('',*,*,#1267,.F.);
#1875=ORIENTED_EDGE('',*,*,#1262,.T.);
#1876=ORIENTED_EDGE('',*,*,#1192,.F.);
#1877=ORIENTED_EDGE('',*,*,#1091,.F.);
#1878=ORIENTED_EDGE('',*,*,#1164,.T.);
#1879=ORIENTED_EDGE('',*,*,#1125,.T.);
#1880=ORIENTED_EDGE('',*,*,#997,.T.);
#1881=PLANE('',#2065);
#1882=PLANE('',#2070);
#1883=PLANE('',#2071);
#1884=PLANE('',#2074);
#1885=PLANE('',#2077);
#1886=PLANE('',#2081);
#1887=PLANE('',#2083);
#1888=PLANE('',#2084);
#1889=PLANE('',#2086);
#1890=PLANE('',#2088);
#1891=PLANE('',#2094);
#1892=PLANE('',#2095);
#1893=PLANE('',#2100);
#1894=PLANE('',#2101);
#1895=PLANE('',#2105);
#1896=PLANE('',#2106);
#1897=PLANE('',#2114);
#1898=PLANE('',#2115);
#1899=PLANE('',#2133);
#1900=PLANE('',#2142);
#1901=PLANE('',#2153);
#1902=PLANE('',#2179);
#1903=PLANE('',#2194);
#1904=PLANE('',#2208);
#1905=PLANE('',#2215);
#1906=PLANE('',#2216);
#1907=PLANE('',#2226);
#1908=PLANE('',#2227);
#1909=PLANE('',#2228);
#1910=PLANE('',#2229);
#1911=PLANE('',#2230);
#1912=PLANE('',#2231);
#1913=PLANE('',#2232);
#1914=PLANE('',#2233);
#1915=PLANE('',#2234);
#1916=PLANE('',#2235);
#1917=PLANE('',#2240);
#1918=PLANE('',#2241);
#1919=PLANE('',#2242);
#1920=PLANE('',#2243);
#1921=PLANE('',#2244);
#1922=PLANE('',#2245);
#1923=PLANE('',#2246);
#1924=PLANE('',#2250);
#1925=PLANE('',#2252);
#1926=PLANE('',#2257);
#1927=PLANE('',#2260);
#1928=PLANE('',#2264);
#1929=PLANE('',#2265);
#1930=PLANE('',#2269);
#1931=PLANE('',#2274);
#1932=PLANE('',#2275);
#1933=PLANE('',#2276);
#1934=PLANE('',#2277);
#1935=PLANE('',#2278);
#1936=PLANE('',#2279);
#1937=PLANE('',#2287);
#1938=PLANE('',#2289);
#1939=ADVANCED_FACE('',(#87),#1881,.T.);
#1940=ADVANCED_FACE('',(#88),#1882,.F.);
#1941=ADVANCED_FACE('',(#89),#1883,.F.);
#1942=ADVANCED_FACE('',(#90),#39,.F.);
#1943=ADVANCED_FACE('',(#91),#1884,.F.);
#1944=ADVANCED_FACE('',(#92),#1885,.T.);
#1945=ADVANCED_FACE('',(#93),#1886,.F.);
#1946=ADVANCED_FACE('',(#94),#40,.F.);
#1947=ADVANCED_FACE('',(#95),#1887,.T.);
#1948=ADVANCED_FACE('',(#96),#1888,.T.);
#1949=ADVANCED_FACE('',(#97),#41,.F.);
#1950=ADVANCED_FACE('',(#98),#1889,.T.);
#1951=ADVANCED_FACE('',(#99),#42,.F.);
#1952=ADVANCED_FACE('',(#100),#1890,.T.);
#1953=ADVANCED_FACE('',(#101),#43,.T.);
#1954=ADVANCED_FACE('',(#102),#1891,.T.);
#1955=ADVANCED_FACE('',(#103),#1892,.T.);
#1956=ADVANCED_FACE('',(#104),#44,.T.);
#1957=ADVANCED_FACE('',(#105),#1893,.F.);
#1958=ADVANCED_FACE('',(#106),#1894,.F.);
#1959=ADVANCED_FACE('',(#107),#45,.T.);
#1960=ADVANCED_FACE('',(#108),#1895,.T.);
#1961=ADVANCED_FACE('',(#109),#1896,.T.);
#1962=ADVANCED_FACE('',(#110),#46,.T.);
#1963=ADVANCED_FACE('',(#111),#1897,.F.);
#1964=ADVANCED_FACE('',(#112),#1898,.T.);
#1965=ADVANCED_FACE('',(#113),#47,.T.);
#1966=ADVANCED_FACE('',(#114),#48,.F.);
#1967=ADVANCED_FACE('',(#115),#49,.T.);
#1968=ADVANCED_FACE('',(#116),#50,.F.);
#1969=ADVANCED_FACE('',(#117),#1899,.F.);
#1970=ADVANCED_FACE('',(#118),#51,.T.);
#1971=ADVANCED_FACE('',(#119),#52,.F.);
#1972=ADVANCED_FACE('',(#120),#1900,.T.);
#1973=ADVANCED_FACE('',(#121),#53,.T.);
#1974=ADVANCED_FACE('',(#122),#1901,.T.);
#1975=ADVANCED_FACE('',(#123),#54,.F.);
#1976=ADVANCED_FACE('',(#124),#55,.T.);
#1977=ADVANCED_FACE('',(#125),#56,.T.);
#1978=ADVANCED_FACE('',(#126),#57,.T.);
#1979=ADVANCED_FACE('',(#127),#58,.F.);
#1980=ADVANCED_FACE('',(#128),#59,.T.);
#1981=ADVANCED_FACE('',(#129),#1902,.F.);
#1982=ADVANCED_FACE('',(#130),#60,.F.);
#1983=ADVANCED_FACE('',(#131),#61,.T.);
#1984=ADVANCED_FACE('',(#132),#62,.T.);
#1985=ADVANCED_FACE('',(#133),#63,.T.);
#1986=ADVANCED_FACE('',(#134),#64,.T.);
#1987=ADVANCED_FACE('',(#135),#1903,.T.);
#1988=ADVANCED_FACE('',(#136),#65,.F.);
#1989=ADVANCED_FACE('',(#137,#15,#16),#66,.T.);
#1990=ADVANCED_FACE('',(#138),#67,.F.);
#1991=ADVANCED_FACE('',(#139),#1904,.T.);
#1992=ADVANCED_FACE('',(#140),#68,.T.);
#1993=ADVANCED_FACE('',(#141),#69,.T.);
#1994=ADVANCED_FACE('',(#142),#1905,.T.);
#1995=ADVANCED_FACE('',(#143),#1906,.T.);
#1996=ADVANCED_FACE('',(#144),#70,.T.);
#1997=ADVANCED_FACE('',(#145),#71,.T.);
#1998=ADVANCED_FACE('',(#146),#1907,.T.);
#1999=ADVANCED_FACE('',(#147),#1908,.T.);
#2000=ADVANCED_FACE('',(#148),#1909,.T.);
#2001=ADVANCED_FACE('',(#149),#1910,.T.);
#2002=ADVANCED_FACE('',(#150),#1911,.T.);
#2003=ADVANCED_FACE('',(#151),#1912,.T.);
#2004=ADVANCED_FACE('',(#152),#1913,.T.);
#2005=ADVANCED_FACE('',(#153),#1914,.T.);
#2006=ADVANCED_FACE('',(#154),#1915,.T.);
#2007=ADVANCED_FACE('',(#155),#1916,.T.);
#2008=ADVANCED_FACE('',(#156),#72,.T.);
#2009=ADVANCED_FACE('',(#157),#1917,.T.);
#2010=ADVANCED_FACE('',(#158),#1918,.T.);
#2011=ADVANCED_FACE('',(#159),#1919,.T.);
#2012=ADVANCED_FACE('',(#160),#1920,.T.);
#2013=ADVANCED_FACE('',(#161),#1921,.T.);
#2014=ADVANCED_FACE('',(#162),#1922,.T.);
#2015=ADVANCED_FACE('',(#163),#1923,.T.);
#2016=ADVANCED_FACE('',(#164),#73,.T.);
#2017=ADVANCED_FACE('',(#165),#1924,.F.);
#2018=ADVANCED_FACE('',(#166),#1925,.F.);
#2019=ADVANCED_FACE('',(#167),#74,.T.);
#2020=ADVANCED_FACE('',(#168),#75,.T.);
#2021=ADVANCED_FACE('',(#169),#1926,.F.);
#2022=ADVANCED_FACE('',(#170),#76,.F.);
#2023=ADVANCED_FACE('',(#171),#1927,.F.);
#2024=ADVANCED_FACE('',(#172),#77,.T.);
#2025=ADVANCED_FACE('',(#173),#1928,.T.);
#2026=ADVANCED_FACE('',(#174),#1929,.T.);
#2027=ADVANCED_FACE('',(#175),#78,.T.);
#2028=ADVANCED_FACE('',(#176),#1930,.T.);
#2029=ADVANCED_FACE('',(#177),#79,.T.);
#2030=ADVANCED_FACE('',(#178),#80,.F.);
#2031=ADVANCED_FACE('',(#179),#1931,.T.);
#2032=ADVANCED_FACE('',(#180),#1932,.F.);
#2033=ADVANCED_FACE('',(#181),#1933,.T.);
#2034=ADVANCED_FACE('',(#182),#1934,.F.);
#2035=ADVANCED_FACE('',(#183),#1935,.F.);
#2036=ADVANCED_FACE('',(#184),#1936,.F.);
#2037=ADVANCED_FACE('',(#185),#81,.T.);
#2038=ADVANCED_FACE('',(#186),#82,.F.);
#2039=ADVANCED_FACE('',(#187),#83,.T.);
#2040=ADVANCED_FACE('',(#188),#84,.T.);
#2041=ADVANCED_FACE('',(#189),#1937,.T.);
#2042=ADVANCED_FACE('',(#190),#85,.T.);
#2043=ADVANCED_FACE('',(#191),#1938,.F.);
#2044=ADVANCED_FACE('',(#192),#86,.F.);
#2045=CLOSED_SHELL('',(#1939,#1940,#1941,#1942,#1943,#1944,#1945,#1946,
#1947,#1948,#1949,#1950,#1951,#1952,#1953,#1954,#1955,#1956,#1957,#1958,
#1959,#1960,#1961,#1962,#1963,#1964,#1965,#1966,#1967,#1968,#1969,#1970,
#1971,#1972,#1973,#1974,#1975,#1976,#1977,#1978,#1979,#1980,#1981,#1982,
#1983,#1984,#1985,#1986,#1987,#1988,#1989,#1990,#1991,#1992,#1993,#1994,
#1995,#1996,#1997,#1998,#1999,#2000,#2001,#2002,#2003,#2004,#2005,#2006,
#2007,#2008,#2009,#2010,#2011,#2012,#2013,#2014,#2015,#2016,#2017,#2018,
#2019,#2020,#2021,#2022,#2023,#2024,#2025,#2026,#2027,#2028,#2029,#2030,
#2031,#2032,#2033,#2034,#2035,#2036,#2037,#2038,#2039,#2040,#2041,#2042,
#2043,#2044));
#2046=DERIVED_UNIT_ELEMENT(#2048,1.);
#2047=DERIVED_UNIT_ELEMENT(#3599,3.);
#2048=(
MASS_UNIT()
NAMED_UNIT(*)
SI_UNIT($,.GRAM.)
);
#2049=DERIVED_UNIT((#2046,#2047));
#2050=MEASURE_REPRESENTATION_ITEM('density measure',
POSITIVE_RATIO_MEASURE(1.),#2049);
#2051=PROPERTY_DEFINITION_REPRESENTATION(#2056,#2053);
#2052=PROPERTY_DEFINITION_REPRESENTATION(#2057,#2054);
#2053=REPRESENTATION('material name',(#2055),#3596);
#2054=REPRESENTATION('density',(#2050),#3596);
#2055=DESCRIPTIVE_REPRESENTATION_ITEM('Generic','Generic');
#2056=PROPERTY_DEFINITION('material property','material name',#3606);
#2057=PROPERTY_DEFINITION('material property','density of part',#3606);
#2058=DATE_TIME_ROLE('creation_date');
#2059=APPLIED_DATE_AND_TIME_ASSIGNMENT(#2060,#2058,(#3606));
#2060=DATE_AND_TIME(#2061,#2062);
#2061=CALENDAR_DATE(2018,11,7);
#2062=LOCAL_TIME(16,8,46.,#2063);
#2063=COORDINATED_UNIVERSAL_TIME_OFFSET(0,0,.BEHIND.);
#2064=AXIS2_PLACEMENT_3D('placement',#2923,#2291,#2292);
#2065=AXIS2_PLACEMENT_3D('',#2924,#2293,#2294);
#2066=AXIS2_PLACEMENT_3D('',#2929,#2296,#2297);
#2067=AXIS2_PLACEMENT_3D('',#2933,#2299,#2300);
#2068=AXIS2_PLACEMENT_3D('',#2945,#2306,#2307);
#2069=AXIS2_PLACEMENT_3D('',#2949,#2309,#2310);
#2070=AXIS2_PLACEMENT_3D('',#2965,#2319,#2320);
#2071=AXIS2_PLACEMENT_3D('',#2971,#2324,#2325);
#2072=AXIS2_PLACEMENT_3D('',#2975,#2328,#2329);
#2073=AXIS2_PLACEMENT_3D('',#2977,#2330,#2331);
#2074=AXIS2_PLACEMENT_3D('',#2979,#2333,#2334);
#2075=AXIS2_PLACEMENT_3D('',#2981,#2335,#2336);
#2076=AXIS2_PLACEMENT_3D('',#2988,#2340,#2341);
#2077=AXIS2_PLACEMENT_3D('',#2989,#2342,#2343);
#2078=AXIS2_PLACEMENT_3D('',#3005,#2351,#2352);
#2079=AXIS2_PLACEMENT_3D('',#3009,#2354,#2355);
#2080=AXIS2_PLACEMENT_3D('',#3021,#2361,#2362);
#2081=AXIS2_PLACEMENT_3D('',#3023,#2364,#2365);
#2082=AXIS2_PLACEMENT_3D('',#3026,#2368,#2369);
#2083=AXIS2_PLACEMENT_3D('',#3028,#2371,#2372);
#2084=AXIS2_PLACEMENT_3D('',#3031,#2375,#2376);
#2085=AXIS2_PLACEMENT_3D('',#3033,#2378,#2379);
#2086=AXIS2_PLACEMENT_3D('',#3035,#2381,#2382);
#2087=AXIS2_PLACEMENT_3D('',#3038,#2385,#2386);
#2088=AXIS2_PLACEMENT_3D('',#3040,#2388,#2389);
#2089=AXIS2_PLACEMENT_3D('',#3042,#2390,#2391);
#2090=AXIS2_PLACEMENT_3D('',#3049,#2395,#2396);
#2091=AXIS2_PLACEMENT_3D('',#3050,#2397,#2398);
#2092=AXIS2_PLACEMENT_3D('',#3053,#2399,#2400);
#2093=AXIS2_PLACEMENT_3D('',#3057,#2402,#2403);
#2094=AXIS2_PLACEMENT_3D('',#3059,#2405,#2406);
#2095=AXIS2_PLACEMENT_3D('',#3065,#2410,#2411);
#2096=AXIS2_PLACEMENT_3D('',#3072,#2415,#2416);
#2097=AXIS2_PLACEMENT_3D('',#3073,#2417,#2418);
#2098=AXIS2_PLACEMENT_3D('',#3076,#2419,#2420);
#2099=AXIS2_PLACEMENT_3D('',#3080,#2422,#2423);
#2100=AXIS2_PLACEMENT_3D('',#3082,#2425,#2426);
#2101=AXIS2_PLACEMENT_3D('',#3088,#2430,#2431);
#2102=AXIS2_PLACEMENT_3D('',#3095,#2435,#2436);
#2103=AXIS2_PLACEMENT_3D('',#3096,#2437,#2438);
#2104=AXIS2_PLACEMENT_3D('',#3099,#2440,#2441);
#2105=AXIS2_PLACEMENT_3D('',#3100,#2442,#2443);
#2106=AXIS2_PLACEMENT_3D('',#3106,#2447,#2448);
#2107=AXIS2_PLACEMENT_3D('',#3108,#2449,#2450);
#2108=AXIS2_PLACEMENT_3D('',#3110,#2451,#2452);
#2109=AXIS2_PLACEMENT_3D('',#3114,#2454,#2455);
#2110=AXIS2_PLACEMENT_3D('',#3116,#2456,#2457);
#2111=AXIS2_PLACEMENT_3D('',#3117,#2458,#2459);
#2112=AXIS2_PLACEMENT_3D('',#3118,#2460,#2461);
#2113=AXIS2_PLACEMENT_3D('',#3121,#2463,#2464);
#2114=AXIS2_PLACEMENT_3D('',#3122,#2465,#2466);
#2115=AXIS2_PLACEMENT_3D('',#3128,#2470,#2471);
#2116=AXIS2_PLACEMENT_3D('',#3130,#2472,#2473);
#2117=AXIS2_PLACEMENT_3D('',#3132,#2474,#2475);
#2118=AXIS2_PLACEMENT_3D('',#3134,#2476,#2477);
#2119=AXIS2_PLACEMENT_3D('',#3138,#2479,#2480);
#2120=AXIS2_PLACEMENT_3D('',#3139,#2481,#2482);
#2121=AXIS2_PLACEMENT_3D('',#3140,#2483,#2484);
#2122=AXIS2_PLACEMENT_3D('',#3160,#2486,#2487);
#2123=AXIS2_PLACEMENT_3D('',#3164,#2489,#2490);
#2124=AXIS2_PLACEMENT_3D('',#3166,#2491,#2492);
#2125=AXIS2_PLACEMENT_3D('',#3168,#2493,#2494);
#2126=AXIS2_PLACEMENT_3D('',#3171,#2496,#2497);
#2127=AXIS2_PLACEMENT_3D('',#3172,#2498,#2499);
#2128=AXIS2_PLACEMENT_3D('',#3190,#2501,#2502);
#2129=AXIS2_PLACEMENT_3D('',#3192,#2503,#2504);
#2130=AXIS2_PLACEMENT_3D('',#3196,#2506,#2507);
#2131=AXIS2_PLACEMENT_3D('',#3198,#2508,#2509);
#2132=AXIS2_PLACEMENT_3D('',#3200,#2510,#2511);
#2133=AXIS2_PLACEMENT_3D('',#3202,#2513,#2514);
#2134=AXIS2_PLACEMENT_3D('',#3204,#2515,#2516);
#2135=AXIS2_PLACEMENT_3D('',#3207,#2518,#2519);
#2136=AXIS2_PLACEMENT_3D('',#3210,#2521,#2522);
#2137=AXIS2_PLACEMENT_3D('',#3212,#2524,#2525);
#2138=AXIS2_PLACEMENT_3D('',#3237,#2528,#2529);
#2139=AXIS2_PLACEMENT_3D('',#3239,#2530,#2531);
#2140=AXIS2_PLACEMENT_3D('',#3243,#2533,#2534);
#2141=AXIS2_PLACEMENT_3D('',#3245,#2536,#2537);
#2142=AXIS2_PLACEMENT_3D('',#3246,#2538,#2539);
#2143=AXIS2_PLACEMENT_3D('',#3248,#2540,#2541);
#2144=AXIS2_PLACEMENT_3D('',#3250,#2542,#2543);
#2145=AXIS2_PLACEMENT_3D('',#3252,#2544,#2545);
#2146=AXIS2_PLACEMENT_3D('',#3254,#2546,#2547);
#2147=AXIS2_PLACEMENT_3D('',#3256,#2548,#2549);
#2148=AXIS2_PLACEMENT_3D('',#3259,#2551,#2552);
#2149=AXIS2_PLACEMENT_3D('',#3261,#2553,#2554);
#2150=AXIS2_PLACEMENT_3D('',#3265,#2556,#2557);
#2151=AXIS2_PLACEMENT_3D('',#3266,#2558,#2559);
#2152=AXIS2_PLACEMENT_3D('',#3267,#2560,#2561);
#2153=AXIS2_PLACEMENT_3D('',#3292,#2564,#2565);
#2154=AXIS2_PLACEMENT_3D('',#3294,#2566,#2567);
#2155=AXIS2_PLACEMENT_3D('',#3296,#2568,#2569);
#2156=AXIS2_PLACEMENT_3D('',#3298,#2570,#2571);
#2157=AXIS2_PLACEMENT_3D('',#3301,#2573,#2574);
#2158=AXIS2_PLACEMENT_3D('',#3304,#2576,#2577);
#2159=AXIS2_PLACEMENT_3D('',#3308,#2579,#2580);
#2160=AXIS2_PLACEMENT_3D('',#3310,#2581,#2582);
#2161=AXIS2_PLACEMENT_3D('',#3312,#2583,#2584);
#2162=AXIS2_PLACEMENT_3D('',#3314,#2585,#2586);
#2163=AXIS2_PLACEMENT_3D('',#3315,#2587,#2588);
#2164=AXIS2_PLACEMENT_3D('',#3316,#2589,#2590);
#2165=AXIS2_PLACEMENT_3D('',#3317,#2591,#2592);
#2166=AXIS2_PLACEMENT_3D('',#3321,#2594,#2595);
#2167=AXIS2_PLACEMENT_3D('',#3323,#2597,#2598);
#2168=AXIS2_PLACEMENT_3D('',#3324,#2599,#2600);
#2169=AXIS2_PLACEMENT_3D('',#3325,#2601,#2602);
#2170=AXIS2_PLACEMENT_3D('',#3326,#2603,#2604);
#2171=AXIS2_PLACEMENT_3D('',#3327,#2605,#2606);
#2172=AXIS2_PLACEMENT_3D('',#3329,#2607,#2608);
#2173=AXIS2_PLACEMENT_3D('',#3333,#2611,#2612);
#2174=AXIS2_PLACEMENT_3D('',#3334,#2613,#2614);
#2175=AXIS2_PLACEMENT_3D('',#3336,#2615,#2616);
#2176=AXIS2_PLACEMENT_3D('',#3338,#2618,#2619);
#2177=AXIS2_PLACEMENT_3D('',#3341,#2621,#2622);
#2178=AXIS2_PLACEMENT_3D('',#3343,#2623,#2624);
#2179=AXIS2_PLACEMENT_3D('',#3345,#2626,#2627);
#2180=AXIS2_PLACEMENT_3D('',#3347,#2628,#2629);
#2181=AXIS2_PLACEMENT_3D('',#3348,#2630,#2631);
#2182=AXIS2_PLACEMENT_3D('',#3352,#2633,#2634);
#2183=AXIS2_PLACEMENT_3D('',#3353,#2635,#2636);
#2184=AXIS2_PLACEMENT_3D('',#3354,#2637,#2638);
#2185=AXIS2_PLACEMENT_3D('',#3356,#2640,#2641);
#2186=AXIS2_PLACEMENT_3D('',#3357,#2642,#2643);
#2187=AXIS2_PLACEMENT_3D('',#3359,#2644,#2645);
#2188=AXIS2_PLACEMENT_3D('',#3361,#2647,#2648);
#2189=AXIS2_PLACEMENT_3D('',#3363,#2649,#2650);
#2190=AXIS2_PLACEMENT_3D('',#3365,#2652,#2653);
#2191=AXIS2_PLACEMENT_3D('',#3368,#2655,#2656);
#2192=AXIS2_PLACEMENT_3D('',#3369,#2657,#2658);
#2193=AXIS2_PLACEMENT_3D('',#3371,#2659,#2660);
#2194=AXIS2_PLACEMENT_3D('',#3373,#2662,#2663);
#2195=AXIS2_PLACEMENT_3D('',#3378,#2667,#2668);
#2196=AXIS2_PLACEMENT_3D('',#3381,#2669,#2670);
#2197=AXIS2_PLACEMENT_3D('',#3384,#2673,#2674);
#2198=AXIS2_PLACEMENT_3D('',#3385,#2675,#2676);
#2199=AXIS2_PLACEMENT_3D('',#3390,#2678,#2679);
#2200=AXIS2_PLACEMENT_3D('',#3394,#2681,#2682);
#2201=AXIS2_PLACEMENT_3D('',#3397,#2684,#2685);
#2202=AXIS2_PLACEMENT_3D('',#3400,#2686,#2687);
#2203=AXIS2_PLACEMENT_3D('',#3404,#2689,#2690);
#2204=AXIS2_PLACEMENT_3D('',#3408,#2692,#2693);
#2205=AXIS2_PLACEMENT_3D('',#3412,#2695,#2696);
#2206=AXIS2_PLACEMENT_3D('',#3416,#2698,#2699);
#2207=AXIS2_PLACEMENT_3D('',#3418,#2701,#2702);
#2208=AXIS2_PLACEMENT_3D('',#3421,#2705,#2706);
#2209=AXIS2_PLACEMENT_3D('',#3423,#2708,#2709);
#2210=AXIS2_PLACEMENT_3D('',#3424,#2710,#2711);
#2211=AXIS2_PLACEMENT_3D('',#3427,#2713,#2714);
#2212=AXIS2_PLACEMENT_3D('',#3428,#2715,#2716);
#2213=AXIS2_PLACEMENT_3D('',#3430,#2717,#2718);
#2214=AXIS2_PLACEMENT_3D('',#3433,#2720,#2721);
#2215=AXIS2_PLACEMENT_3D('',#3434,#2722,#2723);
#2216=AXIS2_PLACEMENT_3D('',#3435,#2724,#2725);
#2217=AXIS2_PLACEMENT_3D('',#3436,#2726,#2727);
#2218=AXIS2_PLACEMENT_3D('',#3437,#2728,#2729);
#2219=AXIS2_PLACEMENT_3D('',#3439,#2730,#2731);
#2220=AXIS2_PLACEMENT_3D('',#3441,#2733,#2734);
#2221=AXIS2_PLACEMENT_3D('',#3444,#2735,#2736);
#2222=AXIS2_PLACEMENT_3D('',#3448,#2738,#2739);
#2223=AXIS2_PLACEMENT_3D('',#3452,#2741,#2742);
#2224=AXIS2_PLACEMENT_3D('',#3456,#2744,#2745);
#2225=AXIS2_PLACEMENT_3D('',#3460,#2747,#2748);
#2226=AXIS2_PLACEMENT_3D('',#3462,#2750,#2751);
#2227=AXIS2_PLACEMENT_3D('',#3465,#2754,#2755);
#2228=AXIS2_PLACEMENT_3D('',#3467,#2757,#2758);
#2229=AXIS2_PLACEMENT_3D('',#3469,#2760,#2761);
#2230=AXIS2_PLACEMENT_3D('',#3471,#2763,#2764);
#2231=AXIS2_PLACEMENT_3D('',#3473,#2766,#2767);
#2232=AXIS2_PLACEMENT_3D('',#3475,#2769,#2770);
#2233=AXIS2_PLACEMENT_3D('',#3477,#2772,#2773);
#2234=AXIS2_PLACEMENT_3D('',#3479,#2775,#2776);
#2235=AXIS2_PLACEMENT_3D('',#3481,#2778,#2779);
#2236=AXIS2_PLACEMENT_3D('',#3482,#2780,#2781);
#2237=AXIS2_PLACEMENT_3D('',#3487,#2783,#2784);
#2238=AXIS2_PLACEMENT_3D('',#3491,#2786,#2787);
#2239=AXIS2_PLACEMENT_3D('',#3494,#2789,#2790);
#2240=AXIS2_PLACEMENT_3D('',#3495,#2791,#2792);
#2241=AXIS2_PLACEMENT_3D('',#3498,#2795,#2796);
#2242=AXIS2_PLACEMENT_3D('',#3500,#2798,#2799);
#2243=AXIS2_PLACEMENT_3D('',#3502,#2801,#2802);
#2244=AXIS2_PLACEMENT_3D('',#3504,#2804,#2805);
#2245=AXIS2_PLACEMENT_3D('',#3506,#2807,#2808);
#2246=AXIS2_PLACEMENT_3D('',#3507,#2809,#2810);
#2247=AXIS2_PLACEMENT_3D('',#3508,#2811,#2812);
#2248=AXIS2_PLACEMENT_3D('',#3511,#2813,#2814);
#2249=AXIS2_PLACEMENT_3D('',#3515,#2816,#2817);
#2250=AXIS2_PLACEMENT_3D('',#3517,#2819,#2820);
#2251=AXIS2_PLACEMENT_3D('',#3520,#2822,#2823);
#2252=AXIS2_PLACEMENT_3D('',#3524,#2826,#2827);
#2253=AXIS2_PLACEMENT_3D('',#3528,#2830,#2831);
#2254=AXIS2_PLACEMENT_3D('',#3529,#2832,#2833);
#2255=AXIS2_PLACEMENT_3D('',#3530,#2834,#2835);
#2256=AXIS2_PLACEMENT_3D('',#3531,#2836,#2837);
#2257=AXIS2_PLACEMENT_3D('',#3532,#2838,#2839);
#2258=AXIS2_PLACEMENT_3D('',#3534,#2840,#2841);
#2259=AXIS2_PLACEMENT_3D('',#3536,#2843,#2844);
#2260=AXIS2_PLACEMENT_3D('',#3538,#2846,#2847);
#2261=AXIS2_PLACEMENT_3D('',#3539,#2848,#2849);
#2262=AXIS2_PLACEMENT_3D('',#3541,#2850,#2851);
#2263=AXIS2_PLACEMENT_3D('',#3543,#2852,#2853);
#2264=AXIS2_PLACEMENT_3D('',#3545,#2855,#2856);
#2265=AXIS2_PLACEMENT_3D('',#3551,#2860,#2861);
#2266=AXIS2_PLACEMENT_3D('',#3556,#2864,#2865);
#2267=AXIS2_PLACEMENT_3D('',#3557,#2866,#2867);
#2268=AXIS2_PLACEMENT_3D('',#3560,#2869,#2870);
#2269=AXIS2_PLACEMENT_3D('',#3561,#2871,#2872);
#2270=AXIS2_PLACEMENT_3D('',#3563,#2873,#2874);
#2271=AXIS2_PLACEMENT_3D('',#3565,#2876,#2877);
#2272=AXIS2_PLACEMENT_3D('',#3566,#2878,#2879);
#2273=AXIS2_PLACEMENT_3D('',#3567,#2880,#2881);
#2274=AXIS2_PLACEMENT_3D('',#3569,#2883,#2884);
#2275=AXIS2_PLACEMENT_3D('',#3570,#2885,#2886);
#2276=AXIS2_PLACEMENT_3D('',#3571,#2887,#2888);
#2277=AXIS2_PLACEMENT_3D('',#3573,#2890,#2891);
#2278=AXIS2_PLACEMENT_3D('',#3578,#2895,#2896);
#2279=AXIS2_PLACEMENT_3D('',#3579,#2897,#2898);
#2280=AXIS2_PLACEMENT_3D('',#3583,#2901,#2902);
#2281=AXIS2_PLACEMENT_3D('',#3584,#2903,#2904);
#2282=AXIS2_PLACEMENT_3D('',#3585,#2905,#2906);
#2283=AXIS2_PLACEMENT_3D('',#3586,#2907,#2908);
#2284=AXIS2_PLACEMENT_3D('',#3587,#2909,#2910);
#2285=AXIS2_PLACEMENT_3D('',#3588,#2911,#2912);
#2286=AXIS2_PLACEMENT_3D('',#3589,#2913,#2914);
#2287=AXIS2_PLACEMENT_3D('',#3590,#2915,#2916);
#2288=AXIS2_PLACEMENT_3D('',#3591,#2917,#2918);
#2289=AXIS2_PLACEMENT_3D('',#3592,#2919,#2920);
#2290=AXIS2_PLACEMENT_3D('',#3593,#2921,#2922);
#2291=DIRECTION('axis',(0.,0.,1.));
#2292=DIRECTION('refdir',(1.,0.,0.));
#2293=DIRECTION('center_axis',(1.47993596544271E-16,-1.,0.));
#2294=DIRECTION('ref_axis',(1.,1.47993596544271E-16,0.));
#2295=DIRECTION('',(0.478232998312527,7.07754214064212E-17,0.878232998312527));
#2296=DIRECTION('center_axis',(-1.47993596544271E-16,1.,0.));
#2297=DIRECTION('ref_axis',(1.,1.11022302462515E-15,0.));
#2298=DIRECTION('',(-1.,-1.47993596544271E-16,0.));
#2299=DIRECTION('center_axis',(-1.47993596544271E-16,1.,0.));
#2300=DIRECTION('ref_axis',(1.,1.11022302462515E-15,0.));
#2301=DIRECTION('',(0.478232998312525,7.07754214064208E-17,-0.878232998312528));
#2302=DIRECTION('',(1.,1.47993596544271E-16,0.));
#2303=DIRECTION('',(0.,0.,1.));
#2304=DIRECTION('',(1.,1.47993596544271E-16,0.));
#2305=DIRECTION('',(-0.478232998312525,-7.07754214064208E-17,-0.878232998312528));
#2306=DIRECTION('center_axis',(-1.47993596544271E-16,1.,0.));
#2307=DIRECTION('ref_axis',(1.,1.11022302462515E-15,0.));
#2308=DIRECTION('',(1.,1.47993596544271E-16,0.));
#2309=DIRECTION('center_axis',(-1.47993596544271E-16,1.,0.));
#2310=DIRECTION('ref_axis',(1.,1.11022302462515E-15,0.));
#2311=DIRECTION('',(-0.478232998312527,-7.07754214064212E-17,0.878232998312527));
#2312=DIRECTION('',(0.999860597510045,1.47972965868415E-16,0.0166968723674576));
#2313=DIRECTION('',(0.,0.,1.));
#2314=DIRECTION('',(1.,1.47993596544271E-16,0.));
#2315=DIRECTION('',(0.,0.,1.));
#2316=DIRECTION('',(1.,1.47993596544271E-16,0.));
#2317=DIRECTION('',(0.,0.,1.));
#2318=DIRECTION('',(0.999860597510045,1.47972965868415E-16,-0.0166968723674576));
#2319=DIRECTION('center_axis',(-0.878232998312527,-9.75034495712149E-16,
0.478232998312527));
#2320=DIRECTION('ref_axis',(-0.478232998312527,-5.12010555871376E-16,-0.878232998312527));
#2321=DIRECTION('',(1.11022302462515E-15,-1.,0.));
#2322=DIRECTION('',(-0.478232998312527,-5.12010555871376E-16,-0.878232998312527));
#2323=DIRECTION('',(1.11022302462515E-15,-1.,0.));
#2324=DIRECTION('center_axis',(0.0166968723674576,1.85372521415789E-17,
0.999860597510045));
#2325=DIRECTION('ref_axis',(-0.999860597510045,-1.07048066973925E-15,0.0166968723674576));
#2326=DIRECTION('',(0.,1.,0.));
#2327=DIRECTION('',(0.999860597510045,1.07048066973925E-15,-0.0166968723674576));
#2328=DIRECTION('center_axis',(-1.11022302462515E-15,1.,0.));
#2329=DIRECTION('ref_axis',(-1.,-1.11022302462515E-15,0.));
#2330=DIRECTION('center_axis',(1.07062991821567E-15,-1.,0.));
#2331=DIRECTION('ref_axis',(1.,1.11022302462515E-15,0.));
#2332=DIRECTION('',(1.11022302462515E-15,-1.,0.));
#2333=DIRECTION('center_axis',(1.,0.,0.));
#2334=DIRECTION('ref_axis',(0.,0.,-1.));
#2335=DIRECTION('center_axis',(1.,0.,0.));
#2336=DIRECTION('ref_axis',(0.,0.707106781186548,-0.707106781186548));
#2337=DIRECTION('',(0.,1.,0.));
#2338=DIRECTION('',(0.,0.,-1.));
#2339=DIRECTION('',(0.,-1.,0.));
#2340=DIRECTION('center_axis',(-1.,0.,0.));
#2341=DIRECTION('ref_axis',(0.,0.707106781186548,-0.707106781186548));
#2342=DIRECTION('center_axis',(-1.07062991821567E-15,1.,0.));
#2343=DIRECTION('ref_axis',(-1.,-1.07062991821567E-15,0.));
#2344=DIRECTION('',(0.,0.,-1.));
#2345=DIRECTION('',(1.,-1.07062991821567E-15,0.));
#2346=DIRECTION('',(0.,0.,-1.));
#2347=DIRECTION('',(1.,-1.07062991821567E-15,0.));
#2348=DIRECTION('',(0.,0.,-1.));
#2349=DIRECTION('',(0.999860597510045,1.07048066973925E-15,0.0166968723674576));
#2350=DIRECTION('',(0.478232998312527,5.12010555871376E-16,-0.878232998312527));
#2351=DIRECTION('center_axis',(1.07062991821567E-15,-1.,0.));
#2352=DIRECTION('ref_axis',(1.,1.11022302462515E-15,0.));
#2353=DIRECTION('',(-1.,-1.07062991821567E-15,0.));
#2354=DIRECTION('center_axis',(1.07062991821567E-15,-1.,0.));
#2355=DIRECTION('ref_axis',(1.,1.11022302462515E-15,0.));
#2356=DIRECTION('',(0.478232998312525,5.12010555871373E-16,0.878232998312528));
#2357=DIRECTION('',(1.,-1.07062991821567E-15,0.));
#2358=DIRECTION('',(0.,0.,-1.));
#2359=DIRECTION('',(1.,1.07062991821567E-15,0.));
#2360=DIRECTION('',(-0.478232998312525,-5.12010555871373E-16,0.878232998312528));
#2361=DIRECTION('center_axis',(1.07062991821567E-15,-1.,0.));
#2362=DIRECTION('ref_axis',(1.,1.11022302462515E-15,0.));
#2363=DIRECTION('',(1.,1.07062991821567E-15,0.));
#2364=DIRECTION('center_axis',(0.878232998312528,9.75034495712147E-16,0.478232998312525));
#2365=DIRECTION('ref_axis',(-0.478232998312525,-5.12010555871373E-16,0.878232998312528));
#2366=DIRECTION('',(1.11022302462515E-15,-1.,0.));
#2367=DIRECTION('',(1.11022302462515E-15,-1.,0.));
#2368=DIRECTION('center_axis',(-1.11022302462515E-15,1.,0.));
#2369=DIRECTION('ref_axis',(-1.,-1.11022302462515E-15,0.));
#2370=DIRECTION('',(1.11022302462515E-15,-1.,0.));
#2371=DIRECTION('center_axis',(0.878232998312527,9.75034495712149E-16,0.478232998312527));
#2372=DIRECTION('ref_axis',(-0.478232998312527,-5.12010555871376E-16,0.878232998312527));
#2373=DIRECTION('',(1.11022302462515E-15,-1.,0.));
#2374=DIRECTION('',(1.11022302462515E-15,-1.,0.));
#2375=DIRECTION('center_axis',(-0.0166968723674576,-1.85372521415789E-17,
0.999860597510045));
#2376=DIRECTION('ref_axis',(-0.999860597510045,-1.07048066973925E-15,-0.0166968723674576));
#2377=DIRECTION('',(0.,-1.,0.));
#2378=DIRECTION('center_axis',(1.11022302462515E-15,-1.,0.));
#2379=DIRECTION('ref_axis',(-1.,-1.11022302462515E-15,0.));
#2380=DIRECTION('',(-1.11022302462515E-15,1.,0.));
#2381=DIRECTION('center_axis',(-0.878232998312528,-9.75034495712147E-16,
0.478232998312525));
#2382=DIRECTION('ref_axis',(-0.478232998312525,-5.12010555871373E-16,-0.878232998312528));
#2383=DIRECTION('',(1.11022302462515E-15,-1.,0.));
#2384=DIRECTION('',(1.11022302462515E-15,-1.,0.));
#2385=DIRECTION('center_axis',(1.11022302462515E-15,-1.,0.));
#2386=DIRECTION('ref_axis',(-1.,-1.11022302462515E-15,0.));
#2387=DIRECTION('',(-1.11022302462515E-15,1.,0.));
#2388=DIRECTION('center_axis',(1.,0.,0.));
#2389=DIRECTION('ref_axis',(0.,0.,-1.));
#2390=DIRECTION('center_axis',(-1.,0.,0.));
#2391=DIRECTION('ref_axis',(0.,0.707106781186548,0.707106781186547));
#2392=DIRECTION('',(0.,-1.,0.));
#2393=DIRECTION('',(0.,0.,1.));
#2394=DIRECTION('',(0.,1.,0.));
#2395=DIRECTION('center_axis',(1.,0.,0.));
#2396=DIRECTION('ref_axis',(0.,0.707106781186547,0.707106781186548));
#2397=DIRECTION('center_axis',(-0.81915204428899,-0.573576436351048,3.92523114670944E-16));
#2398=DIRECTION('ref_axis',(-0.529915529875495,0.756797807733379,0.382683432365088));
#2399=DIRECTION('center_axis',(0.819152044288991,0.573576436351047,0.));
#2400=DIRECTION('ref_axis',(-0.529915529875495,0.756797807733379,0.382683432365088));
#2401=DIRECTION('',(0.81915204428899,0.573576436351048,-3.53270803203849E-16));
#2402=DIRECTION('center_axis',(-0.81932089277135,-0.573335220153409,0.));
#2403=DIRECTION('ref_axis',(-0.573335220153409,0.81932089277135,1.96511484902008E-9));
#2404=DIRECTION('',(-0.81915204428899,-0.573576436351048,3.92523114670944E-16));
#2405=DIRECTION('center_axis',(-0.573576436351048,0.81915204428899,0.));
#2406=DIRECTION('ref_axis',(-0.81915204428899,-0.573576436351048,0.));
#2407=DIRECTION('',(0.,0.,1.));
#2408=DIRECTION('',(0.81915204428899,0.573576436351048,3.92523114670944E-16));
#2409=DIRECTION('',(0.,0.,-1.));
#2410=DIRECTION('center_axis',(0.81932089277135,0.573335220153409,0.));
#2411=DIRECTION('ref_axis',(-0.573335220153409,0.81932089277135,0.));
#2412=DIRECTION('',(-0.405409230850302,0.579347371803077,-0.70710676586088));
#2413=DIRECTION('',(0.,0.,1.));
#2414=DIRECTION('',(0.405409230850302,-0.579347371803077,-0.70710676586088));
#2415=DIRECTION('center_axis',(-0.81932089277135,-0.573335220153409,0.));
#2416=DIRECTION('ref_axis',(-0.573335220153409,0.81932089277135,-9.82557511246211E-10));
#2417=DIRECTION('center_axis',(-0.81915204428899,0.573576436351048,-3.92523114670944E-16));
#2418=DIRECTION('ref_axis',(0.529915529875497,0.756797807733375,0.382683432365094));
#2419=DIRECTION('center_axis',(0.81932089277135,-0.573335220153409,0.));
#2420=DIRECTION('ref_axis',(0.573335220153409,0.81932089277135,1.4738418179842E-9));
#2421=DIRECTION('',(0.81915204428899,-0.573576436351048,3.53270803203849E-16));
#2422=DIRECTION('center_axis',(-0.819152044288991,0.573576436351047,0.));
#2423=DIRECTION('ref_axis',(0.529915529875497,0.756797807733375,0.382683432365094));
#2424=DIRECTION('',(-0.81915204428899,0.573576436351048,-3.92523114670944E-16));
#2425=DIRECTION('center_axis',(-0.573576436351048,-0.81915204428899,0.));
#2426=DIRECTION('ref_axis',(0.81915204428899,-0.573576436351048,0.));
#2427=DIRECTION('',(0.,0.,1.));
#2428=DIRECTION('',(0.81915204428899,-0.573576436351048,-3.92523114670944E-16));
#2429=DIRECTION('',(0.,0.,-1.));
#2430=DIRECTION('center_axis',(-0.819152044288991,0.573576436351047,0.));
#2431=DIRECTION('ref_axis',(-0.573576436351047,-0.819152044288991,0.));
#2432=DIRECTION('',(0.40557978767264,0.579227965339569,-0.707106781186547));
#2433=DIRECTION('',(0.,0.,1.));
#2434=DIRECTION('',(-0.40557978767264,-0.579227965339569,-0.707106781186547));
#2435=DIRECTION('center_axis',(-0.819152044288991,0.573576436351047,0.));
#2436=DIRECTION('ref_axis',(0.529915529875497,0.756797807733375,-0.382683432365092));
#2437=DIRECTION('center_axis',(0.81915204428899,0.573576436351048,3.92523114670944E-16));
#2438=DIRECTION('ref_axis',(-0.529915529875495,0.756797807733378,-0.382683432365089));
#2439=DIRECTION('',(-0.81915204428899,-0.573576436351048,-3.53270803203849E-16));
#2440=DIRECTION('center_axis',(0.819152044288991,0.573576436351047,0.));
#2441=DIRECTION('ref_axis',(-0.529915529875495,0.756797807733378,-0.382683432365089));
#2442=DIRECTION('center_axis',(-0.819152044288991,-0.573576436351047,0.));
#2443=DIRECTION('ref_axis',(0.573576436351047,-0.819152044288991,0.));
#2444=DIRECTION('',(-0.40557978767264,0.579227965339569,0.707106781186547));
#2445=DIRECTION('',(0.,0.,-1.));
#2446=DIRECTION('',(0.40557978767264,-0.579227965339569,0.707106781186547));
#2447=DIRECTION('center_axis',(-0.40557978767264,0.579227965339568,-0.707106781186548));
#2448=DIRECTION('ref_axis',(-0.867439421552547,8.32667268468867E-17,0.497542812164524));
#2449=DIRECTION('center_axis',(-0.40557978767264,0.579227965339568,-0.707106781186548));
#2450=DIRECTION('ref_axis',(0.40557978767264,-0.579227965339569,-0.707106781186547));
#2451=DIRECTION('center_axis',(-0.40557978767264,0.579227965339568,-0.707106781186548));
#2452=DIRECTION('ref_axis',(0.40557978767264,-0.579227965339569,-0.707106781186547));
#2453=DIRECTION('',(0.81915204428899,0.573576436351048,-3.92523114670944E-17));
#2454=DIRECTION('center_axis',(0.40557978767264,-0.579227965339568,0.707106781186548));
#2455=DIRECTION('ref_axis',(-0.40557978767264,0.579227965339569,0.707106781186547));
#2456=DIRECTION('center_axis',(0.40557978767264,-0.579227965339568,0.707106781186548));
#2457=DIRECTION('ref_axis',(-0.40557978767264,0.579227965339569,0.707106781186547));
#2458=DIRECTION('center_axis',(-0.40557978767264,0.579227965339568,-0.707106781186548));
#2459=DIRECTION('ref_axis',(-0.40557978767264,0.579227965339569,0.707106781186547));
#2460=DIRECTION('center_axis',(0.81915204428899,-0.573576436351048,-3.92523114670944E-16));
#2461=DIRECTION('ref_axis',(0.529915529875497,0.756797807733375,-0.382683432365092));
#2462=DIRECTION('',(-0.81915204428899,0.573576436351048,3.53270803203849E-16));
#2463=DIRECTION('center_axis',(0.81932089277135,-0.573335220153409,0.));
#2464=DIRECTION('ref_axis',(0.573335220153409,0.81932089277135,-2.45639828839637E-9));
#2465=DIRECTION('center_axis',(0.81932089277135,-0.573335220153409,0.));
#2466=DIRECTION('ref_axis',(0.573335220153409,0.81932089277135,0.));
#2467=DIRECTION('',(0.405409230850302,0.579347371803077,0.70710676586088));
#2468=DIRECTION('',(0.,0.,1.));
#2469=DIRECTION('',(-0.405409230850302,-0.579347371803077,0.70710676586088));
#2470=DIRECTION('center_axis',(0.40557978767264,0.579227965339568,-0.707106781186548));
#2471=DIRECTION('ref_axis',(-0.867439421552547,-8.32667268468867E-17,-0.497542812164524));
#2472=DIRECTION('center_axis',(0.40557978767264,0.579227965339568,-0.707106781186548));
#2473=DIRECTION('ref_axis',(0.40557978767264,0.579227965339569,0.707106781186547));
#2474=DIRECTION('center_axis',(-0.40557978767264,-0.579227965339568,0.707106781186548));
#2475=DIRECTION('ref_axis',(0.40557978767264,0.579227965339569,0.707106781186547));
#2476=DIRECTION('center_axis',(-0.40557978767264,-0.579227965339568,0.707106781186548));
#2477=DIRECTION('ref_axis',(0.40557978767264,0.579227965339569,0.707106781186547));
#2478=DIRECTION('',(0.81915204428899,-0.573576436351048,3.92523114670944E-17));
#2479=DIRECTION('center_axis',(0.40557978767264,0.579227965339568,-0.707106781186548));
#2480=DIRECTION('ref_axis',(-0.40557978767264,-0.579227965339569,-0.707106781186547));
#2481=DIRECTION('center_axis',(0.40557978767264,0.579227965339568,-0.707106781186548));
#2482=DIRECTION('ref_axis',(-0.40557978767264,-0.579227965339569,-0.707106781186547));
#2483=DIRECTION('center_axis',(-0.81915204428899,0.573576436351048,0.));
#2484=DIRECTION('ref_axis',(0.219498199386555,0.313475915937389,-0.923879532511287));
#2485=DIRECTION('',(-0.81915204428899,0.573576436351048,0.));
#2486=DIRECTION('center_axis',(0.,0.,-1.));
#2487=DIRECTION('ref_axis',(0.822751031616709,-0.568401917637196,0.));
#2488=DIRECTION('',(0.,0.,1.));
#2489=DIRECTION('center_axis',(0.,0.,-1.));
#2490=DIRECTION('ref_axis',(0.822751031616709,-0.568401917637196,0.));
#2491=DIRECTION('center_axis',(0.,0.,-1.));
#2492=DIRECTION('ref_axis',(0.822751031616709,-0.568401917637196,0.));
#2493=DIRECTION('center_axis',(0.,0.,-1.));
#2494=DIRECTION('ref_axis',(0.822751031616709,-0.568401917637196,0.));
#2495=DIRECTION('',(0.,0.,1.));
#2496=DIRECTION('center_axis',(0.,0.,-1.));
#2497=DIRECTION('ref_axis',(0.822751031616709,-0.568401917637196,0.));
#2498=DIRECTION('center_axis',(-0.81915204428899,-0.573576436351048,0.));
#2499=DIRECTION('ref_axis',(-0.219498199386557,0.313475915937389,-0.923879532511287));
#2500=DIRECTION('',(-0.81915204428899,-0.573576436351048,0.));
#2501=DIRECTION('center_axis',(0.,0.,1.));
#2502=DIRECTION('ref_axis',(-0.822751031616709,-0.568401917637196,0.));
#2503=DIRECTION('center_axis',(0.,0.,1.));
#2504=DIRECTION('ref_axis',(-0.822751031616709,-0.568401917637196,0.));
#2505=DIRECTION('',(0.,0.,1.));
#2506=DIRECTION('center_axis',(0.,0.,1.));
#2507=DIRECTION('ref_axis',(-0.822751031616709,-0.568401917637196,0.));
#2508=DIRECTION('center_axis',(0.,0.,1.));
#2509=DIRECTION('ref_axis',(-0.822751031616709,-0.568401917637196,0.));
#2510=DIRECTION('center_axis',(0.,0.,1.));
#2511=DIRECTION('ref_axis',(-0.822751031616709,-0.568401917637196,0.));
#2512=DIRECTION('',(0.,0.,1.));
#2513=DIRECTION('center_axis',(0.,0.,1.));
#2514=DIRECTION('ref_axis',(1.,0.,0.));
#2515=DIRECTION('center_axis',(0.,0.,-1.));
#2516=DIRECTION('ref_axis',(0.822255244134122,0.569118892230732,0.));
#2517=DIRECTION('',(0.609257716519152,0.792972278747415,0.));
#2518=DIRECTION('center_axis',(0.,0.,-1.));
#2519=DIRECTION('ref_axis',(1.40534560079134E-15,-1.,0.));
#2520=DIRECTION('',(0.,-1.,0.));
#2521=DIRECTION('center_axis',(0.,0.,1.));
#2522=DIRECTION('ref_axis',(-0.792972278747415,0.609257716519152,0.));
#2523=DIRECTION('',(-0.609257716519152,-0.792972278747416,0.));
#2524=DIRECTION('center_axis',(0.81915204428899,-0.573576436351048,0.));
#2525=DIRECTION('ref_axis',(0.219498199386555,0.313475915937392,0.923879532511286));
#2526=DIRECTION('',(-0.81915204428899,0.573576436351048,3.92523114670944E-17));
#2527=DIRECTION('',(0.81915204428899,-0.573576436351048,0.));
#2528=DIRECTION('center_axis',(0.,0.,1.));
#2529=DIRECTION('ref_axis',(0.81915204428899,-0.573576436351048,0.));
#2530=DIRECTION('center_axis',(0.,0.,1.));
#2531=DIRECTION('ref_axis',(0.81915204428899,-0.573576436351048,0.));
#2532=DIRECTION('',(0.,0.,-1.));
#2533=DIRECTION('center_axis',(0.,0.,-1.));
#2534=DIRECTION('ref_axis',(0.81915204428899,-0.573576436351048,0.));
#2535=DIRECTION('',(0.,0.,1.));
#2536=DIRECTION('center_axis',(0.40557978767264,0.579227965339568,0.707106781186548));
#2537=DIRECTION('ref_axis',(0.40557978767264,0.579227965339569,-0.707106781186547));
#2538=DIRECTION('center_axis',(0.,0.,1.));
#2539=DIRECTION('ref_axis',(1.,0.,0.));
#2540=DIRECTION('center_axis',(0.,0.,1.));
#2541=DIRECTION('ref_axis',(-0.95376121035911,0.300565389914283,0.));
#2542=DIRECTION('center_axis',(0.,0.,-1.));
#2543=DIRECTION('ref_axis',(-0.744394184386716,-0.667740442276215,0.));
#2544=DIRECTION('center_axis',(0.,0.,1.));
#2545=DIRECTION('ref_axis',(-0.634072007923665,-0.773274006266635,0.));
#2546=DIRECTION('center_axis',(0.,0.,-1.));
#2547=DIRECTION('ref_axis',(-0.742602482323462,0.669732449002609,0.));
#2548=DIRECTION('center_axis',(0.,0.,-1.));
#2549=DIRECTION('ref_axis',(-0.999999950157049,0.000315730738457698,0.));
#2550=DIRECTION('',(-0.609257716519152,0.792972278747415,0.));
#2551=DIRECTION('center_axis',(0.,0.,-1.));
#2552=DIRECTION('ref_axis',(-1.40534560079134E-15,-1.,0.));
#2553=DIRECTION('center_axis',(0.,0.,1.));
#2554=DIRECTION('ref_axis',(0.792972278747415,0.609257716519152,0.));
#2555=DIRECTION('',(0.609257716519152,-0.792972278747416,0.));
#2556=DIRECTION('center_axis',(0.,0.,1.));
#2557=DIRECTION('ref_axis',(-0.999669130595831,0.025722156475985,0.));
#2558=DIRECTION('center_axis',(0.,0.,-1.));
#2559=DIRECTION('ref_axis',(0.689083661570075,0.724681797313261,0.));
#2560=DIRECTION('center_axis',(0.81915204428899,0.573576436351048,0.));
#2561=DIRECTION('ref_axis',(-0.219498199386556,0.313475915937388,0.923879532511287));
#2562=DIRECTION('',(-0.81915204428899,-0.573576436351048,-3.92523114670944E-17));
#2563=DIRECTION('',(0.81915204428899,0.573576436351048,0.));
#2564=DIRECTION('center_axis',(0.,0.,1.));
#2565=DIRECTION('ref_axis',(1.,0.,0.));
#2566=DIRECTION('center_axis',(0.,0.,1.));
#2567=DIRECTION('ref_axis',(-0.81915204428899,-0.573576436351048,0.));
#2568=DIRECTION('center_axis',(0.,0.,1.));
#2569=DIRECTION('ref_axis',(-0.689083661570075,0.724681797313261,0.));
#2570=DIRECTION('center_axis',(0.,0.,1.));
#2571=DIRECTION('ref_axis',(0.999669130595831,0.025722156475985,0.));
#2572=DIRECTION('',(-0.609257716519152,-0.792972278747416,0.));
#2573=DIRECTION('center_axis',(0.,0.,-1.));
#2574=DIRECTION('ref_axis',(-0.792972278747415,0.609257716519152,0.));
#2575=DIRECTION('',(0.,1.,0.));
#2576=DIRECTION('center_axis',(0.,0.,1.));
#2577=DIRECTION('ref_axis',(1.40534560079134E-15,-1.,0.));
#2578=DIRECTION('',(0.609257716519152,0.792972278747415,0.));
#2579=DIRECTION('center_axis',(0.,0.,-1.));
#2580=DIRECTION('ref_axis',(0.792972278747415,-0.609257716519152,0.));
#2581=DIRECTION('center_axis',(0.,0.,-1.));
#2582=DIRECTION('ref_axis',(0.742602482323462,0.669732449002609,0.));
#2583=DIRECTION('center_axis',(0.,0.,-1.));
#2584=DIRECTION('ref_axis',(0.634072007923665,-0.773274006266635,0.));
#2585=DIRECTION('center_axis',(0.,0.,-1.));
#2586=DIRECTION('ref_axis',(0.744394184386716,-0.667740442276215,0.));
#2587=DIRECTION('center_axis',(0.,0.,-1.));
#2588=DIRECTION('ref_axis',(0.95376121035911,0.300565389914283,0.));
#2589=DIRECTION('center_axis',(0.,0.,-1.));
#2590=DIRECTION('ref_axis',(-0.81915204428899,-0.573576436351048,0.));
#2591=DIRECTION('center_axis',(-0.40557978767264,0.579227965339568,0.707106781186548));
#2592=DIRECTION('ref_axis',(-0.40557978767264,0.579227965339569,-0.707106781186547));
#2593=DIRECTION('',(0.,0.,-1.));
#2594=DIRECTION('center_axis',(0.,0.,-1.));
#2595=DIRECTION('ref_axis',(-0.81915204428899,-0.573576436351048,0.));
#2596=DIRECTION('',(0.,0.,1.));
#2597=DIRECTION('center_axis',(0.,0.,1.));
#2598=DIRECTION('ref_axis',(-0.839432783175098,-0.543463524563433,0.));
#2599=DIRECTION('center_axis',(0.,0.,1.));
#2600=DIRECTION('ref_axis',(-0.839432783175098,-0.543463524563433,0.));
#2601=DIRECTION('center_axis',(0.,0.,-1.));
#2602=DIRECTION('ref_axis',(0.839432783175098,-0.543463524563433,0.));
#2603=DIRECTION('center_axis',(0.,0.,1.));
#2604=DIRECTION('ref_axis',(0.839432783175098,-0.543463524563433,0.));
#2605=DIRECTION('center_axis',(0.,0.,-1.));
#2606=DIRECTION('ref_axis',(-0.744394184386716,-0.667740442276215,0.));
#2607=DIRECTION('center_axis',(0.,0.,1.));
#2608=DIRECTION('ref_axis',(-0.744394184386716,-0.667740442276215,0.));
#2609=DIRECTION('',(0.,0.,1.));
#2610=DIRECTION('',(0.,0.,-1.));
#2611=DIRECTION('center_axis',(0.,0.,-1.));
#2612=DIRECTION('ref_axis',(-0.744394184386716,-0.667740442276215,0.));
#2613=DIRECTION('center_axis',(0.,0.,-1.));
#2614=DIRECTION('ref_axis',(-0.634072007923665,-0.773274006266635,0.));
#2615=DIRECTION('center_axis',(0.,0.,1.));
#2616=DIRECTION('ref_axis',(-0.634072007923665,-0.773274006266635,0.));
#2617=DIRECTION('',(0.,0.,-1.));
#2618=DIRECTION('center_axis',(0.,0.,1.));
#2619=DIRECTION('ref_axis',(0.744394184386716,-0.667740442276215,0.));
#2620=DIRECTION('',(0.,0.,-1.));
#2621=DIRECTION('center_axis',(0.,0.,1.));
#2622=DIRECTION('ref_axis',(0.744394184386716,-0.667740442276215,0.));
#2623=DIRECTION('center_axis',(0.,0.,-1.));
#2624=DIRECTION('ref_axis',(0.744394184386716,-0.667740442276215,0.));
#2625=DIRECTION('',(0.,0.,-1.));
#2626=DIRECTION('center_axis',(0.,0.,1.));
#2627=DIRECTION('ref_axis',(1.,0.,0.));
#2628=DIRECTION('center_axis',(0.,0.,-1.));
#2629=DIRECTION('ref_axis',(0.634072007923665,-0.773274006266635,0.));
#2630=DIRECTION('center_axis',(0.,0.,1.));
#2631=DIRECTION('ref_axis',(0.742602482323462,0.669732449002609,0.));
#2632=DIRECTION('',(0.609257716519152,0.792972278747416,0.));
#2633=DIRECTION('center_axis',(0.,0.,-1.));
#2634=DIRECTION('ref_axis',(0.999669130595831,0.025722156475985,0.));
#2635=DIRECTION('center_axis',(0.,0.,1.));
#2636=DIRECTION('ref_axis',(-0.689083661570075,0.724681797313261,0.));
#2637=DIRECTION('center_axis',(0.,0.,1.));
#2638=DIRECTION('ref_axis',(0.634072007923665,-0.773274006266635,0.));
#2639=DIRECTION('',(0.,0.,1.));
#2640=DIRECTION('center_axis',(0.,0.,1.));
#2641=DIRECTION('ref_axis',(-0.742602482323462,0.669732449002609,0.));
#2642=DIRECTION('center_axis',(0.,0.,1.));
#2643=DIRECTION('ref_axis',(-0.742602482323462,0.669732449002609,0.));
#2644=DIRECTION('center_axis',(0.,0.,-1.));
#2645=DIRECTION('ref_axis',(-0.742602482323462,0.669732449002609,0.));
#2646=DIRECTION('',(0.,0.,-1.));
#2647=DIRECTION('center_axis',(0.,0.,1.));
#2648=DIRECTION('ref_axis',(-0.999999950157049,0.000315730738457698,0.));
#2649=DIRECTION('center_axis',(0.,0.,-1.));
#2650=DIRECTION('ref_axis',(-0.999999950157049,0.000315730738457698,0.));
#2651=DIRECTION('',(0.,0.,1.));
#2652=DIRECTION('center_axis',(0.,0.,-1.));
#2653=DIRECTION('ref_axis',(0.742602482323462,0.669732449002609,0.));
#2654=DIRECTION('',(0.,0.,1.));
#2655=DIRECTION('center_axis',(0.,0.,-1.));
#2656=DIRECTION('ref_axis',(0.742602482323462,0.669732449002609,0.));
#2657=DIRECTION('center_axis',(0.,0.,1.));
#2658=DIRECTION('ref_axis',(0.792972278747415,-0.609257716519152,0.));
#2659=DIRECTION('center_axis',(0.,0.,-1.));
#2660=DIRECTION('ref_axis',(0.792972278747415,-0.609257716519152,0.));
#2661=DIRECTION('',(0.,0.,-1.));
#2662=DIRECTION('center_axis',(0.792972278747415,-0.609257716519152,0.));
#2663=DIRECTION('ref_axis',(0.609257716519152,0.792972278747415,0.));
#2664=DIRECTION('',(0.609257716519152,0.792972278747415,0.));
#2665=DIRECTION('',(0.,0.,1.));
#2666=DIRECTION('',(0.,0.,1.));
#2667=DIRECTION('center_axis',(0.,0.,1.));
#2668=DIRECTION('ref_axis',(-0.999669130595831,0.025722156475985,0.));
#2669=DIRECTION('center_axis',(0.,0.,-1.));
#2670=DIRECTION('ref_axis',(-0.999669130595831,0.025722156475985,0.));
#2671=DIRECTION('',(0.,0.,1.));
#2672=DIRECTION('',(0.,0.,-1.));
#2673=DIRECTION('center_axis',(0.,0.,-1.));
#2674=DIRECTION('ref_axis',(0.689083661570075,0.724681797313261,0.));
#2675=DIRECTION('center_axis',(0.,0.,-1.));
#2676=DIRECTION('ref_axis',(0.689083661570075,0.724681797313261,0.));
#2677=DIRECTION('',(0.,0.,1.));
#2678=DIRECTION('center_axis',(0.,0.,1.));
#2679=DIRECTION('ref_axis',(0.689083661570075,0.724681797313261,0.));
#2680=DIRECTION('',(0.,0.,-1.));
#2681=DIRECTION('center_axis',(0.,0.,-1.));
#2682=DIRECTION('ref_axis',(0.689083661570075,0.724681797313261,0.));
#2683=DIRECTION('',(0.,0.,-1.));
#2684=DIRECTION('center_axis',(0.,0.,-1.));
#2685=DIRECTION('ref_axis',(0.689083661570075,0.724681797313261,0.));
#2686=DIRECTION('center_axis',(0.,0.,-1.));
#2687=DIRECTION('ref_axis',(0.689083661570075,0.724681797313261,0.));
#2688=DIRECTION('',(0.,0.,1.));
#2689=DIRECTION('center_axis',(0.,0.,-1.));
#2690=DIRECTION('ref_axis',(0.689083661570075,0.724681797313261,0.));
#2691=DIRECTION('',(0.,0.,1.));
#2692=DIRECTION('center_axis',(0.,0.,1.));
#2693=DIRECTION('ref_axis',(0.689083661570075,0.724681797313261,0.));
#2694=DIRECTION('',(0.,0.,-1.));
#2695=DIRECTION('center_axis',(0.,0.,-1.));
#2696=DIRECTION('ref_axis',(0.689083661570075,0.724681797313261,0.));
#2697=DIRECTION('',(0.,0.,1.));
#2698=DIRECTION('center_axis',(0.,0.,-1.));
#2699=DIRECTION('ref_axis',(0.689083661570075,0.724681797313261,0.));
#2700=DIRECTION('',(0.,0.,-1.));
#2701=DIRECTION('center_axis',(0.,0.,1.));
#2702=DIRECTION('ref_axis',(0.999669130595831,0.025722156475985,0.));
#2703=DIRECTION('',(0.,0.,1.));
#2704=DIRECTION('',(0.,0.,-1.));
#2705=DIRECTION('center_axis',(-0.792972278747416,0.609257716519152,0.));
#2706=DIRECTION('ref_axis',(-0.609257716519152,-0.792972278747416,0.));
#2707=DIRECTION('',(0.,0.,-1.));
#2708=DIRECTION('center_axis',(0.,0.,-1.));
#2709=DIRECTION('ref_axis',(-0.95376121035911,0.300565389914283,0.));
#2710=DIRECTION('center_axis',(0.40557978767264,0.579227965339568,0.707106781186548));
#2711=DIRECTION('ref_axis',(-0.40557978767264,-0.579227965339569,0.707106781186547));
#2712=DIRECTION('',(0.,0.,-1.));
#2713=DIRECTION('center_axis',(0.,0.,-1.));
#2714=DIRECTION('ref_axis',(-0.95376121035911,0.300565389914283,0.));
#2715=DIRECTION('center_axis',(0.,0.,-1.));
#2716=DIRECTION('ref_axis',(-0.822255244134122,0.569118892230732,0.));
#2717=DIRECTION('center_axis',(0.,0.,1.));
#2718=DIRECTION('ref_axis',(-0.822255244134122,0.569118892230732,0.));
#2719=DIRECTION('',(0.,0.,1.));
#2720=DIRECTION('center_axis',(0.,0.,-1.));
#2721=DIRECTION('ref_axis',(-0.822255244134122,0.569118892230732,0.));
#2722=DIRECTION('center_axis',(0.40557978767264,0.579227965339568,0.707106781186548));
#2723=DIRECTION('ref_axis',(0.867439421552547,8.32667268468867E-17,-0.497542812164524));
#2724=DIRECTION('center_axis',(-0.40557978767264,0.579227965339568,0.707106781186548));
#2725=DIRECTION('ref_axis',(0.867439421552547,-8.32667268468867E-17,0.497542812164524));
#2726=DIRECTION('center_axis',(-0.40557978767264,0.579227965339568,0.707106781186548));
#2727=DIRECTION('ref_axis',(0.40557978767264,-0.579227965339569,0.707106781186547));
#2728=DIRECTION('center_axis',(0.,0.,1.));
#2729=DIRECTION('ref_axis',(0.95376121035911,0.300565389914283,0.));
#2730=DIRECTION('center_axis',(0.,0.,1.));
#2731=DIRECTION('ref_axis',(0.95376121035911,0.300565389914283,0.));
#2732=DIRECTION('',(0.,0.,-1.));
#2733=DIRECTION('center_axis',(0.,0.,-1.));
#2734=DIRECTION('ref_axis',(0.689083661570075,0.724681797313261,0.));
#2735=DIRECTION('center_axis',(0.,0.,1.));
#2736=DIRECTION('ref_axis',(0.999996363954094,0.0026966791784942,0.));
#2737=DIRECTION('',(1.39955387346686E-13,-2.81346214563595E-12,1.));
#2738=DIRECTION('center_axis',(0.,0.,1.));
#2739=DIRECTION('ref_axis',(0.998764505656716,0.0496936841086958,0.));
#2740=DIRECTION('',(-1.04159105583015E-12,2.61676202591954E-12,-1.));
#2741=DIRECTION('center_axis',(0.,0.,1.));
#2742=DIRECTION('ref_axis',(0.929095572835315,0.369839717361209,0.));
#2743=DIRECTION('',(1.16362907765388E-12,-2.56533611092608E-12,1.));
#2744=DIRECTION('center_axis',(0.,0.,-1.));
#2745=DIRECTION('ref_axis',(0.910686288217725,0.413098637678972,0.));
#2746=DIRECTION('',(9.86864910777915E-13,2.64120936120926E-12,-1.));
#2747=DIRECTION('center_axis',(0.,0.,1.));
#2748=DIRECTION('ref_axis',(0.936679842413799,-0.350186911256918,0.));
#2749=DIRECTION('',(-7.89491928622333E-15,2.8163330253764E-12,-1.));
#2750=DIRECTION('center_axis',(0.,0.,1.));
#2751=DIRECTION('ref_axis',(1.,0.,0.));
#2752=DIRECTION('',(0.999996363954094,0.0026966791784942,0.));
#2753=DIRECTION('',(0.998764505656683,0.0496936841093673,0.));
#2754=DIRECTION('center_axis',(0.0496936841090319,-0.9987645056567,-2.86011394141818E-12));
#2755=DIRECTION('ref_axis',(6.39937490420426E-19,2.86365199906506E-12,-1.));
#2756=DIRECTION('',(0.998764505656716,0.0496936841086958,0.));
#2757=DIRECTION('center_axis',(0.,0.,1.));
#2758=DIRECTION('ref_axis',(1.,0.,0.));
#2759=DIRECTION('',(0.929095572835845,0.369839717359876,0.));
#2760=DIRECTION('center_axis',(-0.369839717360543,0.92909557283558,2.8603382288979E-12));
#2761=DIRECTION('ref_axis',(7.70980436056465E-18,-3.07862340660644E-12,
1.));
#2762=DIRECTION('',(0.929095572835314,0.369839717361209,0.));
#2763=DIRECTION('center_axis',(0.,0.,1.));
#2764=DIRECTION('ref_axis',(1.,0.,0.));
#2765=DIRECTION('',(0.910686288217077,0.413098637680401,0.));
#2766=DIRECTION('center_axis',(0.413098637679686,-0.910686288217401,-2.86016520712783E-12));
#2767=DIRECTION('ref_axis',(-2.67933043149626E-17,3.14065795856974E-12,
-1.));
#2768=DIRECTION('',(0.910686288217725,0.413098637678972,0.));
#2769=DIRECTION('center_axis',(0.,0.,-1.));
#2770=DIRECTION('ref_axis',(-1.,0.,0.));
#2771=DIRECTION('',(0.936679842413752,-0.350186911257044,0.));
#2772=DIRECTION('center_axis',(0.350186911256981,0.936679842413776,2.86011394141818E-12));
#2773=DIRECTION('ref_axis',(2.98899352256673E-18,-3.05346059412811E-12,
1.));
#2774=DIRECTION('',(0.936679842413799,-0.350186911256918,0.));
#2775=DIRECTION('center_axis',(0.,0.,1.));
#2776=DIRECTION('ref_axis',(1.,0.,0.));
#2777=DIRECTION('',(0.999996363954095,0.00269667917782132,0.));
#2778=DIRECTION('center_axis',(-0.00269667917815742,0.999996363954095,2.86006908392224E-12));
#2779=DIRECTION('ref_axis',(-8.80835116883917E-20,-2.86007948354007E-12,
1.));
#2780=DIRECTION('center_axis',(0.,0.,-1.));
#2781=DIRECTION('ref_axis',(0.689083661570075,0.724681797313261,0.));
#2782=DIRECTION('',(-1.53692995479674E-12,-2.360401436597E-12,1.));
#2783=DIRECTION('center_axis',(0.,0.,-1.));
#2784=DIRECTION('ref_axis',(0.862722098804955,-0.505678336725604,0.));
#2785=DIRECTION('',(1.42443483121739E-12,2.43019970028656E-12,-1.));
#2786=DIRECTION('center_axis',(0.,0.,-1.));
#2787=DIRECTION('ref_axis',(0.910686288217911,0.413098637678563,0.));
#2788=DIRECTION('',(-1.16270629488017E-12,2.56943736769815E-12,-1.));
#2789=DIRECTION('center_axis',(0.,0.,1.));
#2790=DIRECTION('ref_axis',(0.838001728407219,-0.545667575714843,0.));
#2791=DIRECTION('center_axis',(0.545667575713941,0.838001728407806,2.86011394141818E-12));
#2792=DIRECTION('ref_axis',(5.24149582984074E-12,-4.54850787704585E-19,
-1.));
#2793=DIRECTION('',(0.838001728407219,-0.545667575714843,0.));
#2794=DIRECTION('',(0.838001728408393,-0.54566757571304,0.));
#2795=DIRECTION('center_axis',(0.,0.,1.));
#2796=DIRECTION('ref_axis',(1.,0.,0.));
#2797=DIRECTION('',(0.862722098804955,-0.505678336725604,0.));
#2798=DIRECTION('center_axis',(-0.505678336726474,-0.862722098804445,-2.86035318139655E-12));
#2799=DIRECTION('ref_axis',(-5.65645682281865E-12,-6.37919036414615E-18,
1.));
#2800=DIRECTION('',(0.862722098803935,-0.505678336727344,0.));
#2801=DIRECTION('center_axis',(0.,0.,1.));
#2802=DIRECTION('ref_axis',(1.,0.,0.));
#2803=DIRECTION('',(0.910686288217911,0.413098637678563,0.));
#2804=DIRECTION('center_axis',(0.413098637678501,-0.910686288217939,-2.86011394141819E-12));
#2805=DIRECTION('ref_axis',(-5.61550880506535E-18,3.14061127158938E-12,
-1.));
#2806=DIRECTION('',(0.910686288217966,0.41309863767844,0.));
#2807=DIRECTION('center_axis',(0.,0.,-1.));
#2808=DIRECTION('ref_axis',(-1.,0.,0.));
#2809=DIRECTION('center_axis',(1.,0.,0.));
#2810=DIRECTION('ref_axis',(0.,1.,0.));
#2811=DIRECTION('center_axis',(0.,0.,1.));
#2812=DIRECTION('ref_axis',(0.707106781186548,-0.707106781186547,0.));
#2813=DIRECTION('center_axis',(0.,0.,-1.));
#2814=DIRECTION('ref_axis',(0.707106781186548,-0.707106781186547,0.));
#2815=DIRECTION('',(0.,0.,-1.));
#2816=DIRECTION('center_axis',(0.,0.,1.));
#2817=DIRECTION('ref_axis',(0.707106781186548,-0.707106781186547,0.));
#2818=DIRECTION('',(0.,0.,1.));
#2819=DIRECTION('center_axis',(0.,0.,1.));
#2820=DIRECTION('ref_axis',(0.,1.,0.));
#2821=DIRECTION('',(-1.,0.,0.));
#2822=DIRECTION('center_axis',(0.,0.,1.));
#2823=DIRECTION('ref_axis',(-0.707106781186548,-0.707106781186547,0.));
#2824=DIRECTION('',(-1.,-1.07062991821567E-15,0.));
#2825=DIRECTION('',(0.,-1.,0.));
#2826=DIRECTION('center_axis',(0.,1.,0.));
#2827=DIRECTION('ref_axis',(0.,0.,-1.));
#2828=DIRECTION('',(-1.,0.,0.));
#2829=DIRECTION('',(0.,0.,1.));
#2830=DIRECTION('center_axis',(0.,0.,-1.));
#2831=DIRECTION('ref_axis',(-0.707106781186548,-0.707106781186547,0.));
#2832=DIRECTION('center_axis',(0.,0.,-1.));
#2833=DIRECTION('ref_axis',(-0.707106781186548,-0.707106781186547,0.));
#2834=DIRECTION('center_axis',(-1.,-1.07062991821567E-15,0.));
#2835=DIRECTION('ref_axis',(-7.57049675311499E-16,0.707106781186548,-0.707106781186548));
#2836=DIRECTION('center_axis',(-1.,0.,0.));
#2837=DIRECTION('ref_axis',(0.,0.707106781186548,-0.707106781186548));
#2838=DIRECTION('center_axis',(-1.,0.,0.));
#2839=DIRECTION('ref_axis',(0.,0.,1.));
#2840=DIRECTION('center_axis',(1.,0.,0.));
#2841=DIRECTION('ref_axis',(0.,0.707106781186548,-0.707106781186548));
#2842=DIRECTION('',(0.,1.,0.));
#2843=DIRECTION('center_axis',(-1.,-1.47993596544271E-16,0.));
#2844=DIRECTION('ref_axis',(-1.0464727568864E-16,0.707106781186548,-0.707106781186548));
#2845=DIRECTION('',(1.,1.47993596544271E-16,0.));
#2846=DIRECTION('center_axis',(0.,0.,-1.));
#2847=DIRECTION('ref_axis',(0.,-1.,0.));
#2848=DIRECTION('center_axis',(0.,0.,-1.));
#2849=DIRECTION('ref_axis',(0.707106781186548,-0.707106781186547,0.));
#2850=DIRECTION('center_axis',(0.,0.,1.));
#2851=DIRECTION('ref_axis',(0.707106781186548,-0.707106781186547,0.));
#2852=DIRECTION('center_axis',(0.,0.,-1.));
#2853=DIRECTION('ref_axis',(0.707106781186548,-0.707106781186547,0.));
#2854=DIRECTION('',(0.,0.,-1.));
#2855=DIRECTION('center_axis',(0.,-1.,0.));
#2856=DIRECTION('ref_axis',(0.,0.,1.));
#2857=DIRECTION('',(-1.,0.,0.));
#2858=DIRECTION('',(0.,0.,1.));
#2859=DIRECTION('',(-1.,0.,0.));
#2860=DIRECTION('center_axis',(0.,0.,1.));
#2861=DIRECTION('ref_axis',(0.,1.,0.));
#2862=DIRECTION('',(1.,1.07062991821567E-15,0.));
#2863=DIRECTION('',(0.,1.,0.));
#2864=DIRECTION('center_axis',(0.,0.,-1.));
#2865=DIRECTION('ref_axis',(-0.707106781186548,-0.707106781186547,0.));
#2866=DIRECTION('center_axis',(0.,0.,1.));
#2867=DIRECTION('ref_axis',(-0.707106781186548,-0.707106781186547,0.));
#2868=DIRECTION('',(0.,0.,-1.));
#2869=DIRECTION('center_axis',(0.,0.,1.));
#2870=DIRECTION('ref_axis',(-0.707106781186548,-0.707106781186547,0.));
#2871=DIRECTION('center_axis',(-1.,0.,0.));
#2872=DIRECTION('ref_axis',(0.,0.,1.));
#2873=DIRECTION('center_axis',(-1.,0.,0.));
#2874=DIRECTION('ref_axis',(0.,0.707106781186547,0.707106781186548));
#2875=DIRECTION('',(0.,-1.,0.));
#2876=DIRECTION('center_axis',(1.,0.,0.));
#2877=DIRECTION('ref_axis',(0.,0.707106781186548,0.707106781186547));
#2878=DIRECTION('center_axis',(-1.,-1.07062991821567E-15,0.));
#2879=DIRECTION('ref_axis',(-7.57049675311499E-16,0.707106781186548,0.707106781186547));
#2880=DIRECTION('center_axis',(-1.,-1.47993596544271E-16,0.));
#2881=DIRECTION('ref_axis',(-1.0464727568864E-16,0.707106781186547,0.707106781186548));
#2882=DIRECTION('',(-1.,-1.47993596544271E-16,0.));
#2883=DIRECTION('center_axis',(0.,0.,-1.));
#2884=DIRECTION('ref_axis',(0.,-1.,0.));
#2885=DIRECTION('center_axis',(-1.,0.,0.));
#2886=DIRECTION('ref_axis',(0.,1.,0.));
#2887=DIRECTION('center_axis',(0.,0.,-1.));
#2888=DIRECTION('ref_axis',(-1.,0.,0.));
#2889=DIRECTION('',(0.609257716519152,-0.792972278747416,0.));
#2890=DIRECTION('center_axis',(0.792972278747416,0.609257716519152,0.));
#2891=DIRECTION('ref_axis',(-0.609257716519152,0.792972278747416,0.));
#2892=DIRECTION('',(-0.609257716519152,0.792972278747416,0.));
#2893=DIRECTION('',(-0.609257716519152,0.792972278747415,0.));
#2894=DIRECTION('',(0.,0.,1.));
#2895=DIRECTION('center_axis',(0.,0.,-1.));
#2896=DIRECTION('ref_axis',(-1.,0.,0.));
#2897=DIRECTION('center_axis',(-0.792972278747416,-0.609257716519152,0.));
#2898=DIRECTION('ref_axis',(0.609257716519152,-0.792972278747416,0.));
#2899=DIRECTION('',(0.,0.,-1.));
#2900=DIRECTION('',(0.609257716519152,-0.792972278747416,0.));
#2901=DIRECTION('center_axis',(0.,0.,-1.));
#2902=DIRECTION('ref_axis',(0.792972278747415,0.609257716519152,0.));
#2903=DIRECTION('center_axis',(0.,0.,-1.));
#2904=DIRECTION('ref_axis',(0.792972278747415,0.609257716519152,0.));
#2905=DIRECTION('center_axis',(0.,0.,1.));
#2906=DIRECTION('ref_axis',(-1.40534560079134E-15,-1.,0.));
#2907=DIRECTION('center_axis',(0.,0.,1.));
#2908=DIRECTION('ref_axis',(-1.40534560079134E-15,-1.,0.));
#2909=DIRECTION('center_axis',(0.,0.,1.));
#2910=DIRECTION('ref_axis',(-0.689083661570075,0.724681797313261,0.));
#2911=DIRECTION('center_axis',(0.,0.,1.));
#2912=DIRECTION('ref_axis',(0.822255244134122,0.569118892230732,0.));
#2913=DIRECTION('center_axis',(0.,0.,1.));
#2914=DIRECTION('ref_axis',(0.822255244134122,0.569118892230732,0.));
#2915=DIRECTION('center_axis',(0.,0.,1.));
#2916=DIRECTION('ref_axis',(1.,0.,0.));
#2917=DIRECTION('center_axis',(0.,0.,1.));
#2918=DIRECTION('ref_axis',(-0.792972278747415,0.609257716519152,0.));
#2919=DIRECTION('center_axis',(0.,0.,1.));
#2920=DIRECTION('ref_axis',(1.,0.,0.));
#2921=DIRECTION('center_axis',(0.,0.,-1.));
#2922=DIRECTION('ref_axis',(1.40534560079134E-15,-1.,0.));
#2923=CARTESIAN_POINT('',(0.,0.,0.));
#2924=CARTESIAN_POINT('Origin',(-3.93523378564495,0.00178273106365592,0.));
#2925=CARTESIAN_POINT('',(-1.46211689282247,0.00178273106365624,0.));
#2926=CARTESIAN_POINT('',(-1.13776349248373,0.00178273106365631,0.595646599664799));
#2927=CARTESIAN_POINT('',(-1.70853083033371,0.00178273106365624,-0.452517605288843));
#2928=CARTESIAN_POINT('',(-0.762116892822474,0.00178273106365612,0.5));
#2929=CARTESIAN_POINT('Origin',(-0.962116892822473,0.00178273106365923,
0.499999999999999));
#2930=CARTESIAN_POINT('',(0.761883107177526,0.00178273106365612,0.5));
#2931=CARTESIAN_POINT('',(-1.96767533923371,0.00178273106365617,0.5));
#2932=CARTESIAN_POINT('',(1.13752970684003,0.00178273106365666,0.595646599662505));
#2933=CARTESIAN_POINT('Origin',(0.961883107177527,0.00178273106366131,0.5));
#2934=CARTESIAN_POINT('',(1.46188310717753,0.00178273106365673,0.));
#2935=CARTESIAN_POINT('',(0.6825277382956,0.00178273106365662,1.43121784732397));
#2936=CARTESIAN_POINT('',(2.6305948858472,0.00178273106365612,0.));
#2937=CARTESIAN_POINT('',(1.33179543756067,0.00178273106365669,0.));
#2938=CARTESIAN_POINT('',(2.6305948858472,0.00178273106365612,7.11));
#2939=CARTESIAN_POINT('',(2.6305948858472,0.00178273106365617,0.));
#2940=CARTESIAN_POINT('',(1.46188310717753,0.00178273106365673,7.11));
#2941=CARTESIAN_POINT('',(-3.93523378564495,0.00178273106365592,7.11));
#2942=CARTESIAN_POINT('',(1.13752970684003,0.00178273106365666,6.5143534003375));
#2943=CARTESIAN_POINT('',(-0.810572261704396,0.00178273106365635,2.93683482907561));
#2944=CARTESIAN_POINT('',(0.761883107177526,0.00178273106365612,6.61));
#2945=CARTESIAN_POINT('Origin',(0.961883107177527,0.00178273106366131,6.61));
#2946=CARTESIAN_POINT('',(-0.762116892822474,0.00178273106365612,6.61));
#2947=CARTESIAN_POINT('',(-1.96767533923371,0.00178273106365617,6.61));
#2948=CARTESIAN_POINT('',(-1.13776349248373,0.00178273106365631,6.5143534003352));
#2949=CARTESIAN_POINT('Origin',(-0.962116892822473,0.00178273106365923,
6.61));
#2950=CARTESIAN_POINT('',(-1.46211689282247,0.00178273106365624,7.11));
#2951=CARTESIAN_POINT('',(-0.215430830333708,0.00178273106365649,4.82057028168843));
#2952=CARTESIAN_POINT('',(-1.522,0.00178273106365628,7.109));
#2953=CARTESIAN_POINT('',(-1.30530424695992,0.00178273106365628,7.11261864577931));
#2954=CARTESIAN_POINT('',(-1.522,0.00178273106365612,7.11));
#2955=CARTESIAN_POINT('',(-1.522,0.00178273106365628,3.555));
#2956=CARTESIAN_POINT('',(-2.63106245713709,0.00178273106365612,7.11));
#2957=CARTESIAN_POINT('',(-3.93523378564495,0.00178273106365592,7.11));
#2958=CARTESIAN_POINT('',(-2.63106245713709,0.00178273106365612,0.));
#2959=CARTESIAN_POINT('',(-2.63106245713709,0.00178273106365617,0.));
#2960=CARTESIAN_POINT('',(-1.522,0.00178273106365612,0.));
#2961=CARTESIAN_POINT('',(-3.93523378564495,0.00178273106365592,0.));
#2962=CARTESIAN_POINT('',(-1.522,0.00178273106365628,0.00100000000000058));
#2963=CARTESIAN_POINT('',(-1.522,0.00178273106365628,0.));
#2964=CARTESIAN_POINT('',(-1.30530424695992,0.00178273106365628,-0.00261864577931203));
#2965=CARTESIAN_POINT('Origin',(-1.38932611559225,0.501782731063656,0.133673884407755));
#2966=CARTESIAN_POINT('',(-1.46211689282247,0.501782731063655,0.));
#2967=CARTESIAN_POINT('',(-1.46211689282247,0.501782731063655,0.));
#2968=CARTESIAN_POINT('',(-1.13776349248373,0.501782731063656,0.595646599664799));
#2969=CARTESIAN_POINT('',(-1.25855020000567,0.501782731063656,0.373832394711158));
#2970=CARTESIAN_POINT('',(-1.13776349248373,0.501782731063656,0.595646599664799));
#2971=CARTESIAN_POINT('Origin',(-1.46211689282247,0.501782731063655,0.));
#2972=CARTESIAN_POINT('',(-1.522,0.501782731063655,0.00100000000000058));
#2973=CARTESIAN_POINT('',(-1.522,0.16839120189445,0.00100000000000058));
#2974=CARTESIAN_POINT('',(-1.522,0.501782731063655,0.00099999999999989));
#2975=CARTESIAN_POINT('Origin',(-0.962116892822474,0.501782731063656,0.499999999999999));
#2976=CARTESIAN_POINT('',(-0.762116892822474,0.501782731063657,0.5));
#2977=CARTESIAN_POINT('Origin',(-0.962116892822474,0.501782731063656,0.499999999999999));
#2978=CARTESIAN_POINT('',(-0.762116892822474,0.501782731063656,0.499999999999999));
#2979=CARTESIAN_POINT('Origin',(-0.762116892822474,-1.27393155465063,-0.124285714285713));
#2980=CARTESIAN_POINT('',(-0.762116892822474,-0.498217268936344,-0.5));
#2981=CARTESIAN_POINT('Origin',(-0.762116892822475,-0.498217268936344,0.5));
#2982=CARTESIAN_POINT('',(-0.762116892822474,-2.79821726893634,-0.5));
#2983=CARTESIAN_POINT('',(-0.762116892822474,-3.55821726893634,-0.5));
#2984=CARTESIAN_POINT('',(-0.762116892822474,-2.79821726893634,0.));
#2985=CARTESIAN_POINT('',(-0.762116892822474,-2.79821726893634,-0.0621428571428567));
#2986=CARTESIAN_POINT('',(-0.762116892822474,-0.498217268936344,0.));
#2987=CARTESIAN_POINT('',(-0.762116892822474,0.00178273106365612,0.));
#2988=CARTESIAN_POINT('Origin',(-0.762116892822474,-0.498217268936344,0.5));
#2989=CARTESIAN_POINT('Origin',(-0.000233785644948309,0.501782731063657,
0.));
#2990=CARTESIAN_POINT('',(-1.522,0.501782731063655,0.));
#2991=CARTESIAN_POINT('',(-1.522,0.501782731063655,0.));
#2992=CARTESIAN_POINT('',(-2.63106245713709,0.501782731063654,0.));
#2993=CARTESIAN_POINT('',(-0.000233785644948309,0.501782731063657,0.));
#2994=CARTESIAN_POINT('',(-2.63106245713709,0.501782731063654,7.11));
#2995=CARTESIAN_POINT('',(-2.63106245713709,0.501782731063654,0.));
#2996=CARTESIAN_POINT('',(-1.522,0.501782731063658,7.11));
#2997=CARTESIAN_POINT('',(-0.000233785644948309,0.501782731063657,7.11));
#2998=CARTESIAN_POINT('',(-1.522,0.501782731063655,7.109));
#2999=CARTESIAN_POINT('',(-1.522,0.501782731063655,3.555));
#3000=CARTESIAN_POINT('',(-1.46211689282247,0.501782731063655,7.11));
#3001=CARTESIAN_POINT('',(-1.522,0.501782731063655,7.109));
#3002=CARTESIAN_POINT('',(-1.13776349248373,0.501782731063656,6.5143534003352));
#3003=CARTESIAN_POINT('',(0.234549799994334,0.501782731063657,3.99422028168843));
#3004=CARTESIAN_POINT('',(-0.762116892822474,0.501782731063657,6.61));
#3005=CARTESIAN_POINT('Origin',(-0.962116892822474,0.501782731063656,6.61));
#3006=CARTESIAN_POINT('',(0.761883107177526,0.501782731063657,6.61));
#3007=CARTESIAN_POINT('',(-0.000175339233713473,0.501782731063657,6.61));
#3008=CARTESIAN_POINT('',(1.13752970684003,0.501782731063658,6.5143534003375));
#3009=CARTESIAN_POINT('Origin',(0.961883107177526,0.501782731063658,6.61));
#3010=CARTESIAN_POINT('',(1.46188310717752,0.501782731063659,7.11));
#3011=CARTESIAN_POINT('',(-0.360591631376359,0.501782731063657,3.76318482907561));
#3012=CARTESIAN_POINT('',(2.6305948858472,0.501782731063654,7.11));
#3013=CARTESIAN_POINT('',(-0.000233785644948309,0.501782731063657,7.11));
#3014=CARTESIAN_POINT('',(2.6305948858472,0.501782731063654,0.));
#3015=CARTESIAN_POINT('',(2.6305948858472,0.501782731063654,0.));
#3016=CARTESIAN_POINT('',(1.46188310717752,0.501782731063659,0.));
#3017=CARTESIAN_POINT('',(1.46188310717752,0.501782731063659,0.));
#3018=CARTESIAN_POINT('',(1.13752970684003,0.501782731063658,0.595646599662505));
#3019=CARTESIAN_POINT('',(1.13250836862364,0.501782731063658,0.604867847323971));
#3020=CARTESIAN_POINT('',(0.761883107177526,0.501782731063657,0.5));
#3021=CARTESIAN_POINT('Origin',(0.961883107177526,0.501782731063658,0.5));
#3022=CARTESIAN_POINT('',(-0.000175339233713473,0.501782731063657,0.5));
#3023=CARTESIAN_POINT('Origin',(1.46188310717752,0.501782731063659,0.));
#3024=CARTESIAN_POINT('',(1.13752970684003,0.501782731063658,0.595646599662505));
#3025=CARTESIAN_POINT('',(1.46188310717752,0.501782731063659,0.));
#3026=CARTESIAN_POINT('Origin',(0.961883107177526,0.501782731063658,0.5));
#3027=CARTESIAN_POINT('',(0.761883107177526,0.501782731063658,0.5));
#3028=CARTESIAN_POINT('Origin',(-1.38932611559225,0.501782731063656,6.97632611559225));
#3029=CARTESIAN_POINT('',(-1.13776349248373,0.501782731063656,6.5143534003352));
#3030=CARTESIAN_POINT('',(-1.46211689282247,0.501782731063655,7.11));
#3031=CARTESIAN_POINT('Origin',(-1.46211689282247,0.501782731063655,7.11));
#3032=CARTESIAN_POINT('',(-1.522,0.16839120189445,7.109));
#3033=CARTESIAN_POINT('Origin',(-0.962116892822474,0.501782731063656,6.61));
#3034=CARTESIAN_POINT('',(-0.762116892822474,0.501782731063656,6.61));
#3035=CARTESIAN_POINT('Origin',(1.46188310717752,0.501782731063659,7.11));
#3036=CARTESIAN_POINT('',(1.46188310717752,0.501782731063659,7.11));
#3037=CARTESIAN_POINT('',(1.13752970684003,0.501782731063658,6.5143534003375));
#3038=CARTESIAN_POINT('Origin',(0.961883107177526,0.501782731063658,6.61));
#3039=CARTESIAN_POINT('',(0.761883107177526,0.501782731063658,6.61));
#3040=CARTESIAN_POINT('Origin',(0.761883107177526,-1.27393155465063,7.23428571428571));
#3041=CARTESIAN_POINT('',(0.761883107177526,-0.498217268936343,7.61));
#3042=CARTESIAN_POINT('Origin',(0.761883107177525,-0.498217268936343,6.61));
#3043=CARTESIAN_POINT('',(0.761883107177526,-2.79821726893634,7.61));
#3044=CARTESIAN_POINT('',(0.761883107177526,-3.55821726893634,7.61));
#3045=CARTESIAN_POINT('',(0.761883107177526,-2.79821726893634,7.11));
#3046=CARTESIAN_POINT('',(0.761883107177526,-2.79821726893634,7.17214285714286));
#3047=CARTESIAN_POINT('',(0.761883107177526,-0.498217268936343,7.11));
#3048=CARTESIAN_POINT('',(0.761883107177526,0.00178273106365612,7.11));
#3049=CARTESIAN_POINT('Origin',(0.761883107177526,-0.498217268936343,6.61));
#3050=CARTESIAN_POINT('Origin',(-2.73113788338082,9.85621442126059,5.96573593128807));
#3051=CARTESIAN_POINT('',(-2.49354401171184,10.3888118178641,5.96573593128807));
#3052=CARTESIAN_POINT('',(-2.44314501710832,10.3168345941792,6.17786796564404));
#3053=CARTESIAN_POINT('Origin',(-2.32147108080651,10.1430662045774,5.96573593128807));
#3054=CARTESIAN_POINT('',(-2.03361430709113,10.6035910844617,6.17786796564404));
#3055=CARTESIAN_POINT('',(-2.85281181968261,10.0299828108625,6.17786796564404));
#3056=CARTESIAN_POINT('',(-2.08399210870184,10.6755831476398,5.96573593128807));
#3057=CARTESIAN_POINT('Origin',(-1.91199153520002,10.4297868691537,5.96573593128807));
#3058=CARTESIAN_POINT('',(-2.90321081428613,10.1019600345473,5.96573593128807));
#3059=CARTESIAN_POINT('Origin',(-2.08396798956734,10.6756000360396,0.));
#3060=CARTESIAN_POINT('',(-2.08399210870184,10.6755831476398,1.14426406871193));
#3061=CARTESIAN_POINT('',(-2.08399210870184,10.6755831476398,0.));
#3062=CARTESIAN_POINT('',(-2.49354401171184,10.3888118178641,1.14426406871193));
#3063=CARTESIAN_POINT('',(-2.90321081428613,10.1019600345473,1.14426406871193));
#3064=CARTESIAN_POINT('',(-2.49354401171184,10.3888118178641,0.));
#3065=CARTESIAN_POINT('Origin',(-1.39697565554148,9.69380684301764,0.));
#3066=CARTESIAN_POINT('',(-1.57946155384242,9.95458710534672,6.96999221965515));
#3067=CARTESIAN_POINT('',(-2.63885596491251,11.4685076603105,5.12221743117365));
#3068=CARTESIAN_POINT('',(-1.57946155384242,9.95458710534672,0.140007780344852));
#3069=CARTESIAN_POINT('',(-1.57946155384242,9.95458710534672,0.));
#3070=CARTESIAN_POINT('',(-2.03361430709114,10.6035910844616,0.932132034355969));
#3071=CARTESIAN_POINT('',(-1.61975261108983,10.0121647734094,0.210282645876595));
#3072=CARTESIAN_POINT('Origin',(-1.91199153520002,10.4297868691537,1.14426406871193));
#3073=CARTESIAN_POINT('Origin',(1.95629374291372,10.3984387324114,5.96573593128808));
#3074=CARTESIAN_POINT('',(2.08352453741194,10.6755831476398,5.96573593128808));
#3075=CARTESIAN_POINT('',(2.03314673580124,10.6035910844616,6.17786796564402));
#3076=CARTESIAN_POINT('Origin',(1.91152396391012,10.4297868691537,5.96573593128808));
#3077=CARTESIAN_POINT('',(2.44267744581842,10.3168345941792,6.17786796564404));
#3078=CARTESIAN_POINT('',(2.07796767921551,10.5722071220133,6.17786796564404));
#3079=CARTESIAN_POINT('',(2.49307644042194,10.3888118178641,5.96573593128808));
#3080=CARTESIAN_POINT('Origin',(2.32100350951662,10.1430662045774,5.96573593128808));
#3081=CARTESIAN_POINT('',(2.12836667381903,10.6441843456981,5.96573593128808));
#3082=CARTESIAN_POINT('Origin',(2.08350041827745,10.6756000360396,0.));
#3083=CARTESIAN_POINT('',(2.49307644042194,10.3888118178641,1.14426406871193));
#3084=CARTESIAN_POINT('',(2.49307644042194,10.3888118178641,0.));
#3085=CARTESIAN_POINT('',(2.08352453741194,10.6755831476398,1.14426406871193));
#3086=CARTESIAN_POINT('',(2.12836667381903,10.6441843456981,1.14426406871193));
#3087=CARTESIAN_POINT('',(2.08352453741194,10.6755831476398,0.));
#3088=CARTESIAN_POINT('Origin',(2.55043408405705,10.470727022293,0.));
#3089=CARTESIAN_POINT('',(2.01893748836049,9.71167121855873,6.91663603665068));
#3090=CARTESIAN_POINT('',(3.23442398440567,11.4475658351076,4.7975));
#3091=CARTESIAN_POINT('',(2.01893748836049,9.71167121855873,0.193363963349322));
#3092=CARTESIAN_POINT('',(2.01893748836049,9.71167121855873,0.));
#3093=CARTESIAN_POINT('',(2.44267744581841,10.3168345941793,0.932132034355962));
#3094=CARTESIAN_POINT('',(2.21489186879168,9.99152307638392,0.535));
#3095=CARTESIAN_POINT('Origin',(2.32100350951662,10.1430662045774,1.14426406871193));
#3096=CARTESIAN_POINT('Origin',(-2.73113788338082,9.85621442126059,1.14426406871193));
#3097=CARTESIAN_POINT('',(-2.44314501710831,10.3168345941793,0.932132034355962));
#3098=CARTESIAN_POINT('',(-2.85281181968261,10.0299828108625,0.932132034355965));
#3099=CARTESIAN_POINT('Origin',(-2.32147108080651,10.1430662045774,1.14426406871193));
#3100=CARTESIAN_POINT('Origin',(-2.55090165534694,10.470727022293,0.));
#3101=CARTESIAN_POINT('',(-2.01940505965039,9.71167121855873,0.193363963349321));
#3102=CARTESIAN_POINT('',(-2.21535944008158,9.99152307638392,0.535));
#3103=CARTESIAN_POINT('',(-2.01940505965039,9.71167121855873,6.91663603665068));
#3104=CARTESIAN_POINT('',(-2.01940505965039,9.71167121855873,0.));
#3105=CARTESIAN_POINT('',(-3.23489155569557,11.4475658351076,4.7975));
#3106=CARTESIAN_POINT('Origin',(-3.42992965646589,9.11055249046758,0.51));
#3107=CARTESIAN_POINT('',(-1.56011670295271,9.92590922551869,0.105420485822792));
#3108=CARTESIAN_POINT('Origin',(-2.40697565554148,9.37551853299177,0.140305164999581));
#3109=CARTESIAN_POINT('',(-1.55015114473686,9.91145951390094,0.0878679656440347));
#3110=CARTESIAN_POINT('Origin',(-5.87285798595444,6.94087196492406,0.133907887536073));
#3111=CARTESIAN_POINT('',(-1.95974460971965,9.62465908211856,0.0878679656440352));
#3112=CARTESIAN_POINT('',(-4.00704749324917,8.1911221700727,0.0878679656440359));
#3113=CARTESIAN_POINT('',(-1.96871546846579,9.63769246114253,0.103689757906128));
#3114=CARTESIAN_POINT('Origin',(-5.87285798595444,6.94087196492406,0.133907887536073));
#3115=CARTESIAN_POINT('',(-2.00906188281847,9.69631363354704,0.17485116368386));
#3116=CARTESIAN_POINT('Origin',(-0.951376576017851,10.381077674497,0.129113658628014));
#3117=CARTESIAN_POINT('Origin',(-2.43717260223777,9.41914723601969,0.193363963349321));
#3118=CARTESIAN_POINT('Origin',(1.95629374291372,10.3984387324114,1.14426406871193));
#3119=CARTESIAN_POINT('',(2.03314673580123,10.6035910844617,0.932132034355951));
#3120=CARTESIAN_POINT('',(2.07796767921551,10.5722071220133,0.932132034355962));
#3121=CARTESIAN_POINT('Origin',(1.91152396391012,10.4297868691537,1.14426406871193));
#3122=CARTESIAN_POINT('Origin',(1.39650808425158,9.69380684301764,0.));
#3123=CARTESIAN_POINT('',(1.57899398255252,9.95458710534672,0.140007780344853));
#3124=CARTESIAN_POINT('',(1.61936483256408,10.0122788007297,0.210421818838392));
#3125=CARTESIAN_POINT('',(1.57899398255252,9.95458710534672,6.96999221965515));
#3126=CARTESIAN_POINT('',(1.57899398255252,9.95458710534672,0.));
#3127=CARTESIAN_POINT('',(2.63846818638676,11.4686216876307,5.12207825821185));
#3128=CARTESIAN_POINT('Origin',(1.88070894682158,10.1950011127693,0.51));
#3129=CARTESIAN_POINT('',(2.00859431152858,9.69631363354704,0.174851163683861));
#3130=CARTESIAN_POINT('Origin',(2.43670503094788,9.41914723601969,0.193363963349322));
#3131=CARTESIAN_POINT('',(1.96824789717589,9.63769246114253,0.10368975790613));
#3132=CARTESIAN_POINT('Origin',(0.950909004727954,10.381077674497,0.129113658628016));
#3133=CARTESIAN_POINT('',(1.95927703842976,9.62465908211856,0.0878679656440371));
#3134=CARTESIAN_POINT('Origin',(5.87239041466455,6.94087196492406,0.133907887536074));
#3135=CARTESIAN_POINT('',(1.54968357344697,9.91145951390094,0.0878679656440369));
#3136=CARTESIAN_POINT('',(1.68345021442765,9.81779510352528,0.0878679656440363));
#3137=CARTESIAN_POINT('',(1.55964913166282,9.92590922551869,0.105420485822793));
#3138=CARTESIAN_POINT('Origin',(5.87239041466455,6.94087196492406,0.133907887536074));
#3139=CARTESIAN_POINT('Origin',(2.40650808425158,9.37551853299177,0.140305164999582));
#3140=CARTESIAN_POINT('Origin',(1.56177627812586,9.64402671392341,0.3));
#3141=CARTESIAN_POINT('',(1.43305209016572,9.73416036068302,0.));
#3142=CARTESIAN_POINT('Ctrl Pts',(1.43305209016572,9.73416036068302,1.73472347597681E-16));
#3143=CARTESIAN_POINT('Ctrl Pts',(1.45312129030181,9.76605608954562,1.73472347597681E-16));
#3144=CARTESIAN_POINT('Ctrl Pts',(1.47490757856222,9.7998397098832,0.00751748681840712));
#3145=CARTESIAN_POINT('Ctrl Pts',(1.51564982819425,9.86155053722894,0.0381244273086328));
#3146=CARTESIAN_POINT('Ctrl Pts',(1.53458628182394,9.88949033012999,0.0612144680565793));
#3147=CARTESIAN_POINT('Ctrl Pts',(1.54968048530629,9.91145502013068,0.0878625133833111));
#3148=CARTESIAN_POINT('Ctrl Pts',(1.54968202938538,9.91145726703041,0.0878652394781));
#3149=CARTESIAN_POINT('Ctrl Pts',(1.54968357344697,9.91145951390094,0.0878679656440357));
#3150=CARTESIAN_POINT('',(1.84317767169442,9.44698733688399,0.));
#3151=CARTESIAN_POINT('Ctrl Pts',(1.95927703842976,9.62465908211856,0.0878679656440359));
#3152=CARTESIAN_POINT('Ctrl Pts',(1.95927515416297,9.62465633475103,0.0878646343612738));
#3153=CARTESIAN_POINT('Ctrl Pts',(1.95927326987037,9.62465358733967,0.0878613031847474));
#3154=CARTESIAN_POINT('Ctrl Pts',(1.94419747265578,9.60267212325188,0.0612105311098264));
#3155=CARTESIAN_POINT('Ctrl Pts',(1.9253036547474,9.574698650051,0.0381200383716063));
#3156=CARTESIAN_POINT('Ctrl Pts',(1.88473549903294,9.51286441659554,0.00751513191781293));
#3157=CARTESIAN_POINT('Ctrl Pts',(1.86308278459038,9.47898982784192,2.32225365065346E-16));
#3158=CARTESIAN_POINT('Ctrl Pts',(1.84317767169442,9.44698733688399,1.73472347597681E-16));
#3159=CARTESIAN_POINT('',(1.56177627812586,9.64402671392341,0.));
#3160=CARTESIAN_POINT('Origin',(5.87239041466455,6.94087196492406,0.));
#3161=CARTESIAN_POINT('',(1.96824789717589,9.63769246114253,0.79));
#3162=CARTESIAN_POINT('',(1.96824789717589,9.63769246114253,0.));
#3163=CARTESIAN_POINT('',(1.55972614189275,8.91978491299541,0.79));
#3164=CARTESIAN_POINT('Origin',(5.87239041466455,6.94087196492406,0.79));
#3165=CARTESIAN_POINT('',(1.60412254597506,4.86793709214112,0.79));
#3166=CARTESIAN_POINT('Origin',(5.87239041466455,6.94087196492406,0.79));
#3167=CARTESIAN_POINT('',(1.84577187696407,4.43059055887939,0.79));
#3168=CARTESIAN_POINT('Origin',(5.87239041466455,6.94087196492406,0.79));
#3169=CARTESIAN_POINT('',(1.84577187696407,4.43059055887939,0.));
#3170=CARTESIAN_POINT('',(1.84577187696407,4.43059055887939,0.));
#3171=CARTESIAN_POINT('Origin',(5.87239041466455,6.94087196492406,0.));
#3172=CARTESIAN_POINT('Origin',(-3.88537355694738,8.01735378047083,0.3));
#3173=CARTESIAN_POINT('',(-1.84364524298431,9.44698733688399,0.));
#3174=CARTESIAN_POINT('Ctrl Pts',(-1.84364524298431,9.44698733688399,-1.04083408558609E-16));
#3175=CARTESIAN_POINT('Ctrl Pts',(-1.86355035588027,9.47898982784192,-2.47701895701786E-16));
#3176=CARTESIAN_POINT('Ctrl Pts',(-1.88520307032283,9.51286441659554,0.00751513191781234));
#3177=CARTESIAN_POINT('Ctrl Pts',(-1.92577122603728,9.574698650051,0.0381200383716058));
#3178=CARTESIAN_POINT('Ctrl Pts',(-1.94466504394566,9.60267212325188,0.0612105311098264));
#3179=CARTESIAN_POINT('Ctrl Pts',(-1.95974084116026,9.62465358733966,0.0878613031847473));
#3180=CARTESIAN_POINT('Ctrl Pts',(-1.95974272545286,9.62465633475102,0.0878646343612738));
#3181=CARTESIAN_POINT('Ctrl Pts',(-1.95974460971965,9.62465908211856,0.0878679656440354));
#3182=CARTESIAN_POINT('',(-1.43351966145561,9.73416036068302,0.));
#3183=CARTESIAN_POINT('Ctrl Pts',(-1.55015114473686,9.91145951390094,0.0878679656440355));
#3184=CARTESIAN_POINT('Ctrl Pts',(-1.53505825782594,9.88949681311267,0.0612202501066008));
#3185=CARTESIAN_POINT('Ctrl Pts',(-1.51612118794134,9.86155620709495,0.0381280845969326));
#3186=CARTESIAN_POINT('Ctrl Pts',(-1.47537724957735,9.79984295862653,0.00751825304694168));
#3187=CARTESIAN_POINT('Ctrl Pts',(-1.45358989244,9.76605772785993,-4.1097480270882E-16));
#3188=CARTESIAN_POINT('Ctrl Pts',(-1.43351966145561,9.73416036068302,-1.04083408558608E-16));
#3189=CARTESIAN_POINT('',(-3.88537355694738,8.01735378047083,0.));
#3190=CARTESIAN_POINT('Origin',(-5.87285798595444,6.94087196492406,0.));
#3191=CARTESIAN_POINT('',(-1.84623944825397,4.43059055887939,0.));
#3192=CARTESIAN_POINT('Origin',(-5.87285798595444,6.94087196492406,0.));
#3193=CARTESIAN_POINT('',(-1.84623944825397,4.43059055887939,0.79));
#3194=CARTESIAN_POINT('',(-1.84623944825397,4.43059055887939,0.));
#3195=CARTESIAN_POINT('',(-1.60459011726496,4.86793709214112,0.79));
#3196=CARTESIAN_POINT('Origin',(-5.87285798595444,6.94087196492406,0.79));
#3197=CARTESIAN_POINT('',(-1.56019371318265,8.91978491299541,0.79));
#3198=CARTESIAN_POINT('Origin',(-5.87285798595444,6.94087196492406,0.79));
#3199=CARTESIAN_POINT('',(-1.96871546846579,9.63769246114253,0.79));
#3200=CARTESIAN_POINT('Origin',(-5.87285798595444,6.94087196492406,0.79));
#3201=CARTESIAN_POINT('',(-1.96871546846579,9.63769246114253,0.));
#3202=CARTESIAN_POINT('Origin',(-2.30832602413617,4.02145648129671,0.));
#3203=CARTESIAN_POINT('',(-1.43523997915884,4.14485135573516,0.));
#3204=CARTESIAN_POINT('Origin',(-5.87285798595444,6.94087196492406,0.));
#3205=CARTESIAN_POINT('',(-3.25751055734755,1.77309632711378,0.));
#3206=CARTESIAN_POINT('',(-3.43523378564495,1.54178273106365,0.));
#3207=CARTESIAN_POINT('Origin',(-2.63106245713709,1.29178273106365,0.));
#3208=CARTESIAN_POINT('',(-1.522,2.01161960618018,0.));
#3209=CARTESIAN_POINT('',(-3.65399669672126,2.07772518537336,0.));
#3210=CARTESIAN_POINT('Origin',(-2.63106245713709,1.29178273106366,0.));
#3211=CARTESIAN_POINT('',(-1.84623944825397,4.43059055887939,0.));
#3212=CARTESIAN_POINT('Origin',(1.56177627812586,9.64402671392341,6.81));
#3213=CARTESIAN_POINT('',(1.92766767447013,9.38782680003708,7.11));
#3214=CARTESIAN_POINT('',(1.96746309986338,9.61892714019449,7.02213203435596));
#3215=CARTESIAN_POINT('Ctrl Pts',(1.92766767447013,9.38782680003708,7.11));
#3216=CARTESIAN_POINT('Ctrl Pts',(1.92651991879806,9.40648077131373,7.11));
#3217=CARTESIAN_POINT('Ctrl Pts',(1.9263992265621,9.42567703632694,7.10892816999985));
#3218=CARTESIAN_POINT('Ctrl Pts',(1.92892809760816,9.47651344672844,7.10214429707488));
#3219=CARTESIAN_POINT('Ctrl Pts',(1.93368608128424,9.50761572226195,7.09367823585515));
#3220=CARTESIAN_POINT('Ctrl Pts',(1.94555442908295,9.55878561790491,7.07089827382133));
#3221=CARTESIAN_POINT('Ctrl Pts',(1.95329391481361,9.5831457272269,7.05560289362145));
#3222=CARTESIAN_POINT('Ctrl Pts',(1.96341948633508,9.60924545597987,7.03202035823463));
#3223=CARTESIAN_POINT('Ctrl Pts',(1.96544881514986,9.61419599942919,7.02716290423346));
#3224=CARTESIAN_POINT('Ctrl Pts',(1.96746309986338,9.61892714019449,7.02213203435596));
#3225=CARTESIAN_POINT('',(1.55020357430188,9.91109540538246,7.02213203435596));
#3226=CARTESIAN_POINT('',(1.68345021442765,9.81779510352528,7.02213203435596));
#3227=CARTESIAN_POINT('',(1.45630342297714,9.71787960217505,7.11));
#3228=CARTESIAN_POINT('Ctrl Pts',(1.55020357430188,9.91109540538246,7.02213203435596));
#3229=CARTESIAN_POINT('Ctrl Pts',(1.55016927871908,9.91104057205463,7.02219662232672));
#3230=CARTESIAN_POINT('Ctrl Pts',(1.55013497809977,9.91098571895913,7.02226117038358));
#3231=CARTESIAN_POINT('Ctrl Pts',(1.53577902745853,9.88802296253859,7.04925604226171));
#3232=CARTESIAN_POINT('Ctrl Pts',(1.51860602916765,9.85835741804205,7.07241108549626));
#3233=CARTESIAN_POINT('Ctrl Pts',(1.48527638166381,9.79125354409731,7.10277340452967));
#3234=CARTESIAN_POINT('Ctrl Pts',(1.46923385907724,9.75376732937471,7.11));
#3235=CARTESIAN_POINT('Ctrl Pts',(1.45630342297713,9.71787960217505,7.11));
#3236=CARTESIAN_POINT('',(1.56177627812586,9.64402671392341,7.11));
#3237=CARTESIAN_POINT('Origin',(2.43670503094788,9.41914723601969,0.));
#3238=CARTESIAN_POINT('',(2.05967305650322,9.07571326820875,7.11));
#3239=CARTESIAN_POINT('Origin',(2.43670503094788,9.41914723601969,7.11));
#3240=CARTESIAN_POINT('',(2.05967305650322,9.07571326820875,0.79));
#3241=CARTESIAN_POINT('',(2.05967305650322,9.07571326820875,0.));
#3242=CARTESIAN_POINT('',(2.00859431152858,9.69631363354704,0.79));
#3243=CARTESIAN_POINT('Origin',(2.43670503094788,9.41914723601969,0.79));
#3244=CARTESIAN_POINT('',(2.00859431152858,9.69631363354704,0.));
#3245=CARTESIAN_POINT('Origin',(2.43670503094788,9.41914723601969,6.91663603665068));
#3246=CARTESIAN_POINT('Origin',(-2.30832602413617,4.02145648129671,7.11));
#3247=CARTESIAN_POINT('',(1.39650805995841,9.37551852615905,7.11));
#3248=CARTESIAN_POINT('Origin',(2.40650808425158,9.37551853299177,7.11));
#3249=CARTESIAN_POINT('',(1.7043069565835,8.7232233098104,7.11));
#3250=CARTESIAN_POINT('Origin',(2.64224362891076,9.56457626707843,7.11));
#3251=CARTESIAN_POINT('',(1.69930810782702,4.99167394314249,7.11));
#3252=CARTESIAN_POINT('Origin',(-0.372552817855442,6.86022747585976,7.11));
#3253=CARTESIAN_POINT('',(1.45186922094928,4.46271818857159,7.11));
#3254=CARTESIAN_POINT('Origin',(2.44191059015048,4.32194149413988,7.11));
#3255=CARTESIAN_POINT('',(1.65889689616579,3.85314474063763,7.11));
#3256=CARTESIAN_POINT('Origin',(2.45186917491321,4.46240245715678,7.11));
#3257=CARTESIAN_POINT('',(3.25704298605765,1.77309632711378,7.11));
#3258=CARTESIAN_POINT('',(3.43476621435505,1.54178273106365,7.11));
#3259=CARTESIAN_POINT('Origin',(2.6305948858472,1.29178273106365,7.11));
#3260=CARTESIAN_POINT('',(3.65352912543136,2.07772518537336,7.11));
#3261=CARTESIAN_POINT('Origin',(2.6305948858472,1.29178273106366,7.11));
#3262=CARTESIAN_POINT('',(2.11327520880283,4.08242471564212,7.11));
#3263=CARTESIAN_POINT('',(1.84577187696407,4.43059055887939,7.11));
#3264=CARTESIAN_POINT('',(2.12978991746456,4.72425443413119,7.11));
#3265=CARTESIAN_POINT('Origin',(2.51769107096401,4.39314615106688,7.11));
#3266=CARTESIAN_POINT('Origin',(-0.372552817855442,6.86022747585976,7.11));
#3267=CARTESIAN_POINT('Origin',(-3.88537355694738,8.01735378047083,6.81));
#3268=CARTESIAN_POINT('',(-1.45677099426703,9.71787960217504,7.11));
#3269=CARTESIAN_POINT('',(-1.55067114559177,9.91109540538246,7.02213203435597));
#3270=CARTESIAN_POINT('Ctrl Pts',(-1.45677099426703,9.71787960217504,7.11));
#3271=CARTESIAN_POINT('Ctrl Pts',(-1.46970143036714,9.7537673293747,7.11));
#3272=CARTESIAN_POINT('Ctrl Pts',(-1.4857439529537,9.7912535440973,7.10277340452967));
#3273=CARTESIAN_POINT('Ctrl Pts',(-1.51907360045754,9.85835741804205,7.07241108549626));
#3274=CARTESIAN_POINT('Ctrl Pts',(-1.53624659874843,9.88802296253858,7.04925604226171));
#3275=CARTESIAN_POINT('Ctrl Pts',(-1.55060254938967,9.91098571895912,7.02226117038358));
#3276=CARTESIAN_POINT('Ctrl Pts',(-1.55063685000897,9.91104057205463,7.02219662232672));
#3277=CARTESIAN_POINT('Ctrl Pts',(-1.55067114559177,9.91109540538246,7.02213203435596));
#3278=CARTESIAN_POINT('',(-1.96793067115327,9.61892714019449,7.02213203435597));
#3279=CARTESIAN_POINT('',(-4.00704749324917,8.1911221700727,7.02213203435596));
#3280=CARTESIAN_POINT('',(-1.92813524576002,9.38782680003707,7.11));
#3281=CARTESIAN_POINT('Ctrl Pts',(-1.96793067115327,9.61892714019449,7.02213203435596));
#3282=CARTESIAN_POINT('Ctrl Pts',(-1.96591638643974,9.61419599942918,7.02716290423346));
#3283=CARTESIAN_POINT('Ctrl Pts',(-1.96388705762497,9.60924545597987,7.03202035823463));
#3284=CARTESIAN_POINT('Ctrl Pts',(-1.9537614861035,9.5831457272269,7.05560289362145));
#3285=CARTESIAN_POINT('Ctrl Pts',(-1.94602200037284,9.5587856179049,7.07089827382133));
#3286=CARTESIAN_POINT('Ctrl Pts',(-1.93415365257412,9.50761572226194,7.09367823585515));
#3287=CARTESIAN_POINT('Ctrl Pts',(-1.92939566889805,9.47651344672844,7.10214429707488));
#3288=CARTESIAN_POINT('Ctrl Pts',(-1.92686679785199,9.42567703632694,7.10892816999985));
#3289=CARTESIAN_POINT('Ctrl Pts',(-1.92698749008795,9.40648077131373,7.11));
#3290=CARTESIAN_POINT('Ctrl Pts',(-1.92813524576002,9.38782680003707,7.11));
#3291=CARTESIAN_POINT('',(-3.88537355694738,8.01735378047083,7.11));
#3292=CARTESIAN_POINT('Origin',(-2.30832602413617,4.02145648129671,7.11));
#3293=CARTESIAN_POINT('',(-2.06014062779312,9.07571326820875,7.11));
#3294=CARTESIAN_POINT('Origin',(-2.43717260223777,9.41914723601969,7.11));
#3295=CARTESIAN_POINT('',(-2.13025748875446,4.72425443413119,7.11));
#3296=CARTESIAN_POINT('Origin',(0.372085246565546,6.86022747585976,7.11));
#3297=CARTESIAN_POINT('',(-2.11374278009273,4.08242471564212,7.11));
#3298=CARTESIAN_POINT('Origin',(-2.51815864225391,4.39314615106688,7.11));
#3299=CARTESIAN_POINT('',(-3.65399669672126,2.07772518537336,7.11));
#3300=CARTESIAN_POINT('',(-1.84623944825397,4.43059055887939,7.11));
#3301=CARTESIAN_POINT('Origin',(-2.63106245713709,1.29178273106366,7.11));
#3302=CARTESIAN_POINT('',(-1.522,2.01161960618018,7.11));
#3303=CARTESIAN_POINT('',(-3.25751055734755,1.77309632711378,7.11));
#3304=CARTESIAN_POINT('Origin',(-2.63106245713709,1.29178273106365,7.11));
#3305=CARTESIAN_POINT('',(-1.65936446745569,3.85314474063763,7.11));
#3306=CARTESIAN_POINT('',(-3.43523378564495,1.54178273106365,7.11));
#3307=CARTESIAN_POINT('',(-1.45233679223918,4.46271818857158,7.11));
#3308=CARTESIAN_POINT('Origin',(-2.4523367462031,4.46240245715678,7.11));
#3309=CARTESIAN_POINT('',(-1.69977567911691,4.99167394314249,7.11));
#3310=CARTESIAN_POINT('Origin',(-2.44237816144038,4.32194149413988,7.11));
#3311=CARTESIAN_POINT('',(-1.70477452787339,8.7232233098104,7.11));
#3312=CARTESIAN_POINT('Origin',(0.372085246565546,6.86022747585976,7.11));
#3313=CARTESIAN_POINT('',(-1.39697563124831,9.37551852615905,7.11));
#3314=CARTESIAN_POINT('Origin',(-2.64271120020066,9.56457626707843,7.11));
#3315=CARTESIAN_POINT('Origin',(-2.40697565554148,9.37551853299177,7.11));
#3316=CARTESIAN_POINT('Origin',(-2.43717260223777,9.41914723601969,0.));
#3317=CARTESIAN_POINT('Origin',(-2.43717260223777,9.41914723601969,6.91663603665068));
#3318=CARTESIAN_POINT('',(-2.00906188281847,9.69631363354704,0.79));
#3319=CARTESIAN_POINT('',(-2.00906188281847,9.69631363354704,0.));
#3320=CARTESIAN_POINT('',(-2.06014062779312,9.07571326820875,0.79));
#3321=CARTESIAN_POINT('Origin',(-2.43717260223777,9.41914723601969,0.79));
#3322=CARTESIAN_POINT('',(-2.06014062779312,9.07571326820875,0.));
#3323=CARTESIAN_POINT('Origin',(-0.951376576017851,10.381077674497,0.));
#3324=CARTESIAN_POINT('Origin',(-0.951376576017851,10.381077674497,0.79));
#3325=CARTESIAN_POINT('Origin',(0.950909004727954,10.381077674497,0.));
#3326=CARTESIAN_POINT('Origin',(0.950909004727954,10.381077674497,0.79));
#3327=CARTESIAN_POINT('Origin',(2.64224362891076,9.56457626707843,0.));
#3328=CARTESIAN_POINT('',(1.7043069565835,8.7232233098104,0.79));
#3329=CARTESIAN_POINT('Origin',(2.64224362891076,9.56457626707843,0.79));
#3330=CARTESIAN_POINT('',(1.7043069565835,8.7232233098104,0.));
#3331=CARTESIAN_POINT('',(1.39650805995841,9.37551852615905,0.79));
#3332=CARTESIAN_POINT('',(1.39650808425158,9.37551853299177,0.));
#3333=CARTESIAN_POINT('Origin',(2.64224362891076,9.56457626707843,0.79));
#3334=CARTESIAN_POINT('Origin',(-0.372552817855442,6.86022747585976,0.));
#3335=CARTESIAN_POINT('',(1.69930810782702,4.99167394314249,0.79));
#3336=CARTESIAN_POINT('Origin',(-0.372552817855442,6.86022747585976,0.79));
#3337=CARTESIAN_POINT('',(1.69930810782702,4.99167394314249,0.));
#3338=CARTESIAN_POINT('Origin',(-2.64271120020066,9.56457626707843,0.));
#3339=CARTESIAN_POINT('',(-1.70477452787339,8.7232233098104,0.79));
#3340=CARTESIAN_POINT('',(-1.70477452787339,8.7232233098104,0.));
#3341=CARTESIAN_POINT('Origin',(-2.64271120020066,9.56457626707843,0.79));
#3342=CARTESIAN_POINT('',(-1.39697563124831,9.37551852615905,0.79));
#3343=CARTESIAN_POINT('Origin',(-2.64271120020066,9.56457626707843,0.79));
#3344=CARTESIAN_POINT('',(-1.39697565554148,9.37551853299177,0.));
#3345=CARTESIAN_POINT('Origin',(-2.34325871238724,6.97477690554783,0.79));
#3346=CARTESIAN_POINT('',(-1.69977567911691,4.99167394314249,0.79));
#3347=CARTESIAN_POINT('Origin',(0.372085246565546,6.86022747585976,0.79));
#3348=CARTESIAN_POINT('Origin',(-2.44237816144038,4.32194149413988,0.79));
#3349=CARTESIAN_POINT('',(-2.11374278009273,4.08242471564212,0.79));
#3350=CARTESIAN_POINT('',(-1.32390561982513,5.11042806436474,0.79));
#3351=CARTESIAN_POINT('',(-2.13025748875446,4.72425443413119,0.79));
#3352=CARTESIAN_POINT('Origin',(-2.51815864225391,4.39314615106688,0.79));
#3353=CARTESIAN_POINT('Origin',(0.372085246565546,6.86022747585976,0.79));
#3354=CARTESIAN_POINT('Origin',(0.372085246565546,6.86022747585976,0.));
#3355=CARTESIAN_POINT('',(-1.69977567911691,4.99167394314249,0.));
#3356=CARTESIAN_POINT('Origin',(2.44191059015048,4.32194149413988,0.));
#3357=CARTESIAN_POINT('Origin',(2.44191059015048,4.32194149413988,0.79));
#3358=CARTESIAN_POINT('',(1.45186922094928,4.46271818857159,0.79));
#3359=CARTESIAN_POINT('Origin',(2.44191059015048,4.32194149413988,0.79));
#3360=CARTESIAN_POINT('',(1.45186922475616,4.46271818789524,0.));
#3361=CARTESIAN_POINT('Origin',(2.45186917491321,4.46240245715678,0.));
#3362=CARTESIAN_POINT('',(1.65889689616579,3.85314474063763,0.79));
#3363=CARTESIAN_POINT('Origin',(2.45186917491321,4.46240245715678,0.79));
#3364=CARTESIAN_POINT('',(1.65889689616579,3.85314474063763,0.));
#3365=CARTESIAN_POINT('Origin',(-2.44237816144038,4.32194149413988,0.));
#3366=CARTESIAN_POINT('',(-1.45233679223918,4.46271818857158,0.79));
#3367=CARTESIAN_POINT('',(-1.45233679604605,4.46271818789524,0.));
#3368=CARTESIAN_POINT('Origin',(-2.44237816144038,4.32194149413988,0.79));
#3369=CARTESIAN_POINT('Origin',(-2.4523367462031,4.46240245715678,0.));
#3370=CARTESIAN_POINT('',(-1.65936446745569,3.85314474063763,0.79));
#3371=CARTESIAN_POINT('Origin',(-2.4523367462031,4.46240245715678,0.79));
#3372=CARTESIAN_POINT('',(-1.65936446745569,3.85314474063763,0.));
#3373=CARTESIAN_POINT('Origin',(-3.43523378564495,1.54178273106365,0.));
#3374=CARTESIAN_POINT('',(-1.43523997915884,4.14485135573516,0.79));
#3375=CARTESIAN_POINT('',(-1.77440704049574,3.70341242076201,0.79));
#3376=CARTESIAN_POINT('',(-3.25751055734755,1.77309632711378,0.));
#3377=CARTESIAN_POINT('',(-1.43523997915884,4.14485135573516,0.));
#3378=CARTESIAN_POINT('Origin',(2.51769107096401,4.39314615106688,0.));
#3379=CARTESIAN_POINT('',(2.11327520880283,4.08242471564212,0.79));
#3380=CARTESIAN_POINT('',(2.12978991746456,4.72425443413119,0.79));
#3381=CARTESIAN_POINT('Origin',(2.51769107096401,4.39314615106688,0.79));
#3382=CARTESIAN_POINT('',(2.12978991746456,4.72425443413119,0.));
#3383=CARTESIAN_POINT('',(2.11327520880283,4.08242471564212,0.));
#3384=CARTESIAN_POINT('Origin',(-0.372552817855442,6.86022747585976,0.));
#3385=CARTESIAN_POINT('Origin',(-0.372552817855442,6.86022747585976,0.79));
#3386=CARTESIAN_POINT('',(2.38447286860817,5.06498115176386,2.72473437499981));
#3387=CARTESIAN_POINT('',(2.38447286860431,5.06498115175793,5.19973437499981));
#3388=CARTESIAN_POINT('',(2.38447286861242,5.06498115177039,0.));
#3389=CARTESIAN_POINT('',(2.62360507038167,8.21932199382183,5.19973437500926));
#3390=CARTESIAN_POINT('Origin',(-0.372552817855442,6.86022747585976,5.19973437499981));
#3391=CARTESIAN_POINT('',(2.62360507038149,8.21932199382224,5.04504687500926));
#3392=CARTESIAN_POINT('',(2.62360507037552,8.21932199383537,0.));
#3393=CARTESIAN_POINT('',(2.4658028872095,5.1965457480268,5.04504687500025));
#3394=CARTESIAN_POINT('Origin',(-0.372552817855442,6.86022747585976,5.04504687500926));
#3395=CARTESIAN_POINT('',(2.46580288721286,5.19654574803253,2.72473437500025));
#3396=CARTESIAN_POINT('',(2.4658028872168,5.19654574803925,0.));
#3397=CARTESIAN_POINT('Origin',(-0.372552817855442,6.86022747585976,2.72473437500025));
#3398=CARTESIAN_POINT('',(2.91338240575505,7.02371969657958,3.60129687500527));
#3399=CARTESIAN_POINT('',(2.91743521955353,6.86909955035701,3.60129687500527));
#3400=CARTESIAN_POINT('Origin',(-0.372552817855442,6.86022747585976,3.60129687500527));
#3401=CARTESIAN_POINT('',(2.91743521955353,6.8690995503548,4.37473437500527));
#3402=CARTESIAN_POINT('',(2.9174352195535,6.86909955036731,0.));
#3403=CARTESIAN_POINT('',(2.70912386368596,5.7081125378245,4.37473437500188));
#3404=CARTESIAN_POINT('Origin',(-0.372552817855442,6.86022747585976,4.37473437500188));
#3405=CARTESIAN_POINT('',(2.7091238636858,5.70811253782409,4.52942187500188));
#3406=CARTESIAN_POINT('',(2.70912386369034,5.70811253783622,0.));
#3407=CARTESIAN_POINT('',(2.62360507038087,8.21932199382358,4.52942187500926));
#3408=CARTESIAN_POINT('Origin',(-0.372552817855442,6.86022747585976,4.52942187500926));
#3409=CARTESIAN_POINT('',(2.62360507037874,8.21932199382828,2.72473437500926));
#3410=CARTESIAN_POINT('',(2.62360507037552,8.21932199383538,0.));
#3411=CARTESIAN_POINT('',(2.68417161677274,8.07700014597814,2.72473437500882));
#3412=CARTESIAN_POINT('Origin',(-0.372552817855442,6.86022747585976,2.72473437500882));
#3413=CARTESIAN_POINT('',(2.68417161677449,8.07700014597376,4.37473437500882));
#3414=CARTESIAN_POINT('',(2.68417161676986,8.07700014598538,0.));
#3415=CARTESIAN_POINT('',(2.91338240575516,7.02371969657737,4.37473437500572));
#3416=CARTESIAN_POINT('Origin',(-0.372552817855442,6.86022747585976,4.37473437500572));
#3417=CARTESIAN_POINT('',(2.91338240575453,7.02371969658987,0.));
#3418=CARTESIAN_POINT('Origin',(-2.51815864225391,4.39314615106688,0.));
#3419=CARTESIAN_POINT('',(-2.11374278009273,4.08242471564212,0.));
#3420=CARTESIAN_POINT('',(-2.13025748875446,4.72425443413119,0.));
#3421=CARTESIAN_POINT('Origin',(-1.84623944825397,4.43059055887939,0.));
#3422=CARTESIAN_POINT('',(-3.65399669672126,2.07772518537336,0.));
#3423=CARTESIAN_POINT('Origin',(2.40650808425158,9.37551853299177,0.));
#3424=CARTESIAN_POINT('Origin',(2.40650808425158,9.37551853299177,6.96969483500042));
#3425=CARTESIAN_POINT('',(1.55964913166282,9.92590922551869,0.79));
#3426=CARTESIAN_POINT('',(1.55964913166282,9.92590922551869,0.));
#3427=CARTESIAN_POINT('Origin',(2.40650808425158,9.37551853299177,0.79));
#3428=CARTESIAN_POINT('Origin',(5.87239041466455,6.94087196492406,0.));
#3429=CARTESIAN_POINT('',(1.43477240786894,4.14485135573516,0.));
#3430=CARTESIAN_POINT('Origin',(5.87239041466455,6.94087196492406,0.));
#3431=CARTESIAN_POINT('',(1.43477240786894,4.14485135573516,0.79));
#3432=CARTESIAN_POINT('',(1.43477240786894,4.14485135573516,0.));
#3433=CARTESIAN_POINT('Origin',(5.87239041466455,6.94087196492406,0.79));
#3434=CARTESIAN_POINT('Origin',(1.88070894682158,10.1950011127693,6.6));
#3435=CARTESIAN_POINT('Origin',(-3.42992965646589,9.11055249046758,6.6));
#3436=CARTESIAN_POINT('Origin',(-2.40697565554148,9.37551853299177,6.96969483500042));
#3437=CARTESIAN_POINT('Origin',(-2.40697565554148,9.37551853299177,0.));
#3438=CARTESIAN_POINT('',(-1.56011670295272,9.92590922551869,0.79));
#3439=CARTESIAN_POINT('Origin',(-2.40697565554148,9.37551853299177,0.79));
#3440=CARTESIAN_POINT('',(-1.56011670295271,9.92590922551869,0.));
#3441=CARTESIAN_POINT('Origin',(-0.372552817855442,6.86022747585976,0.));
#3442=CARTESIAN_POINT('',(2.86743540135582,6.86896471639808,3.60129687500527));
#3443=CARTESIAN_POINT('',(2.86344418047221,7.02123501237411,3.60129687500527));
#3444=CARTESIAN_POINT('Origin',(-0.372552817855442,6.86022747585976,3.60129687500527));
#3445=CARTESIAN_POINT('',(2.86344418047232,7.02123501237194,4.37473437500572));
#3446=CARTESIAN_POINT('',(2.86344418047221,7.02123501237411,3.60129687500572));
#3447=CARTESIAN_POINT('',(2.6377168381327,8.05850816010576,4.37473437500882));
#3448=CARTESIAN_POINT('Origin',(-0.372552817855442,6.86022747585976,4.37473437500572));
#3449=CARTESIAN_POINT('',(2.63771683813098,8.05850816011008,2.72473437500882));
#3450=CARTESIAN_POINT('',(2.6377168381327,8.05850816010576,4.37473437500882));
#3451=CARTESIAN_POINT('',(2.57807075596789,8.19866706194426,2.72473437500926));
#3452=CARTESIAN_POINT('Origin',(-0.372552817855442,6.86022747585976,2.72473437500882));
#3453=CARTESIAN_POINT('',(2.57807075596999,8.19866706193963,4.52942187500926));
#3454=CARTESIAN_POINT('',(2.57807075596789,8.19866706194426,2.72473437500926));
#3455=CARTESIAN_POINT('',(2.66228987156511,5.72562188338694,4.52942187500188));
#3456=CARTESIAN_POINT('Origin',(-0.372552817855442,6.86022747585976,4.52942187500926));
#3457=CARTESIAN_POINT('',(2.66228987156527,5.72562188338735,4.37473437500188));
#3458=CARTESIAN_POINT('',(2.66228987156511,5.72562188338694,4.52942187500188));
#3459=CARTESIAN_POINT('',(2.86743540135583,6.8689647163959,4.37473437500527));
#3460=CARTESIAN_POINT('Origin',(-0.372552817855442,6.86022747585976,4.37473437500188));
#3461=CARTESIAN_POINT('',(2.86743540135583,6.8689647163959,4.37473437500527));
#3462=CARTESIAN_POINT('Origin',(2.9163175856583,6.9464334437004,3.60129687500527));
#3463=CARTESIAN_POINT('',(2.91743521955353,6.86909955035701,3.60129687500527));
#3464=CARTESIAN_POINT('',(2.91338240575505,7.02371969657958,3.60129687500527));
#3465=CARTESIAN_POINT('Origin',(2.9133824057551,7.02371969657848,3.98801562500572));
#3466=CARTESIAN_POINT('',(2.91338240575516,7.02371969657737,4.37473437500572));
#3467=CARTESIAN_POINT('Origin',(2.84220733048193,7.55981105818705,4.37473437500572));
#3468=CARTESIAN_POINT('',(2.68417161677449,8.07700014597376,4.37473437500882));
#3469=CARTESIAN_POINT('Origin',(2.68417161677362,8.07700014597595,3.54973437500882));
#3470=CARTESIAN_POINT('',(2.68417161677274,8.07700014597814,2.72473437500882));
#3471=CARTESIAN_POINT('Origin',(2.65472483388032,8.14851704707471,2.72473437500882));
#3472=CARTESIAN_POINT('',(2.62360507037874,8.21932199382828,2.72473437500926));
#3473=CARTESIAN_POINT('Origin',(2.62360507037981,8.21932199382593,3.62707812500926));
#3474=CARTESIAN_POINT('',(2.62360507038087,8.21932199382358,4.52942187500926));
#3475=CARTESIAN_POINT('Origin',(2.91554108247209,6.97220293133502,4.52942187500926));
#3476=CARTESIAN_POINT('',(2.7091238636858,5.70811253782409,4.52942187500188));
#3477=CARTESIAN_POINT('Origin',(2.70912386368588,5.7081125378243,4.45207812500188));
#3478=CARTESIAN_POINT('',(2.70912386368596,5.7081125378245,4.37473437500188));
#3479=CARTESIAN_POINT('Origin',(2.86573384849997,6.27919437309817,4.37473437500188));
#3480=CARTESIAN_POINT('',(2.91743521955353,6.8690995503548,4.37473437500527));
#3481=CARTESIAN_POINT('Origin',(2.91743521955353,6.8690995503559,3.98801562500527));
#3482=CARTESIAN_POINT('Origin',(-0.372552817855442,6.86022747585976,0.));
#3483=CARTESIAN_POINT('',(2.34257278218775,5.09226453054952,2.72473437499981));
#3484=CARTESIAN_POINT('',(2.34257278218395,5.09226453054367,5.19973437499981));
#3485=CARTESIAN_POINT('',(2.34257278218775,5.09226453054952,2.72473437499981));
#3486=CARTESIAN_POINT('',(2.42266678227261,5.22182966486881,2.72473437500025));
#3487=CARTESIAN_POINT('Origin',(-0.372552817855442,6.86022747585976,2.72473437500025));
#3488=CARTESIAN_POINT('',(2.42266678226931,5.22182966486317,5.04504687500025));
#3489=CARTESIAN_POINT('',(2.42266678226931,5.22182966486317,5.04504687500025));
#3490=CARTESIAN_POINT('',(2.57807075597059,8.19866706193831,5.04504687500926));
#3491=CARTESIAN_POINT('Origin',(-0.372552817855442,6.86022747585976,5.04504687500926));
#3492=CARTESIAN_POINT('',(2.57807075597077,8.19866706193791,5.19973437500926));
#3493=CARTESIAN_POINT('',(2.57807075597077,8.19866706193791,5.19973437500926));
#3494=CARTESIAN_POINT('Origin',(-0.372552817855442,6.86022747585976,5.19973437499981));
#3495=CARTESIAN_POINT('Origin',(2.38447286860624,5.0649811517609,3.96223437499981));
#3496=CARTESIAN_POINT('',(2.38447286860431,5.06498115175793,5.19973437499981));
#3497=CARTESIAN_POINT('',(2.38447286860817,5.06498115176386,2.72473437499981));
#3498=CARTESIAN_POINT('Origin',(2.42591114294935,5.13028543634608,2.72473437500025));
#3499=CARTESIAN_POINT('',(2.46580288721286,5.19654574803253,2.72473437500025));
#3500=CARTESIAN_POINT('Origin',(2.46580288721118,5.19654574802966,3.88489062500025));
#3501=CARTESIAN_POINT('',(2.4658028872095,5.1965457480268,5.04504687500025));
#3502=CARTESIAN_POINT('Origin',(2.91297320938013,6.68870860122017,5.04504687500926));
#3503=CARTESIAN_POINT('',(2.62360507038149,8.21932199382224,5.04504687500926));
#3504=CARTESIAN_POINT('Origin',(2.62360507038158,8.21932199382203,5.12239062500926));
#3505=CARTESIAN_POINT('',(2.62360507038167,8.21932199382183,5.19973437500926));
#3506=CARTESIAN_POINT('Origin',(2.90803353949267,6.61152453663011,5.19973437499981));
#3507=CARTESIAN_POINT('Origin',(-1.522,0.00178273106365617,0.));
#3508=CARTESIAN_POINT('Origin',(0.00188310717752563,-2.79821726893634,-0.0621428571428567));
#3509=CARTESIAN_POINT('',(0.761883107177526,-2.79821726893634,0.));
#3510=CARTESIAN_POINT('',(0.00188310717752563,-3.55821726893634,0.));
#3511=CARTESIAN_POINT('Origin',(0.00188310717752563,-2.79821726893634,0.));
#3512=CARTESIAN_POINT('',(0.00188310717752563,-3.55821726893634,-0.5));
#3513=CARTESIAN_POINT('',(0.00188310717752563,-3.55821726893634,-0.0621428571428567));
#3514=CARTESIAN_POINT('',(0.761883107177526,-2.79821726893634,-0.5));
#3515=CARTESIAN_POINT('Origin',(0.00188310717752563,-2.79821726893634,-0.5));
#3516=CARTESIAN_POINT('',(0.761883107177526,-2.79821726893634,-0.0621428571428567));
#3517=CARTESIAN_POINT('Origin',(-0.00011689282247429,-3.55821726893634,
-0.5));
#3518=CARTESIAN_POINT('',(-0.00211689282247421,-3.55821726893634,-0.5));
#3519=CARTESIAN_POINT('',(-0.00011689282247429,-3.55821726893634,-0.5));
#3520=CARTESIAN_POINT('Origin',(-0.00211689282247421,-2.79821726893634,
-0.5));
#3521=CARTESIAN_POINT('',(0.761883107177526,-0.498217268936343,-0.5));
#3522=CARTESIAN_POINT('',(-0.000175339233712402,-0.498217268936343,-0.5));
#3523=CARTESIAN_POINT('',(0.761883107177526,-3.55821726893634,-0.5));
#3524=CARTESIAN_POINT('Origin',(-0.00011689282247429,-3.55821726893634,
0.));
#3525=CARTESIAN_POINT('',(-0.00211689282247421,-3.55821726893634,0.));
#3526=CARTESIAN_POINT('',(-0.00011689282247429,-3.55821726893634,0.));
#3527=CARTESIAN_POINT('',(-0.00211689282247421,-3.55821726893634,-0.0621428571428567));
#3528=CARTESIAN_POINT('Origin',(-0.00211689282247421,-2.79821726893634,
-0.0621428571428567));
#3529=CARTESIAN_POINT('Origin',(-0.00211689282247421,-2.79821726893634,
0.));
#3530=CARTESIAN_POINT('Origin',(-0.000175339233712402,-0.498217268936343,
0.5));
#3531=CARTESIAN_POINT('Origin',(0.761883107177525,-0.498217268936343,0.5));
#3532=CARTESIAN_POINT('Origin',(0.761883107177526,-1.27393155465063,-0.124285714285713));
#3533=CARTESIAN_POINT('',(0.761883107177526,-0.498217268936343,0.));
#3534=CARTESIAN_POINT('Origin',(0.761883107177526,-0.498217268936343,0.5));
#3535=CARTESIAN_POINT('',(0.761883107177526,0.00178273106365612,0.));
#3536=CARTESIAN_POINT('Origin',(-1.96767533923371,-0.498217268936344,0.5));
#3537=CARTESIAN_POINT('',(-1.96767533923371,-0.498217268936344,0.));
#3538=CARTESIAN_POINT('Origin',(-0.00011689282247429,0.00178273106365612,
0.));
#3539=CARTESIAN_POINT('Origin',(0.00188310717752563,-2.79821726893634,7.17214285714286));
#3540=CARTESIAN_POINT('',(0.00188310717752563,-3.55821726893634,7.11));
#3541=CARTESIAN_POINT('Origin',(0.00188310717752563,-2.79821726893634,7.11));
#3542=CARTESIAN_POINT('',(0.00188310717752563,-3.55821726893634,7.61));
#3543=CARTESIAN_POINT('Origin',(0.00188310717752563,-2.79821726893634,7.61));
#3544=CARTESIAN_POINT('',(0.00188310717752563,-3.55821726893634,7.17214285714286));
#3545=CARTESIAN_POINT('Origin',(-0.00011689282247429,-3.55821726893634,
7.11));
#3546=CARTESIAN_POINT('',(-0.00211689282247421,-3.55821726893634,7.61));
#3547=CARTESIAN_POINT('',(-0.00011689282247429,-3.55821726893634,7.61));
#3548=CARTESIAN_POINT('',(-0.00211689282247421,-3.55821726893634,7.11));
#3549=CARTESIAN_POINT('',(-0.00211689282247421,-3.55821726893634,7.17214285714286));
#3550=CARTESIAN_POINT('',(-0.00011689282247429,-3.55821726893634,7.11));
#3551=CARTESIAN_POINT('Origin',(-0.00011689282247429,-3.55821726893634,
7.61));
#3552=CARTESIAN_POINT('',(-0.762116892822474,-0.498217268936344,7.61));
#3553=CARTESIAN_POINT('',(-0.000175339233712402,-0.498217268936343,7.61));
#3554=CARTESIAN_POINT('',(-0.762116892822474,-2.79821726893634,7.61));
#3555=CARTESIAN_POINT('',(-0.762116892822474,-3.55821726893634,7.61));
#3556=CARTESIAN_POINT('Origin',(-0.00211689282247421,-2.79821726893634,
7.61));
#3557=CARTESIAN_POINT('Origin',(-0.00211689282247421,-2.79821726893634,
7.17214285714286));
#3558=CARTESIAN_POINT('',(-0.762116892822474,-2.79821726893634,7.11));
#3559=CARTESIAN_POINT('',(-0.762116892822474,-2.79821726893634,7.17214285714286));
#3560=CARTESIAN_POINT('Origin',(-0.00211689282247421,-2.79821726893634,
7.11));
#3561=CARTESIAN_POINT('Origin',(-0.762116892822474,-1.27393155465063,7.23428571428571));
#3562=CARTESIAN_POINT('',(-0.762116892822474,-0.498217268936344,7.11));
#3563=CARTESIAN_POINT('Origin',(-0.762116892822474,-0.498217268936344,6.61));
#3564=CARTESIAN_POINT('',(-0.762116892822474,0.00178273106365612,7.11));
#3565=CARTESIAN_POINT('Origin',(-0.762116892822475,-0.498217268936344,6.61));
#3566=CARTESIAN_POINT('Origin',(-0.000175339233712402,-0.498217268936343,
6.61));
#3567=CARTESIAN_POINT('Origin',(-1.96767533923371,-0.498217268936344,6.61));
#3568=CARTESIAN_POINT('',(-1.96767533923371,-0.498217268936344,7.11));
#3569=CARTESIAN_POINT('Origin',(-0.00011689282247429,0.00178273106365612,
7.11));
#3570=CARTESIAN_POINT('Origin',(-1.522,0.00178273106365617,7.11));
#3571=CARTESIAN_POINT('Origin',(2.34279114109734,6.97477690554783,0.79));
#3572=CARTESIAN_POINT('',(1.32343804853523,5.11042806436474,0.79));
#3573=CARTESIAN_POINT('Origin',(1.74437192253884,3.74189571645411,0.));
#3574=CARTESIAN_POINT('',(1.48343475030646,4.0815154511982,0.79));
#3575=CARTESIAN_POINT('',(3.25704298605765,1.77309632711378,0.));
#3576=CARTESIAN_POINT('',(3.43476621435505,1.54178273106365,0.));
#3577=CARTESIAN_POINT('',(3.25704298605765,1.77309632711378,0.));
#3578=CARTESIAN_POINT('Origin',(1.26960503412241,6.75360011291115,0.79));
#3579=CARTESIAN_POINT('Origin',(1.84577187696407,4.43059055887939,0.));
#3580=CARTESIAN_POINT('',(3.65352912543136,2.07772518537336,0.));
#3581=CARTESIAN_POINT('',(3.65352912543136,2.07772518537336,0.));
#3582=CARTESIAN_POINT('',(1.84577187696407,4.43059055887939,0.));
#3583=CARTESIAN_POINT('Origin',(2.6305948858472,1.29178273106366,0.));
#3584=CARTESIAN_POINT('Origin',(2.6305948858472,1.29178273106366,0.));
#3585=CARTESIAN_POINT('Origin',(2.6305948858472,1.29178273106365,0.));
#3586=CARTESIAN_POINT('Origin',(2.6305948858472,1.29178273106365,0.));
#3587=CARTESIAN_POINT('Origin',(0.372085246565546,6.86022747585976,0.));
#3588=CARTESIAN_POINT('Origin',(-5.87285798595444,6.94087196492406,0.));
#3589=CARTESIAN_POINT('Origin',(-5.87285798595444,6.94087196492406,0.79));
#3590=CARTESIAN_POINT('Origin',(-1.27007260541231,6.75360011291115,0.79));
#3591=CARTESIAN_POINT('Origin',(-2.63106245713709,1.29178273106366,0.));
#3592=CARTESIAN_POINT('Origin',(-2.30832602413617,4.02145648129671,0.));
#3593=CARTESIAN_POINT('Origin',(-2.63106245713709,1.29178273106365,0.));
#3594=UNCERTAINTY_MEASURE_WITH_UNIT(LENGTH_MEASURE(0.01),#3598,
'DISTANCE_ACCURACY_VALUE',
'Maximum model space distance between geometric entities at asserted c
onnectivities');
#3595=UNCERTAINTY_MEASURE_WITH_UNIT(LENGTH_MEASURE(0.01),#3598,
'DISTANCE_ACCURACY_VALUE',
'Maximum model space distance between geometric entities at asserted c
onnectivities');
#3596=(
GEOMETRIC_REPRESENTATION_CONTEXT(3)
GLOBAL_UNCERTAINTY_ASSIGNED_CONTEXT((#3594))
GLOBAL_UNIT_ASSIGNED_CONTEXT((#3598,#3600,#3601))
REPRESENTATION_CONTEXT('','3D')
);
#3597=(
GEOMETRIC_REPRESENTATION_CONTEXT(3)
GLOBAL_UNCERTAINTY_ASSIGNED_CONTEXT((#3595))
GLOBAL_UNIT_ASSIGNED_CONTEXT((#3598,#3600,#3601))
REPRESENTATION_CONTEXT('','3D')
);
#3598=(
LENGTH_UNIT()
NAMED_UNIT(*)
SI_UNIT(.MILLI.,.METRE.)
);
#3599=(
LENGTH_UNIT()
NAMED_UNIT(*)
SI_UNIT(.CENTI.,.METRE.)
);
#3600=(
NAMED_UNIT(*)
PLANE_ANGLE_UNIT()
SI_UNIT($,.RADIAN.)
);
#3601=(
NAMED_UNIT(*)
SI_UNIT($,.STERADIAN.)
SOLID_ANGLE_UNIT()
);
#3602=SHAPE_DEFINITION_REPRESENTATION(#3603,#3604);
#3603=PRODUCT_DEFINITION_SHAPE('',$,#3606);
#3604=SHAPE_REPRESENTATION('',(#2064),#3596);
#3605=PRODUCT_DEFINITION_CONTEXT('part definition',#3610,'design');
#3606=PRODUCT_DEFINITION('01020071Z Rev 1','01020071Z Rev 1',#3607,#3605);
#3607=PRODUCT_DEFINITION_FORMATION('',$,#3612);
#3608=PRODUCT_RELATED_PRODUCT_CATEGORY('01020071Z Rev 1',
'01020071Z Rev 1',(#3612));
#3609=APPLICATION_PROTOCOL_DEFINITION('international standard',
'automotive_design',2009,#3610);
#3610=APPLICATION_CONTEXT(
'Core Data for Automotive Mechanical Design Process');
#3611=PRODUCT_CONTEXT('part definition',#3610,'mechanical');
#3612=PRODUCT('01020071Z Rev 1','01020071Z Rev 1',$,(#3611));
#3613=PRESENTATION_STYLE_ASSIGNMENT((#3614));
#3614=SURFACE_STYLE_USAGE(.BOTH.,#3617);
#3615=SURFACE_STYLE_RENDERING_WITH_PROPERTIES($,#3621,(#3616));
#3616=SURFACE_STYLE_TRANSPARENT(0.);
#3617=SURFACE_SIDE_STYLE('',(#3618,#3615));
#3618=SURFACE_STYLE_FILL_AREA(#3619);
#3619=FILL_AREA_STYLE('',(#3620));
#3620=FILL_AREA_STYLE_COLOUR('',#3621);
#3621=COLOUR_RGB('',0.749019607843137,0.749019607843137,0.749019607843137);
ENDSEC;
END-ISO-10303-21;
