ISO-10303-21;
HEADER;
FILE_DESCRIPTION (( 'STEP AP214' ),
    '1' );
FILE_NAME ('CUI_DEVICES_CDM1209-05A-MP-F12-67.step',
    '2022-05-24T19:59:11',
    ( '' ),
    ( '' ),
    'SwSTEP 2.0',
    'SolidWorks 2022',
    '' );
FILE_SCHEMA (( 'AUTOMOTIVE_DESIGN' ));
ENDSEC;

DATA;
#1 = CARTESIAN_POINT ( 'NONE',  ( 0.5590551181102362266, 0.007127417435679133870, 0.2951895565497638096 ) ) ;
#2 = EDGE_CURVE ( 'NONE', #587, #2763, #3991, .T. ) ;
#3 =( BOUNDED_CURVE ( )  B_SPLINE_CURVE ( 2, ( #4961, #3806, #2922 ),
 .UNSPECIFIED., .F., .T. ) 
 B_SPLINE_CURVE_WITH_KNOTS ( ( 3, 3 ),
 ( 0.0000000000000000000, 1.000000000000000000 ),
 .UNSPECIFIED. ) 
 CURVE ( )  GEOMETRIC_REPRESENTATION_ITEM ( )  RATIONAL_B_SPLINE_CURVE ( ( 1.000000000000000000, 1.020663065298099914, 1.032786885245899899 ) ) 
 REPRESENTATION_ITEM ( '' )  );
#4 = SURFACE_STYLE_FILL_AREA ( #438 ) ;
#5 = DIRECTION ( 'NONE',  ( 0.0000000000000000000, -0.4165977904505330232, 0.9090909090909080614 ) ) ;
#6 = CYLINDRICAL_SURFACE ( 'NONE', #3897, 0.01968503937007984317 ) ;
#7 = FACE_OUTER_BOUND ( 'NONE', #4417, .T. ) ;
#8 = EDGE_CURVE ( 'NONE', #3979, #3935, #1127, .T. ) ;
#9 = EDGE_CURVE ( 'NONE', #972, #1719, #5067, .T. ) ;
#10 = DIRECTION ( 'NONE',  ( -1.000000000000000000, 0.0000000000000000000, 0.0000000000000000000 ) ) ;
#11 = VERTEX_POINT ( 'NONE', #4015 ) ;
#12 = SURFACE_STYLE_USAGE ( .BOTH. , #4753 ) ;
#13 =( LENGTH_UNIT ( ) NAMED_UNIT ( * ) SI_UNIT ( $, .METRE. ) );
#14 = ORIENTED_EDGE ( 'NONE', *, *, #3479, .T. ) ;
#15 = EDGE_CURVE ( 'NONE', #859, #3581, #2853, .T. ) ;
#16 = VECTOR ( 'NONE', #3007, 39.37007874015748143 ) ;
#17 = ORIENTED_EDGE ( 'NONE', *, *, #113, .F. ) ;
#18 = LINE ( 'NONE', #3583, #5075 ) ;
#19 = CARTESIAN_POINT ( 'NONE',  ( 0.01968503937007873988, 0.09358160885042914046, -0.2125984251968504046 ) ) ;
#20 = PLANE ( 'NONE',  #405 ) ;
#21 = CYLINDRICAL_SURFACE ( 'NONE', #4727, 0.2322834645669288878 ) ;
#22 = AXIS2_PLACEMENT_3D ( 'NONE', #4488, #1361, #556 ) ;
#23 = ORIENTED_EDGE ( 'NONE', *, *, #1580, .T. ) ;
#24 = AXIS2_PLACEMENT_3D ( 'NONE', #2018, #788, #2840 ) ;
#25 = FACE_OUTER_BOUND ( 'NONE', #1186, .T. ) ;
#26 = DIRECTION ( 'NONE',  ( 1.071937337635887825E-14, 6.123233995736915180E-17, -1.000000000000000000 ) ) ;
#27 = FILL_AREA_STYLE_COLOUR ( '', #547 ) ;
#28 = CARTESIAN_POINT ( 'NONE',  ( 0.5590551181102362266, -8.537024980200822558E-18, 0.0000000000000000000 ) ) ;
#29 = AXIS2_PLACEMENT_3D ( 'NONE', #1525, #233, #658 ) ;
#30 = ORIENTED_EDGE ( 'NONE', *, *, #1344, .F. ) ;
#31 = CONICAL_SURFACE ( 'NONE', #461, 0.2322834645669291376, 0.7853981633974487231 ) ;
#32 = CARTESIAN_POINT ( 'NONE',  ( 0.4685039370078740162, -0.2174143163667519862, -0.1769184492761101679 ) ) ;
#33 = CARTESIAN_POINT ( 'NONE',  ( 0.7283464566929134243, 0.1353122744573582725, 0.2952755905511810774 ) ) ;
#34 = ADVANCED_FACE ( 'NONE', ( #2080 ), #514, .T. ) ;
#35 = SURFACE_SIDE_STYLE ('',( #89 ) ) ;
#36 = AXIS2_PLACEMENT_3D ( 'NONE', #3080, #2332, #1588 ) ;
#37 = CARTESIAN_POINT ( 'NONE',  ( 0.3110236220472441526, 0.06959712413253542340, 0.06959712413253464625 ) ) ;
#38 = ORIENTED_EDGE ( 'NONE', *, *, #3094, .F. ) ;
#39 = CIRCLE ( 'NONE', #3527, 0.2066929133858267931 ) ;
#40 = EDGE_CURVE ( 'NONE', #2731, #3845, #1787, .T. ) ;
#41 = LENGTH_MEASURE_WITH_UNIT ( LENGTH_MEASURE( 0.02539999999999999897 ), #521 );
#42 = ORIENTED_EDGE ( 'NONE', *, *, #2574, .T. ) ;
#43 = PRESENTATION_STYLE_ASSIGNMENT (( #2141 ) ) ;
#44 = AXIS2_PLACEMENT_3D ( 'NONE', #2249, #3847, #5029 ) ;
#45 = CARTESIAN_POINT ( 'NONE',  ( 0.6567380015085433342, -0.1051792844081889805, 0.2952755905511811885 ) ) ;
#46 = CARTESIAN_POINT ( 'NONE',  ( 0.4881889763779537761, -6.492407497442725718E-15, -2.236700544812615379E-14 ) ) ;
#47 = DIRECTION ( 'NONE',  ( 0.0000000000000000000, -1.000000000000000000, 0.0000000000000000000 ) ) ;
#48 = EDGE_CURVE ( 'NONE', #3935, #3979, #3502, .T. ) ;
#49 = CARTESIAN_POINT ( 'NONE',  ( 0.3110236220472441526, 0.06959712413253542340, 0.06959712413253464625 ) ) ;
#50 = CARTESIAN_POINT ( 'NONE',  ( 0.9842519685039369248, -0.06959712413253542340, 0.08928216350261417023 ) ) ;
#51 = ORIENTED_EDGE ( 'NONE', *, *, #844, .F. ) ;
#52 = FACE_OUTER_BOUND ( 'NONE', #4047, .T. ) ;
#53 = EDGE_LOOP ( 'NONE', ( #2650, #3767, #1451, #82, #870, #4105, #5082, #1184 ) ) ;
#54 = CIRCLE ( 'NONE', #3625, 0.01968503937007875029 ) ;
#55 = LENGTH_MEASURE_WITH_UNIT ( LENGTH_MEASURE( 0.02539999999999999897 ), #3567 );
#56 = CIRCLE ( 'NONE', #307, 0.2165354330708637309 ) ;
#57 = CARTESIAN_POINT ( 'NONE',  ( 0.5590551181102362266, 4.963212897864252887E-15, 3.764828016268562611E-14 ) ) ;
#58 = CONICAL_SURFACE ( 'NONE', #3715, 0.2952755905511808554, 0.7853981633974344012 ) ;
#59 = DIRECTION ( 'NONE',  ( -1.000000000000000000, 0.0000000000000000000, 0.0000000000000000000 ) ) ;
#60 = CIRCLE ( 'NONE', #3888, 0.01968503937007873988 ) ;
#61 = VECTOR ( 'NONE', #1498, 39.37007874015748143 ) ;
#62 = CARTESIAN_POINT ( 'NONE',  ( 0.0000000000000000000, 5.544660704800984679E-18, 0.0000000000000000000 ) ) ;
#63 = STYLED_ITEM ( 'NONE', ( #3998 ), #4459 ) ;
#64 = UNCERTAINTY_MEASURE_WITH_UNIT (LENGTH_MEASURE( 1.000000000000000082E-05 ), #3139, 'distance_accuracy_value', 'NONE');
#65 = CARTESIAN_POINT ( 'NONE',  ( 0.5590551181102362266, 1.603253291281714426E-14, 3.986790665753784325E-15 ) ) ;
#66 = VERTEX_POINT ( 'NONE', #2130 ) ;
#67 = CARTESIAN_POINT ( 'NONE',  ( 0.7480314960629921295, -0.07687253618020473134, 0.2952755905511771917 ) ) ;
#68 = FILL_AREA_STYLE_COLOUR ( '', #3367 ) ;
#69 = VERTEX_POINT ( 'NONE', #566 ) ;
#70 =( BOUNDED_CURVE ( )  B_SPLINE_CURVE ( 2, ( #165, #1064, #131 ),
 .UNSPECIFIED., .F., .T. ) 
 B_SPLINE_CURVE_WITH_KNOTS ( ( 3, 3 ),
 ( 0.0000000000000000000, 1.000000000000000000 ),
 .UNSPECIFIED. ) 
 CURVE ( )  GEOMETRIC_REPRESENTATION_ITEM ( )  RATIONAL_B_SPLINE_CURVE ( ( 1.000000000000000000, 1.035714285714300020, 1.035714285714300020 ) ) 
 REPRESENTATION_ITEM ( '' )  );
#71 = CARTESIAN_POINT ( 'NONE',  ( 0.8661417322834645827, -0.06959712413253582586, -0.06959712413253504870 ) ) ;
#72 = CIRCLE ( 'NONE', #1595, 0.01968503937007873988 ) ;
#73 = EDGE_CURVE ( 'NONE', #4610, #4531, #246, .T. ) ;
#74 = CARTESIAN_POINT ( 'NONE',  ( 0.5787401574803149318, -0.2425428063478661522, 0.2060093597128661302 ) ) ;
#75 = CARTESIAN_POINT ( 'NONE',  ( 0.3110236220472441526, 0.06959712413253542340, 0.06959712413253464625 ) ) ;
#76 = FACE_BOUND ( 'NONE', #891, .T. ) ;
#77 = CYLINDRICAL_SURFACE ( 'NONE', #4955, 0.01968503937007873988 ) ;
#78 = CARTESIAN_POINT ( 'NONE',  ( 0.6496062992125984925, -0.2172798944446771852, -0.2142113644609763834 ) ) ;
#79 = DIRECTION ( 'NONE',  ( 0.0000000000000000000, 0.0000000000000000000, 1.000000000000000000 ) ) ;
#80 = VERTEX_POINT ( 'NONE', #3406 ) ;
#81 = EDGE_CURVE ( 'NONE', #1393, #1805, #3699, .T. ) ;
#82 = ORIENTED_EDGE ( 'NONE', *, *, #2657, .T. ) ;
#83 = SURFACE_STYLE_USAGE ( .BOTH. , #2076 ) ;
#84 = CARTESIAN_POINT ( 'NONE',  ( 0.8661417322834645827, 6.270565640175686074E-16, -0.03149606299212607402 ) ) ;
#85 =( CONVERSION_BASED_UNIT ( 'INCH', #3306 ) LENGTH_UNIT ( ) NAMED_UNIT ( #5049 ) );
#86 = CYLINDRICAL_SURFACE ( 'NONE', #2312, 0.01968503937007873988 ) ;
#87 = CARTESIAN_POINT ( 'NONE',  ( 0.2460629921259842035, 0.09358160885042914046, -0.2125984251968504046 ) ) ;
#88 = SURFACE_SIDE_STYLE ('',( #4 ) ) ;
#89 = SURFACE_STYLE_FILL_AREA ( #492 ) ;
#90 =( LENGTH_UNIT ( ) NAMED_UNIT ( * ) SI_UNIT ( $, .METRE. ) );
#91 = VERTEX_POINT ( 'NONE', #3781 ) ;
#92 = CARTESIAN_POINT ( 'NONE',  ( -0.03937007874015747977, 6.181466372770866908E-18, 3.956012536440165301E-17 ) ) ;
#93 = LENGTH_MEASURE_WITH_UNIT ( LENGTH_MEASURE( 0.02539999999999999897 ), #2502 );
#94 = ORIENTED_EDGE ( 'NONE', *, *, #3079, .T. ) ;
#95 = CARTESIAN_POINT ( 'NONE',  ( 0.5590551181102362266, 0.04110356893272047035, 0.2125984251968504046 ) ) ;
#96 = SURFACE_STYLE_FILL_AREA ( #606 ) ;
#97 = PLANE ( 'NONE',  #1311 ) ;
#98 = DIRECTION ( 'NONE',  ( 1.000000000000000000, 0.0000000000000000000, 0.0000000000000000000 ) ) ;
#99 = SURFACE_STYLE_FILL_AREA ( #2455 ) ;
#100 =( NAMED_UNIT ( * ) SI_UNIT ( $, .STERADIAN. ) SOLID_ANGLE_UNIT ( ) );
#101 = ORIENTED_EDGE ( 'NONE', *, *, #3538, .F. ) ;
#102 = DIRECTION ( 'NONE',  ( 1.000000000000000000, 0.0000000000000000000, 0.0000000000000000000 ) ) ;
#103 = EDGE_CURVE ( 'NONE', #3632, #3459, #4091, .T. ) ;
#104 = AXIS2_PLACEMENT_3D ( 'NONE', #3650, #1621, #2391 ) ;
#105 =( CONVERSION_BASED_UNIT ( 'INCH', #1279 ) LENGTH_UNIT ( ) NAMED_UNIT ( #4572 ) );
#106 = CARTESIAN_POINT ( 'NONE',  ( 0.4685039370078740717, -0.09270243527843700926, 0.2595311356923307722 ) ) ;
#107 =( CONVERSION_BASED_UNIT ( 'INCH', #2157 ) LENGTH_UNIT ( ) NAMED_UNIT ( #3175 ) );
#108 = EDGE_CURVE ( 'NONE', #117, #3229, #1017, .T. ) ;
#109 = FACE_OUTER_BOUND ( 'NONE', #916, .T. ) ;
#110 = COLOUR_RGB ( '',0.7607843137254901578, 0.7607843137254901578, 0.0000000000000000000 ) ;
#111 = VERTEX_POINT ( 'NONE', #3811 ) ;
#112 = AXIS2_PLACEMENT_3D ( 'NONE', #777, #3943, #3630 ) ;
#113 = EDGE_CURVE ( 'NONE', #3161, #2446, #696, .T. ) ;
#114 = EDGE_LOOP ( 'NONE', ( #4020, #3821 ) ) ;
#115 = AXIS2_PLACEMENT_3D ( 'NONE', #1280, #4386, #1713 ) ;
#116 = UNCERTAINTY_MEASURE_WITH_UNIT (LENGTH_MEASURE( 1.000000000000000082E-05 ), #2095, 'distance_accuracy_value', 'NONE');
#117 = VERTEX_POINT ( 'NONE', #1365 ) ;
#118 = CYLINDRICAL_SURFACE ( 'NONE', #909, 0.3248031496064086032 ) ;
#119 = VERTEX_POINT ( 'NONE', #959 ) ;
#120 = AXIS2_PLACEMENT_3D ( 'NONE', #3269, #1196, #3608 ) ;
#121 = AXIS2_PLACEMENT_3D ( 'NONE', #2898, #932, #3331 ) ;
#122 = ORIENTED_EDGE ( 'NONE', *, *, #3062, .T. ) ;
#123 = CARTESIAN_POINT ( 'NONE',  ( 0.9842519685039370358, -0.06959712413253542340, 0.06959712413253542340 ) ) ;
#124 = DIRECTION ( 'NONE',  ( -6.938893903907228378E-15, 0.0000000000000000000, 1.000000000000000000 ) ) ;
#125 = DIRECTION ( 'NONE',  ( -0.7071067811865570096, 2.216034526828306300E-16, -0.7071067811865379138 ) ) ;
#126 = ORIENTED_EDGE ( 'NONE', *, *, #3013, .T. ) ;
#127 = FACE_OUTER_BOUND ( 'NONE', #1449, .T. ) ;
#128 = AXIS2_PLACEMENT_3D ( 'NONE', #2737, #4345, #4677 ) ;
#129 = VERTEX_POINT ( 'NONE', #4172 ) ;
#130 = LINE ( 'NONE', #2921, #2031 ) ;
#131 = CARTESIAN_POINT ( 'NONE',  ( 0.5787401574803149318, 0.2711117742252480700, -0.04948290388348032531 ) ) ;
#132 = DIRECTION ( 'NONE',  ( 0.0000000000000000000, 0.8660254037844382635, 0.5000000000000006661 ) ) ;
#133 = DIRECTION ( 'NONE',  ( 1.000000000000000000, -1.661563742524860006E-15, -6.862573279958781107E-26 ) ) ;
#134 = DIRECTION ( 'NONE',  ( 1.000000000000000000, 0.0000000000000000000, 0.0000000000000000000 ) ) ;
#135 = CIRCLE ( 'NONE', #4125, 0.01968503937007984317 ) ;
#136 = AXIS2_PLACEMENT_3D ( 'NONE', #3929, #4007, #794 ) ;
#137 = CARTESIAN_POINT ( 'NONE',  ( 0.4881889763779537761, 3.069060480382195743E-15, 2.031811945287795608E-15 ) ) ;
#138 = EDGE_CURVE ( 'NONE', #2968, #3810, #3591, .T. ) ;
#139 = CYLINDRICAL_SURFACE ( 'NONE', #2646, 0.01968503937007984317 ) ;
#140 = CIRCLE ( 'NONE', #3377, 0.2952755905511211254 ) ;
#141 = DIRECTION ( 'NONE',  ( 0.0000000000000000000, 0.0000000000000000000, -1.000000000000000000 ) ) ;
#142 = AXIS2_PLACEMENT_3D ( 'NONE', #4456, #159, #2917 ) ;
#143 = VERTEX_POINT ( 'NONE', #3311 ) ;
#144 = CIRCLE ( 'NONE', #1237, 0.2125984251968503769 ) ;
#145 = EDGE_CURVE ( 'NONE', #1193, #1056, #1381, .T. ) ;
#146 = PRODUCT_DEFINITION ( 'UNKNOWN', '', #1104, #3708 ) ;
#147 = DIRECTION ( 'NONE',  ( 0.0000000000000000000, 9.717805723965918786E-17, 1.000000000000000000 ) ) ;
#148 = ORIENTED_EDGE ( 'NONE', *, *, #666, .T. ) ;
#149 = DIRECTION ( 'NONE',  ( 0.0000000000000000000, 0.0000000000000000000, 1.000000000000000000 ) ) ;
#150 = CARTESIAN_POINT ( 'NONE',  ( 0.3110236220472441526, 6.181466372770866908E-18, -0.1633858267716535029 ) ) ;
#151 = ORIENTED_EDGE ( 'NONE', *, *, #2718, .F. ) ;
#152 = VECTOR ( 'NONE', #1809, 39.37007874015748143 ) ;
#153 =( LENGTH_UNIT ( ) NAMED_UNIT ( * ) SI_UNIT ( $, .METRE. ) );
#154 = DIMENSIONAL_EXPONENTS ( 1.000000000000000000, 0.0000000000000000000, 0.0000000000000000000, 0.0000000000000000000, 0.0000000000000000000, 0.0000000000000000000, 0.0000000000000000000 ) ;
#155 = AXIS2_PLACEMENT_3D ( 'NONE', #3994, #2104, #440 ) ;
#156 = DIRECTION ( 'NONE',  ( 0.0000000000000000000, 0.0000000000000000000, -1.000000000000000000 ) ) ;
#157 = VERTEX_POINT ( 'NONE', #251 ) ;
#158 = CARTESIAN_POINT ( 'NONE',  ( 0.01968503937007873988, 0.09358160885042914046, 0.2125984251968504046 ) ) ;
#159 = DIRECTION ( 'NONE',  ( 0.0000000000000000000, 0.8660254037844382635, -0.5000000000000006661 ) ) ;
#160 = CARTESIAN_POINT ( 'NONE',  ( 0.5787401574803149318, -4.268512490100411279E-18, -0.2362204724409449341 ) ) ;
#161 = CARTESIAN_POINT ( 'NONE',  ( 0.8661417322834645827, -0.06959712413253542340, -0.06959712413253425767 ) ) ;
#162 = EDGE_LOOP ( 'NONE', ( #1981, #2746 ) ) ;
#163 =( NAMED_UNIT ( * ) SI_UNIT ( $, .STERADIAN. ) SOLID_ANGLE_UNIT ( ) );
#164 = PRODUCT_DEFINITION_SHAPE ( 'NONE', 'NONE',  #2696 ) ;
#165 = CARTESIAN_POINT ( 'NONE',  ( 0.5590551181102362266, 0.2520779461861181181, -0.1537673028375551310 ) ) ;
#166 = CARTESIAN_POINT ( 'NONE',  ( 0.6496062992125984925, -0.2941524306248700649, -0.08106422609020866310 ) ) ;
#167 = SPHERICAL_SURFACE ( 'NONE', #3541, 0.01968503937007873988 ) ;
#168 = SURFACE_STYLE_USAGE ( .BOTH. , #3733 ) ;
#169 = CARTESIAN_POINT ( 'NONE',  ( 0.5708661417322835607, 6.508949523027362694E-18, 3.009194900645617175E-17 ) ) ;
#170 = CARTESIAN_POINT ( 'NONE',  ( 0.7480314960629921295, 0.07687253618020473134, -0.2952755905511771917 ) ) ;
#171 = DIRECTION ( 'NONE',  ( -0.7071067811865457964, -0.7071067811865492381, -4.106372639927773694E-16 ) ) ;
#172 = EDGE_CURVE ( 'NONE', #2662, #3000, #4261, .T. ) ;
#173 = VERTEX_POINT ( 'NONE', #3735 ) ;
#174 = DIRECTION ( 'NONE',  ( 1.000000000000000000, -1.400152807812190293E-16, -2.956210905352825143E-16 ) ) ;
#175 = VERTEX_POINT ( 'NONE', #616 ) ;
#176 =( NAMED_UNIT ( * ) PLANE_ANGLE_UNIT ( ) SI_UNIT ( $, .RADIAN. ) );
#177 = CARTESIAN_POINT ( 'NONE',  ( 0.05905511811023622659, 1.044997886287128127E-17, 2.881245930817779385E-17 ) ) ;
#178 = DIMENSIONAL_EXPONENTS ( 1.000000000000000000, 0.0000000000000000000, 0.0000000000000000000, 0.0000000000000000000, 0.0000000000000000000, 0.0000000000000000000, 0.0000000000000000000 ) ;
#179 = ORIENTED_EDGE ( 'NONE', *, *, #2624, .T. ) ;
#180 = FILL_AREA_STYLE ('',( #2965 ) ) ;
#181 = EDGE_CURVE ( 'NONE', #1836, #1140, #4008, .T. ) ;
#182 = EDGE_CURVE ( 'NONE', #4547, #234, #5010, .T. ) ;
#183 =( BOUNDED_CURVE ( )  B_SPLINE_CURVE ( 2, ( #95, #864, #892 ),
 .UNSPECIFIED., .F., .T. ) 
 B_SPLINE_CURVE_WITH_KNOTS ( ( 3, 3 ),
 ( 0.0000000000000000000, 0.2922729653605800060 ),
 .UNSPECIFIED. ) 
 CURVE ( )  GEOMETRIC_REPRESENTATION_ITEM ( )  RATIONAL_B_SPLINE_CURVE ( ( 1.045871559632999936, 1.041922710394000084, 1.036363636363599960 ) ) 
 REPRESENTATION_ITEM ( '' )  );
#184 = EDGE_LOOP ( 'NONE', ( #3612, #3906, #4742, #229 ) ) ;
#185 = DIRECTION ( 'NONE',  ( 0.0000000000000000000, 0.0000000000000000000, -1.000000000000000000 ) ) ;
#186 = DIRECTION ( 'NONE',  ( 1.619075244245013512E-15, -1.000000000000000000, 0.0000000000000000000 ) ) ;
#187 = VERTEX_POINT ( 'NONE', #220 ) ;
#188 = EDGE_CURVE ( 'NONE', #2812, #429, #444, .T. ) ;
#189 = DIRECTION ( 'NONE',  ( 0.0000000000000000000, -0.4999999999999844014, -0.8660254037844474784 ) ) ;
#190 = LINE ( 'NONE', #1795, #964 ) ;
#191 = DIRECTION ( 'NONE',  ( 0.0000000000000000000, 0.0000000000000000000, 1.000000000000000000 ) ) ;
#192 = AXIS2_PLACEMENT_3D ( 'NONE', #642, #3334, #4911 ) ;
#193 = CARTESIAN_POINT ( 'NONE',  ( 0.6496062992125984925, 0.0000000000000000000, -0.2952755905511810774 ) ) ;
#194 = DIRECTION ( 'NONE',  ( -4.100255488672499460E-15, 0.1898237547074605458, 0.9818181818181827003 ) ) ;
#195 = AXIS2_PLACEMENT_3D ( 'NONE', #457, #1257, #1693 ) ;
#196 = DIRECTION ( 'NONE',  ( -1.000000000000000000, 0.0000000000000000000, 0.0000000000000000000 ) ) ;
#197 = DIRECTION ( 'NONE',  ( 9.251858538542432641E-15, -0.8778421647991632160, -0.4789500325719990292 ) ) ;
#198 = MECHANICAL_DESIGN_GEOMETRIC_PRESENTATION_REPRESENTATION (  '', ( #3262 ), #4185 ) ;
#199 = EDGE_LOOP ( 'NONE', ( #279, #2651 ) ) ;
#200 = ADVANCED_FACE ( 'NONE', ( #1800, #4987 ), #988, .T. ) ;
#201 = VERTEX_POINT ( 'NONE', #4152 ) ;
#202 = LINE ( 'NONE', #2266, #152 ) ;
#203 = DIRECTION ( 'NONE',  ( 1.000000000000000000, 0.0000000000000000000, 0.0000000000000000000 ) ) ;
#204 = ORIENTED_EDGE ( 'NONE', *, *, #1878, .T. ) ;
#205 = VECTOR ( 'NONE', #1225, 39.37007874015748143 ) ;
#206 = DIRECTION ( 'NONE',  ( 0.0000000000000000000, 0.7121173314702535784, 0.7020604719108496372 ) ) ;
#207 = EDGE_CURVE ( 'NONE', #4217, #969, #4432, .T. ) ;
#208 = ORIENTED_EDGE ( 'NONE', *, *, #267, .T. ) ;
#209 = CARTESIAN_POINT ( 'NONE',  ( 0.8661417322834645827, 0.06959712413253542340, 0.03810106114040982817 ) ) ;
#210 = CARTESIAN_POINT ( 'NONE',  ( 0.5606815198507483222, -0.04967152578844882121, 0.2125984251968504046 ) ) ;
#211 = ORIENTED_EDGE ( 'NONE', *, *, #4479, .T. ) ;
#212 = PRESENTATION_STYLE_ASSIGNMENT (( #1793 ) ) ;
#213 = DIMENSIONAL_EXPONENTS ( 1.000000000000000000, 0.0000000000000000000, 0.0000000000000000000, 0.0000000000000000000, 0.0000000000000000000, 0.0000000000000000000, 0.0000000000000000000 ) ;
#214 =( CONVERSION_BASED_UNIT ( 'INCH', #979 ) LENGTH_UNIT ( ) NAMED_UNIT ( #989 ) );
#215 = EDGE_CURVE ( 'NONE', #943, #4294, #614, .T. ) ;
#216 = DIRECTION ( 'NONE',  ( 0.0000000000000000000, 0.0000000000000000000, 1.000000000000000000 ) ) ;
#217 = CARTESIAN_POINT ( 'NONE',  ( -2.378481826559048833E-18, -1.644627936726086569E-16, -3.147126027628864815E-16 ) ) ;
#218 = COLOUR_RGB ( '',0.7607843137254901578, 0.7607843137254901578, 0.0000000000000000000 ) ;
#219 = DIRECTION ( 'NONE',  ( 1.000000000000000000, 0.0000000000000000000, 0.0000000000000000000 ) ) ;
#220 = CARTESIAN_POINT ( 'NONE',  ( 0.6692913385826771977, -0.3233722997634527752, 0.03045392815166693065 ) ) ;
#221 = VECTOR ( 'NONE', #1327, 39.37007874015748143 ) ;
#222 = PRESENTATION_STYLE_ASSIGNMENT (( #1490 ) ) ;
#223 = DIRECTION ( 'NONE',  ( 0.0000000000000000000, -0.9955947168474748032, 0.09376118485490998744 ) ) ;
#224 = ORIENTED_EDGE ( 'NONE', *, *, #3734, .T. ) ;
#225 = CONICAL_SURFACE ( 'NONE', #3132, 0.2952755905511808554, 0.7853981633974344012 ) ;
#226 = VECTOR ( 'NONE', #3732, 39.37007874015748143 ) ;
#227 = ORIENTED_EDGE ( 'NONE', *, *, #3034, .T. ) ;
#228 = CARTESIAN_POINT ( 'NONE',  ( 0.4724409448846846882, 1.137985429860769574E-14, 1.456416461622260379E-14 ) ) ;
#229 = ORIENTED_EDGE ( 'NONE', *, *, #2090, .F. ) ;
#230 = CARTESIAN_POINT ( 'NONE',  ( 0.4724409448833858383, 0.09358160885042914046, 0.2125984251968504046 ) ) ;
#231 = PRESENTATION_LAYER_ASSIGNMENT (  '', '', ( #489 ) ) ;
#232 = PRESENTATION_LAYER_ASSIGNMENT (  '', '', ( #3805 ) ) ;
#233 = DIRECTION ( 'NONE',  ( 1.000000000000000000, 0.0000000000000000000, 0.0000000000000000000 ) ) ;
#234 = VERTEX_POINT ( 'NONE', #1126 ) ;
#235 = AXIS2_PLACEMENT_3D ( 'NONE', #1680, #2086, #4075 ) ;
#236 = CARTESIAN_POINT ( 'NONE',  ( 0.5708661417322835607, -6.631393492581889988E-12, 0.2125984251968504046 ) ) ;
#237 = PLANE ( 'NONE',  #4539 ) ;
#238 = EDGE_LOOP ( 'NONE', ( #2738, #4136, #2622, #4205 ) ) ;
#239 = LENGTH_MEASURE_WITH_UNIT ( LENGTH_MEASURE( 0.02539999999999999897 ), #1898 );
#240 = EDGE_CURVE ( 'NONE', #3109, #1394, #2337, .T. ) ;
#241 =( GEOMETRIC_REPRESENTATION_CONTEXT ( 3 ) GLOBAL_UNCERTAINTY_ASSIGNED_CONTEXT ( ( #64 ) ) GLOBAL_UNIT_ASSIGNED_CONTEXT ( ( #3139, #1366, #936 ) ) REPRESENTATION_CONTEXT ( 'NONE', 'WORKASPACE' ) );
#242 = PLANE ( 'NONE',  #3682 ) ;
#243 = FILL_AREA_STYLE ('',( #1384 ) ) ;
#244 = CIRCLE ( 'NONE', #1101, 0.03149606299212598381 ) ;
#245 = DIRECTION ( 'NONE',  ( -1.000000000000000000, 6.938893903907219700E-15, -6.938893903907229955E-15 ) ) ;
#246 =( BOUNDED_CURVE ( )  B_SPLINE_CURVE ( 2, ( #1389, #4893, #4571 ),
 .UNSPECIFIED., .F., .T. ) 
 B_SPLINE_CURVE_WITH_KNOTS ( ( 3, 3 ),
 ( 0.0000000000000000000, 1.000000000000000000 ),
 .UNSPECIFIED. ) 
 CURVE ( )  GEOMETRIC_REPRESENTATION_ITEM ( )  RATIONAL_B_SPLINE_CURVE ( ( 1.032786885245899899, 1.020663065298099914, 1.000000000000000000 ) ) 
 REPRESENTATION_ITEM ( '' )  );
#247 = ADVANCED_FACE ( 'NONE', ( #1564 ), #350, .T. ) ;
#248 = ADVANCED_FACE ( 'NONE', ( #715 ), #3540, .T. ) ;
#249 = EDGE_LOOP ( 'NONE', ( #726, #2583, #1360, #966, #3840, #1877, #1980 ) ) ;
#250 = MECHANICAL_DESIGN_GEOMETRIC_PRESENTATION_REPRESENTATION (  '', ( #835 ), #4323 ) ;
#251 = CARTESIAN_POINT ( 'NONE',  ( 0.3110236220472441526, 1.044997886287128127E-17, 0.01968503937007877111 ) ) ;
#252 =( LENGTH_UNIT ( ) NAMED_UNIT ( * ) SI_UNIT ( $, .METRE. ) );
#253 = CARTESIAN_POINT ( 'NONE',  ( 0.7283464566929134243, -2.806290851491614486E-13, 3.909676308136918217E-17 ) ) ;
#254 = VERTEX_POINT ( 'NONE', #3857 ) ;
#255 = CARTESIAN_POINT ( 'NONE',  ( -0.03937007874015747977, 6.181466372770866908E-18, 9.556300923451989085E-17 ) ) ;
#256 = VERTEX_POINT ( 'NONE', #4278 ) ;
#257 = SURFACE_SIDE_STYLE ('',( #277 ) ) ;
#258 = DIRECTION ( 'NONE',  ( 0.0000000000000000000, 9.717805723965918786E-17, 1.000000000000000000 ) ) ;
#259 = VERTEX_POINT ( 'NONE', #4308 ) ;
#260 = SURFACE_SIDE_STYLE ('',( #629 ) ) ;
#261 = ORIENTED_EDGE ( 'NONE', *, *, #2032, .T. ) ;
#262 = CARTESIAN_POINT ( 'NONE',  ( 0.4881889763779528879, 0.2592053636217991897, 0.1414222537122086787 ) ) ;
#263 = CARTESIAN_POINT ( 'NONE',  ( 0.7283464566929134243, 0.1880600253060984162, -0.2648216623995157670 ) ) ;
#264 = ORIENTED_EDGE ( 'NONE', *, *, #4415, .F. ) ;
#265 = CARTESIAN_POINT ( 'NONE',  ( 0.5590551181102362266, 0.2901456022643937871, 0.05480149507067716419 ) ) ;
#266 = LENGTH_MEASURE_WITH_UNIT ( LENGTH_MEASURE( 0.02539999999999999897 ), #667 );
#267 = EDGE_CURVE ( 'NONE', #1957, #3420, #4716, .T. ) ;
#268 = CARTESIAN_POINT ( 'NONE',  ( -0.01968503937007873988, -0.02165354330708661734, 0.1377952755905511861 ) ) ;
#269 = ORIENTED_EDGE ( 'NONE', *, *, #3380, .F. ) ;
#270 = CARTESIAN_POINT ( 'NONE',  ( 0.8661417322834645827, 0.06959712413253542340, 0.06959712413253582586 ) ) ;
#271 = EDGE_CURVE ( 'NONE', #3323, #3318, #4997, .T. ) ;
#272 = DIRECTION ( 'NONE',  ( -1.000000000000000000, -0.0000000000000000000, -0.0000000000000000000 ) ) ;
#273 = ORIENTED_EDGE ( 'NONE', *, *, #4565, .F. ) ;
#274 = EDGE_CURVE ( 'NONE', #2832, #256, #2939, .T. ) ;
#275 = CARTESIAN_POINT ( 'NONE',  ( 0.5787401574803149318, -0.2755905511811025388, 1.295026967400312403E-16 ) ) ;
#276 = ORIENTED_EDGE ( 'NONE', *, *, #3858, .T. ) ;
#277 = SURFACE_STYLE_FILL_AREA ( #680 ) ;
#278 = PRESENTATION_LAYER_ASSIGNMENT (  '', '', ( #3426 ) ) ;
#279 = ORIENTED_EDGE ( 'NONE', *, *, #2072, .F. ) ;
#280 = CIRCLE ( 'NONE', #2947, 0.1633858267716535584 ) ;
#281 = CARTESIAN_POINT ( 'NONE',  ( 0.8661417322834645827, 6.231994087446635113E-16, 0.03149606299212589361 ) ) ;
#282 = EDGE_LOOP ( 'NONE', ( #1314, #2558, #1537, #3894 ) ) ;
#283 = DIRECTION ( 'NONE',  ( 0.0000000000000000000, 1.000000000000000000, 0.0000000000000000000 ) ) ;
#284 = DIRECTION ( 'NONE',  ( -1.000000000000000000, 0.0000000000000000000, 0.0000000000000000000 ) ) ;
#285 = ORIENTED_EDGE ( 'NONE', *, *, #1123, .T. ) ;
#286 = PRESENTATION_STYLE_ASSIGNMENT (( #1849 ) ) ;
#287 = STYLED_ITEM ( 'NONE', ( #4126 ), #880 ) ;
#288 = AXIS2_PLACEMENT_3D ( 'NONE', #2197, #2977, #2126 ) ;
#289 = LINE ( 'NONE', #4643, #466 ) ;
#290 = SURFACE_STYLE_USAGE ( .BOTH. , #348 ) ;
#291 = CARTESIAN_POINT ( 'NONE',  ( 0.6692913385826771977, 0.1353122744573582725, -0.2952755905511810774 ) ) ;
#292 = CIRCLE ( 'NONE', #4114, 0.03149606299212658750 ) ;
#293 = ORIENTED_EDGE ( 'NONE', *, *, #1974, .F. ) ;
#294 = FILL_AREA_STYLE ('',( #3512 ) ) ;
#295 = LENGTH_MEASURE_WITH_UNIT ( LENGTH_MEASURE( 0.02539999999999999897 ), #3913 );
#296 = COLOUR_RGB ( '',0.7607843137254901578, 0.7607843137254901578, 0.0000000000000000000 ) ;
#297 = MECHANICAL_DESIGN_GEOMETRIC_PRESENTATION_REPRESENTATION (  '', ( #4036 ), #977 ) ;
#298 = EDGE_CURVE ( 'NONE', #2970, #2379, #447, .T. ) ;
#299 = ORIENTED_EDGE ( 'NONE', *, *, #4658, .F. ) ;
#300 = EDGE_LOOP ( 'NONE', ( #3274, #4101, #4258, #3864 ) ) ;
#301 = AXIS2_PLACEMENT_3D ( 'NONE', #3822, #3370, #4949 ) ;
#302 = CONICAL_SURFACE ( 'NONE', #1652, 0.2322834645669291098, 0.7853981633974482790 ) ;
#303 = LENGTH_MEASURE_WITH_UNIT ( LENGTH_MEASURE( 0.02539999999999999897 ), #3940 );
#304 = LENGTH_MEASURE_WITH_UNIT ( LENGTH_MEASURE( 0.02539999999999999897 ), #3918 );
#305 = ADVANCED_FACE ( 'NONE', ( #1641 ), #1200, .T. ) ;
#306 = AXIS2_PLACEMENT_3D ( 'NONE', #2577, #598, #2181 ) ;
#307 = AXIS2_PLACEMENT_3D ( 'NONE', #3696, #133, #1749 ) ;
#308 = PRESENTATION_STYLE_ASSIGNMENT (( #2216 ) ) ;
#309 = ORIENTED_EDGE ( 'NONE', *, *, #2632, .F. ) ;
#310 = DIRECTION ( 'NONE',  ( 0.0000000000000000000, 0.9837484379030179138, -0.1795522512344862320 ) ) ;
#311 = PRESENTATION_STYLE_ASSIGNMENT (( #757 ) ) ;
#312 = ORIENTED_EDGE ( 'NONE', *, *, #1467, .F. ) ;
#313 = CONICAL_SURFACE ( 'NONE', #2642, 0.3248031496062992463, 0.7853981633974482790 ) ;
#314 = CYLINDRICAL_SURFACE ( 'NONE', #4714, 0.2066929133858267931 ) ;
#315 = CIRCLE ( 'NONE', #1834, 0.01968503937007984317 ) ;
#316 = DIMENSIONAL_EXPONENTS ( 1.000000000000000000, 0.0000000000000000000, 0.0000000000000000000, 0.0000000000000000000, 0.0000000000000000000, 0.0000000000000000000, 0.0000000000000000000 ) ;
#317 = VERTEX_POINT ( 'NONE', #3181 ) ;
#318 = CIRCLE ( 'NONE', #2980, 0.01968503937007873988 ) ;
#319 = MECHANICAL_DESIGN_GEOMETRIC_PRESENTATION_REPRESENTATION (  '', ( #3723 ), #2966 ) ;
#320 = FACE_OUTER_BOUND ( 'NONE', #2847, .T. ) ;
#321 = SURFACE_STYLE_USAGE ( .BOTH. , #347 ) ;
#322 = PRESENTATION_STYLE_ASSIGNMENT (( #290 ) ) ;
#323 =( GEOMETRIC_REPRESENTATION_CONTEXT ( 3 ) GLOBAL_UNCERTAINTY_ASSIGNED_CONTEXT ( ( #2207 ) ) GLOBAL_UNIT_ASSIGNED_CONTEXT ( ( #2813, #1989, #3497 ) ) REPRESENTATION_CONTEXT ( 'NONE', 'WORKASPACE' ) );
#324 = MANIFOLD_SOLID_BREP ( 'Split1', #775 ) ;
#325 = ORIENTED_EDGE ( 'NONE', *, *, #3403, .F. ) ;
#326 = DIRECTION ( 'NONE',  ( 1.000000000000000000, 0.0000000000000000000, 0.0000000000000000000 ) ) ;
#327 =( GEOMETRIC_REPRESENTATION_CONTEXT ( 3 ) GLOBAL_UNCERTAINTY_ASSIGNED_CONTEXT ( ( #1605 ) ) GLOBAL_UNIT_ASSIGNED_CONTEXT ( ( #4996, #4656, #2393 ) ) REPRESENTATION_CONTEXT ( 'NONE', 'WORKASPACE' ) );
#328 = CIRCLE ( 'NONE', #4487, 0.03149606299212379112 ) ;
#329 = ORIENTED_EDGE ( 'NONE', *, *, #1885, .T. ) ;
#330 = CARTESIAN_POINT ( 'NONE',  ( 0.5741873909565953227, -0.2801433177048223144, 2.389334648846104426E-16 ) ) ;
#331 = ORIENTED_EDGE ( 'NONE', *, *, #4231, .T. ) ;
#332 = CARTESIAN_POINT ( 'NONE',  ( 0.8661417322834645827, 0.06959712413253542340, 0.06959712413253582586 ) ) ;
#333 = EDGE_CURVE ( 'NONE', #3834, #3229, #2363, .T. ) ;
#334 = ORIENTED_EDGE ( 'NONE', *, *, #3538, .T. ) ;
#335 = DIRECTION ( 'NONE',  ( 1.000000000000000000, -1.625817071367665698E-15, -5.807287879513297010E-16 ) ) ;
#336 = UNCERTAINTY_MEASURE_WITH_UNIT (LENGTH_MEASURE( 1.000000000000000082E-05 ), #1656, 'distance_accuracy_value', 'NONE');
#337 = EDGE_LOOP ( 'NONE', ( #620, #3399, #3217, #264 ) ) ;
#338 = ADVANCED_FACE ( 'NONE', ( #4412 ), #2387, .T. ) ;
#339 =( NAMED_UNIT ( * ) SI_UNIT ( $, .STERADIAN. ) SOLID_ANGLE_UNIT ( ) );
#340 = ORIENTED_EDGE ( 'NONE', *, *, #4145, .F. ) ;
#341 = DIRECTION ( 'NONE',  ( 0.0000000000000000000, 0.0000000000000000000, 1.000000000000000000 ) ) ;
#342 = ORIENTED_EDGE ( 'NONE', *, *, #3346, .F. ) ;
#343 = UNCERTAINTY_MEASURE_WITH_UNIT (LENGTH_MEASURE( 1.000000000000000082E-05 ), #3296, 'distance_accuracy_value', 'NONE');
#344 = FACE_OUTER_BOUND ( 'NONE', #1840, .T. ) ;
#345 = DIRECTION ( 'NONE',  ( 2.940209281316622495E-16, -1.000000000000000000, -1.449635096999157109E-47 ) ) ;
#346 = EDGE_CURVE ( 'NONE', #1759, #4715, #4354, .T. ) ;
#347 = SURFACE_SIDE_STYLE ('',( #3881 ) ) ;
#348 = SURFACE_SIDE_STYLE ('',( #1066 ) ) ;
#349 = ORIENTED_EDGE ( 'NONE', *, *, #2081, .F. ) ;
#350 = CYLINDRICAL_SURFACE ( 'NONE', #2773, 0.01968503937007873988 ) ;
#351 = SURFACE_STYLE_USAGE ( .BOTH. , #1594 ) ;
#352 =( REPRESENTATION_RELATIONSHIP ('NONE','NONE', #691, #3698 ) REPRESENTATION_RELATIONSHIP_WITH_TRANSFORMATION ( #2414 )SHAPE_REPRESENTATION_RELATIONSHIP( ) );
#353 = PRESENTATION_STYLE_ASSIGNMENT (( #2339 ) ) ;
#354 =( BOUNDED_CURVE ( )  B_SPLINE_CURVE ( 2, ( #433, #4378, #4408 ),
 .UNSPECIFIED., .F., .F. ) 
 B_SPLINE_CURVE_WITH_KNOTS ( ( 3, 3 ),
 ( 0.0000000000000000000, 1.000000000000000000 ),
 .UNSPECIFIED. ) 
 CURVE ( )  GEOMETRIC_REPRESENTATION_ITEM ( )  RATIONAL_B_SPLINE_CURVE ( ( 1.000000000000000000, 1.035714285714300020, 1.035714285714300020 ) ) 
 REPRESENTATION_ITEM ( '' )  );
#355 = CYLINDRICAL_SURFACE ( 'NONE', #401, 0.01968503937007873988 ) ;
#356 = ORIENTED_EDGE ( 'NONE', *, *, #3914, .F. ) ;
#357 = CARTESIAN_POINT ( 'NONE',  ( 0.9645669291338587747, -0.06959712413253538177, -0.04991208476245740516 ) ) ;
#358 = ORIENTED_EDGE ( 'NONE', *, *, #3328, .F. ) ;
#359 = CARTESIAN_POINT ( 'NONE',  ( 0.5590551181102362266, 0.2592053636217991897, 0.1414222537122086787 ) ) ;
#360 = FACE_OUTER_BOUND ( 'NONE', #2406, .T. ) ;
#361 = EDGE_LOOP ( 'NONE', ( #1030, #4703 ) ) ;
#362 = MECHANICAL_DESIGN_GEOMETRIC_PRESENTATION_REPRESENTATION (  '', ( #4991 ), #4600 ) ;
#363 = ADVANCED_FACE ( 'NONE', ( #2768, #2566 ), #4563, .T. ) ;
#364 =( GEOMETRIC_REPRESENTATION_CONTEXT ( 3 ) GLOBAL_UNCERTAINTY_ASSIGNED_CONTEXT ( ( #3245 ) ) GLOBAL_UNIT_ASSIGNED_CONTEXT ( ( #214, #3003, #1558 ) ) REPRESENTATION_CONTEXT ( 'NONE', 'WORKASPACE' ) );
#365 = ORIENTED_EDGE ( 'NONE', *, *, #4923, .F. ) ;
#366 = LENGTH_MEASURE_WITH_UNIT ( LENGTH_MEASURE( 0.02539999999999999897 ), #5096 );
#367 = CARTESIAN_POINT ( 'NONE',  ( 0.9645669291338583307, 0.06959712413253542340, 0.06959712413253542340 ) ) ;
#368 = VERTEX_POINT ( 'NONE', #2975 ) ;
#369 = CARTESIAN_POINT ( 'NONE',  ( 0.5629921259843306824, 0.05839526367789370231, -0.2125984251967676930 ) ) ;
#370 = CIRCLE ( 'NONE', #3773, 0.3248031496060185264 ) ;
#371 = EDGE_CURVE ( 'NONE', #317, #2723, #2176, .T. ) ;
#372 = ORIENTED_EDGE ( 'NONE', *, *, #3277, .T. ) ;
#373 = PRODUCT_DEFINITION_CONTEXT ( 'detailed design', #3010, 'design' ) ;
#374 = CARTESIAN_POINT ( 'NONE',  ( 0.7283464566929134243, -0.06959712413253542340, 0.06959712413253542340 ) ) ;
#375 = CARTESIAN_POINT ( 'NONE',  ( 0.6496062992125984925, -0.2165354330708663955, -8.796783850989783018E-16 ) ) ;
#376 = FACE_OUTER_BOUND ( 'NONE', #3170, .T. ) ;
#377 = CARTESIAN_POINT ( 'NONE',  ( 0.5590551181102362266, 0.04110356894151968865, -0.2125984251951496262 ) ) ;
#378 = PLANE ( 'NONE',  #811 ) ;
#379 = AXIS2_PLACEMENT_3D ( 'NONE', #3694, #1362, #216 ) ;
#380 = EDGE_CURVE ( 'NONE', #4575, #4547, #130, .T. ) ;
#381 = ORIENTED_EDGE ( 'NONE', *, *, #3949, .F. ) ;
#382 =( NAMED_UNIT ( * ) SI_UNIT ( $, .STERADIAN. ) SOLID_ANGLE_UNIT ( ) );
#383 = PRESENTATION_LAYER_ASSIGNMENT (  '', '', ( #1477 ) ) ;
#384 = ORIENTED_EDGE ( 'NONE', *, *, #3914, .T. ) ;
#385 = CIRCLE ( 'NONE', #1725, 0.03149606299212598381 ) ;
#386 = CARTESIAN_POINT ( 'NONE',  ( -0.03937007874015747977, 6.181466372770866908E-18, -0.1633858267716535029 ) ) ;
#387 = ORIENTED_EDGE ( 'NONE', *, *, #346, .F. ) ;
#388 = CARTESIAN_POINT ( 'NONE',  ( 0.0000000000000000000, -0.6968503937007873850, 0.6968503937007873850 ) ) ;
#389 = SURFACE_SIDE_STYLE ('',( #4339 ) ) ;
#390 = DIMENSIONAL_EXPONENTS ( 1.000000000000000000, 0.0000000000000000000, 0.0000000000000000000, 0.0000000000000000000, 0.0000000000000000000, 0.0000000000000000000, 0.0000000000000000000 ) ;
#391 = DIRECTION ( 'NONE',  ( 0.0000000000000000000, 0.0000000000000000000, 1.000000000000000000 ) ) ;
#392 = AXIS2_PLACEMENT_3D ( 'NONE', #3423, #3375, #1504 ) ;
#393 = UNCERTAINTY_MEASURE_WITH_UNIT (LENGTH_MEASURE( 1.000000000000000082E-05 ), #1782, 'distance_accuracy_value', 'NONE');
#394 = DIRECTION ( 'NONE',  ( 0.0000000000000000000, -0.8778421647991632160, -0.4789500325719990292 ) ) ;
#395 = VECTOR ( 'NONE', #5048, 39.37007874015748143 ) ;
#396 = ORIENTED_EDGE ( 'NONE', *, *, #3411, .T. ) ;
#397 = DIRECTION ( 'NONE',  ( 0.0000000000000000000, 0.0000000000000000000, 1.000000000000000000 ) ) ;
#398 = CARTESIAN_POINT ( 'NONE',  ( 0.3110236220472441526, 0.06959712413253542340, -0.06959712413253642260 ) ) ;
#399 = VERTEX_POINT ( 'NONE', #1406 ) ;
#400 = CARTESIAN_POINT ( 'NONE',  ( 0.5708661417322835607, 6.631508289161810802E-12, -0.2125984251968504046 ) ) ;
#401 = AXIS2_PLACEMENT_3D ( 'NONE', #3548, #4743, #4358 ) ;
#402 = ORIENTED_EDGE ( 'NONE', *, *, #103, .F. ) ;
#403 = CARTESIAN_POINT ( 'NONE',  ( 0.4685039370078739052, 2.962347668129685471E-15, -3.440421067020931682E-15 ) ) ;
#404 = FACE_OUTER_BOUND ( 'NONE', #1853, .T. ) ;
#405 = AXIS2_PLACEMENT_3D ( 'NONE', #2822, #47, #1297 ) ;
#406 = AXIS2_PLACEMENT_3D ( 'NONE', #507, #102, #1741 ) ;
#407 = DIRECTION ( 'NONE',  ( -1.000000000000000000, 1.543038044960035005E-15, 1.956540371342440229E-14 ) ) ;
#408 = EDGE_CURVE ( 'NONE', #2522, #1670, #4268, .T. ) ;
#409 = CIRCLE ( 'NONE', #822, 0.2125984251968502381 ) ;
#410 = AXIS2_PLACEMENT_3D ( 'NONE', #1083, #581, #2268 ) ;
#411 = EDGE_LOOP ( 'NONE', ( #1975, #1784, #679, #647 ) ) ;
#412 = LINE ( 'NONE', #2003, #205 ) ;
#413 = DIRECTION ( 'NONE',  ( 0.0000000000000000000, 0.0000000000000000000, 1.000000000000000000 ) ) ;
#414 =( GEOMETRIC_REPRESENTATION_CONTEXT ( 3 ) GLOBAL_UNCERTAINTY_ASSIGNED_CONTEXT ( ( #393 ) ) GLOBAL_UNIT_ASSIGNED_CONTEXT ( ( #1782, #176, #2676 ) ) REPRESENTATION_CONTEXT ( 'NONE', 'WORKASPACE' ) );
#415 = EDGE_CURVE ( 'NONE', #5112, #4577, #611, .T. ) ;
#416 = EDGE_CURVE ( 'NONE', #4253, #1031, #3101, .T. ) ;
#417 = STYLED_ITEM ( 'NONE', ( #322 ), #4872 ) ;
#418 = FILL_AREA_STYLE_COLOUR ( '', #1376 ) ;
#419 = CARTESIAN_POINT ( 'NONE',  ( 0.4881889763779528879, -0.2592053636217991897, -0.1414222537122086787 ) ) ;
#420 = FACE_OUTER_BOUND ( 'NONE', #3765, .T. ) ;
#421 = ADVANCED_FACE ( 'NONE', ( #3304 ), #1174, .T. ) ;
#422 = AXIS2_PLACEMENT_3D ( 'NONE', #2641, #3882, #5078 ) ;
#423 = CARTESIAN_POINT ( 'NONE',  ( -2.378481826559048833E-18, -1.644627936726086569E-16, -3.147126027628864815E-16 ) ) ;
#424 = ADVANCED_FACE ( 'NONE', ( #4886, #344 ), #242, .T. ) ;
#425 = VERTEX_POINT ( 'NONE', #3078 ) ;
#426 = FACE_OUTER_BOUND ( 'NONE', #1731, .T. ) ;
#427 = ORIENTED_EDGE ( 'NONE', *, *, #4109, .F. ) ;
#428 = CYLINDRICAL_SURFACE ( 'NONE', #2399, 0.3248031496060189705 ) ;
#429 = VERTEX_POINT ( 'NONE', #1455 ) ;
#430 = CARTESIAN_POINT ( 'NONE',  ( 0.5787401574803151538, -3.517254291842738968E-15, -1.489710859045043589E-15 ) ) ;
#431 = CARTESIAN_POINT ( 'NONE',  ( 0.8661417322834645827, -0.05909120831878346414, 0.06361571851030316249 ) ) ;
#432 = DIRECTION ( 'NONE',  ( 0.0000000000000000000, 0.0000000000000000000, -1.000000000000000000 ) ) ;
#433 = CARTESIAN_POINT ( 'NONE',  ( 0.4881889763779528879, 0.2901456022643937871, 0.05480149507067716419 ) ) ;
#434 = DIRECTION ( 'NONE',  ( 0.0000000000000000000, 0.2648642317359513609, 0.9642857142708919360 ) ) ;
#435 = ADVANCED_FACE ( 'NONE', ( #1146 ), #1943, .T. ) ;
#436 = DIRECTION ( 'NONE',  ( 1.000000000000000000, -1.661563742524860006E-15, -6.862573279958781107E-26 ) ) ;
#437 = DIRECTION ( 'NONE',  ( -1.000000000000000000, 0.0000000000000000000, -3.166558725989409619E-16 ) ) ;
#438 = FILL_AREA_STYLE ('',( #418 ) ) ;
#439 = EDGE_CURVE ( 'NONE', #3845, #2872, #1134, .T. ) ;
#440 = DIRECTION ( 'NONE',  ( -4.336808689942017736E-16, 0.0000000000000000000, 1.000000000000000000 ) ) ;
#441 = ADVANCED_FACE ( 'NONE', ( #2380 ), #2820, .T. ) ;
#442 = FILL_AREA_STYLE_COLOUR ( '', #4102 ) ;
#443 = ORIENTED_EDGE ( 'NONE', *, *, #108, .F. ) ;
#444 = CIRCLE ( 'NONE', #192, 0.2952755905511396661 ) ;
#445 = DIRECTION ( 'NONE',  ( -1.000000000000000000, 6.938893903907220489E-15, -6.938893903907229955E-15 ) ) ;
#446 = ORIENTED_EDGE ( 'NONE', *, *, #4936, .F. ) ;
#447 = CIRCLE ( 'NONE', #2690, 0.2952755905511117440 ) ;
#448 = CARTESIAN_POINT ( 'NONE',  ( 0.6692913385826771977, -0.1353122744573582725, 0.2952755905511810774 ) ) ;
#449 = CARTESIAN_POINT ( 'NONE',  ( 0.7283464566929134243, 0.0000000000000000000, -0.1811023622047244208 ) ) ;
#450 = CARTESIAN_POINT ( 'NONE',  ( 0.9645669291338583307, -0.06959712413253542340, 0.06959712413253542340 ) ) ;
#451 = VERTEX_POINT ( 'NONE', #1272 ) ;
#452 = DIRECTION ( 'NONE',  ( 0.0000000000000000000, 4.336808689941774668E-16, 1.000000000000000000 ) ) ;
#453 = PRESENTATION_LAYER_ASSIGNMENT (  '', '', ( #3262 ) ) ;
#454 = APPLICATION_CONTEXT ( 'automotive_design' ) ;
#455 = ADVANCED_FACE ( 'NONE', ( #841 ), #2368, .T. ) ;
#456 = ORIENTED_EDGE ( 'NONE', *, *, #3339, .F. ) ;
#457 = CARTESIAN_POINT ( 'NONE',  ( 0.9842519685039370358, -0.06959712413253542340, -0.06959712413253542340 ) ) ;
#458 = CIRCLE ( 'NONE', #4604, 0.3051181102362278685 ) ;
#459 = FACE_OUTER_BOUND ( 'NONE', #4009, .T. ) ;
#460 = CARTESIAN_POINT ( 'NONE',  ( 0.3110236220472441526, 0.06959712413253542340, 0.06959712413253464625 ) ) ;
#461 = AXIS2_PLACEMENT_3D ( 'NONE', #3616, #1673, #3232 ) ;
#462 = CARTESIAN_POINT ( 'NONE',  ( 0.4724409448834645531, -0.09358160885042914046, 0.2125984251968504046 ) ) ;
#463 = CARTESIAN_POINT ( 'NONE',  ( 0.7480314960629921295, -0.07687253618020473134, -0.2952755905511771917 ) ) ;
#464 = CARTESIAN_POINT ( 'NONE',  ( 0.6496062992125984925, 0.2941524306248700649, 0.08106422609020866310 ) ) ;
#465 = EDGE_CURVE ( 'NONE', #143, #2968, #2407, .T. ) ;
#466 = VECTOR ( 'NONE', #3927, 39.37007874015748143 ) ;
#467 = EDGE_LOOP ( 'NONE', ( #3019, #3685, #3327, #2423 ) ) ;
#468 = FACE_OUTER_BOUND ( 'NONE', #3529, .T. ) ;
#469 =( GEOMETRIC_REPRESENTATION_CONTEXT ( 3 ) GLOBAL_UNCERTAINTY_ASSIGNED_CONTEXT ( ( #1353 ) ) GLOBAL_UNIT_ASSIGNED_CONTEXT ( ( #85, #2851, #1748 ) ) REPRESENTATION_CONTEXT ( 'NONE', 'WORKASPACE' ) );
#470 = ORIENTED_EDGE ( 'NONE', *, *, #2634, .F. ) ;
#471 = CARTESIAN_POINT ( 'NONE',  ( 0.8661417322834645827, -0.06959712413253542340, 0.06959712413253542340 ) ) ;
#472 = ADVANCED_FACE ( 'NONE', ( #1660 ), #2121, .T. ) ;
#473 = DIRECTION ( 'NONE',  ( -1.000000000000000000, 0.0000000000000000000, 0.0000000000000000000 ) ) ;
#474 = FACE_BOUND ( 'NONE', #1792, .T. ) ;
#475 =( NAMED_UNIT ( * ) SI_UNIT ( $, .STERADIAN. ) SOLID_ANGLE_UNIT ( ) );
#476 = DIRECTION ( 'NONE',  ( -2.312964634635773821E-14, 1.000000000000000000, -3.735136861841962064E-31 ) ) ;
#477 = CARTESIAN_POINT ( 'NONE',  ( 0.6692913385826771977, -0.1880600253060984162, -0.2648216623995157670 ) ) ;
#478 = VERTEX_POINT ( 'NONE', #814 ) ;
#479 = CIRCLE ( 'NONE', #1245, 0.03149606299212598381 ) ;
#480 = AXIS2_PLACEMENT_3D ( 'NONE', #603, #3789, #4236 ) ;
#481 = ORIENTED_EDGE ( 'NONE', *, *, #4078, .T. ) ;
#482 = AXIS2_PLACEMENT_3D ( 'NONE', #4802, #3185, #1571 ) ;
#483 = FILL_AREA_STYLE ('',( #2099 ) ) ;
#484 = CIRCLE ( 'NONE', #3133, 0.01968503937007873988 ) ;
#485 = PRODUCT_CONTEXT ( 'NONE', #820, 'mechanical' ) ;
#486 = DIRECTION ( 'NONE',  ( 0.0000000000000000000, 0.0000000000000000000, 1.000000000000000000 ) ) ;
#487 = CIRCLE ( 'NONE', #5032, 0.01968503937007802518 ) ;
#488 = DIRECTION ( 'NONE',  ( -1.000000000000000000, -5.315900184994796107E-15, 0.0000000000000000000 ) ) ;
#489 = STYLED_ITEM ( 'NONE', ( #222 ), #4115 ) ;
#490 = LINE ( 'NONE', #911, #4320 ) ;
#491 =( BOUNDED_CURVE ( )  B_SPLINE_CURVE ( 2, ( #3357, #4198, #4171 ),
 .UNSPECIFIED., .F., .T. ) 
 B_SPLINE_CURVE_WITH_KNOTS ( ( 3, 3 ),
 ( 0.1426604048825700077, 1.000000000000000000 ),
 .UNSPECIFIED. ) 
 CURVE ( )  GEOMETRIC_REPRESENTATION_ITEM ( )  RATIONAL_B_SPLINE_CURVE ( ( 1.008849557522099927, 1.034288193365699993, 1.045871559632999936 ) ) 
 REPRESENTATION_ITEM ( '' )  );
#492 = FILL_AREA_STYLE ('',( #1286 ) ) ;
#493 = SURFACE_STYLE_FILL_AREA ( #4046 ) ;
#494 = ADVANCED_FACE ( 'NONE', ( #2426 ), #5135, .F. ) ;
#495 = ORIENTED_EDGE ( 'NONE', *, *, #1435, .F. ) ;
#496 = CARTESIAN_POINT ( 'NONE',  ( 0.7480314960629921295, -0.07687253618020473134, -0.2952755905511771917 ) ) ;
#497 = FILL_AREA_STYLE_COLOUR ( '', #1071 ) ;
#498 = EDGE_LOOP ( 'NONE', ( #1403, #227, #3266, #2175 ) ) ;
#499 = FILL_AREA_STYLE ('',( #546 ) ) ;
#500 =( NAMED_UNIT ( * ) SI_UNIT ( $, .STERADIAN. ) SOLID_ANGLE_UNIT ( ) );
#501 = ADVANCED_FACE ( 'NONE', ( #3564 ), #2452, .F. ) ;
#502 = LINE ( 'NONE', #3585, #1577 ) ;
#503 = DIRECTION ( 'NONE',  ( -1.000000000000000000, 1.387778780781456088E-14, -1.387778780781442047E-14 ) ) ;
#504 = DIRECTION ( 'NONE',  ( 1.000000000000000000, 2.298231004231757010E-14, -3.108851595923408754E-15 ) ) ;
#505 = LENGTH_MEASURE_WITH_UNIT ( LENGTH_MEASURE( 0.02539999999999999897 ), #1175 );
#506 = ORIENTED_EDGE ( 'NONE', *, *, #3137, .T. ) ;
#507 = CARTESIAN_POINT ( 'NONE',  ( 0.7283464566929134243, -4.540843586968817737E-14, 9.909778597017114623E-14 ) ) ;
#508 = DIRECTION ( 'NONE',  ( 0.0000000000000000000, 0.0000000000000000000, 1.000000000000000000 ) ) ;
#509 = EDGE_CURVE ( 'NONE', #1470, #2812, #18, .T. ) ;
#510 = CARTESIAN_POINT ( 'NONE',  ( 0.5590551181102362266, -5.181974162981899064E-15, 8.793135729606847419E-15 ) ) ;
#511 = PRESENTATION_STYLE_ASSIGNMENT (( #591 ) ) ;
#512 = LINE ( 'NONE', #2102, #1908 ) ;
#513 = DIRECTION ( 'NONE',  ( -1.000000000000000000, 0.0000000000000000000, 0.0000000000000000000 ) ) ;
#514 = CYLINDRICAL_SURFACE ( 'NONE', #1625, 0.03149606299212598381 ) ;
#515 = CARTESIAN_POINT ( 'NONE',  ( 0.5236220472440944462, -0.1925322880287716476, 0.2238727148219606389 ) ) ;
#516 = CARTESIAN_POINT ( 'NONE',  ( 0.9645669291338581086, -0.06959712413253542340, 0.08928216350261417023 ) ) ;
#517 = ORIENTED_EDGE ( 'NONE', *, *, #4722, .F. ) ;
#518 =( NAMED_UNIT ( * ) SI_UNIT ( $, .STERADIAN. ) SOLID_ANGLE_UNIT ( ) );
#519 = ORIENTED_EDGE ( 'NONE', *, *, #3962, .T. ) ;
#520 = DIRECTION ( 'NONE',  ( 0.0000000000000000000, 0.0000000000000000000, 1.000000000000000000 ) ) ;
#521 =( LENGTH_UNIT ( ) NAMED_UNIT ( * ) SI_UNIT ( $, .METRE. ) );
#522 = EDGE_LOOP ( 'NONE', ( #1194, #4519, #1243, #1103 ) ) ;
#523 =( NAMED_UNIT ( * ) PLANE_ANGLE_UNIT ( ) SI_UNIT ( $, .RADIAN. ) );
#524 = CARTESIAN_POINT ( 'NONE',  ( 0.4685039370078740162, -0.2619230296546377623, 0.09982709648198033470 ) ) ;
#525 = EDGE_LOOP ( 'NONE', ( #4209, #1493, #2741, #1075 ) ) ;
#526 = DIRECTION ( 'NONE',  ( 1.000000000000000000, -1.400152807812190293E-16, -2.956210905352825143E-16 ) ) ;
#527 = FACE_OUTER_BOUND ( 'NONE', #1144, .T. ) ;
#528 = ORIENTED_EDGE ( 'NONE', *, *, #4085, .F. ) ;
#529 = EDGE_CURVE ( 'NONE', #3323, #2522, #2708, .T. ) ;
#530 = PRESENTATION_LAYER_ASSIGNMENT (  '', '', ( #3095 ) ) ;
#531 = DIRECTION ( 'NONE',  ( 1.000000000000000000, 0.0000000000000000000, 0.0000000000000000000 ) ) ;
#532 = FILL_AREA_STYLE ('',( #905 ) ) ;
#533 = CARTESIAN_POINT ( 'NONE',  ( 0.6692913385826771977, 0.1880600253060984162, 0.2648216623995157670 ) ) ;
#534 = FILL_AREA_STYLE_COLOUR ( '', #1417 ) ;
#535 = EDGE_CURVE ( 'NONE', #2522, #478, #3952, .T. ) ;
#536 = AXIS2_PLACEMENT_3D ( 'NONE', #866, #4375, #3534 ) ;
#537 = CARTESIAN_POINT ( 'NONE',  ( 0.9846456692913386766, 2.531258147843938781E-17, -0.2066929133858267931 ) ) ;
#538 = STYLED_ITEM ( 'NONE', ( #308 ), #731 ) ;
#539 = PRODUCT_DEFINITION_SHAPE ( 'NONE', 'NONE',  #146 ) ;
#540 = AXIS2_PLACEMENT_3D ( 'NONE', #2208, #3960, #3912 ) ;
#541 = SPHERICAL_SURFACE ( 'NONE', #3191, 0.01968503937007873988 ) ;
#542 = ORIENTED_EDGE ( 'NONE', *, *, #3989, .F. ) ;
#543 = CARTESIAN_POINT ( 'NONE',  ( 0.3110236220472441526, -0.02165354330708661734, 0.0000000000000000000 ) ) ;
#544 = CARTESIAN_POINT ( 'NONE',  ( 0.3110236220472441526, -0.06959712413253542340, -0.04991208476245481002 ) ) ;
#545 = ORIENTED_EDGE ( 'NONE', *, *, #1156, .T. ) ;
#546 = FILL_AREA_STYLE_COLOUR ( '', #3458 ) ;
#547 = COLOUR_RGB ( '',0.7607843137254901578, 0.7607843137254901578, 0.0000000000000000000 ) ;
#548 = UNCERTAINTY_MEASURE_WITH_UNIT (LENGTH_MEASURE( 1.000000000000000082E-05 ), #4780, 'distance_accuracy_value', 'NONE');
#549 =( BOUNDED_CURVE ( )  B_SPLINE_CURVE ( 2, ( #2743, #738, #4331 ),
 .UNSPECIFIED., .F., .T. ) 
 B_SPLINE_CURVE_WITH_KNOTS ( ( 3, 3 ),
 ( 0.7077270346394000100, 1.000000000000000000 ),
 .UNSPECIFIED. ) 
 CURVE ( )  GEOMETRIC_REPRESENTATION_ITEM ( )  RATIONAL_B_SPLINE_CURVE ( ( 1.036363636363599960, 1.041922710394000084, 1.045871559632999936 ) ) 
 REPRESENTATION_ITEM ( '' )  );
#550 = CONICAL_SURFACE ( 'NONE', #2306, 0.3248031496062948609, 0.7853981633974430610 ) ;
#551 = EDGE_LOOP ( 'NONE', ( #3491, #3748 ) ) ;
#552 =( NAMED_UNIT ( * ) SI_UNIT ( $, .STERADIAN. ) SOLID_ANGLE_UNIT ( ) );
#553 = PRESENTATION_STYLE_ASSIGNMENT (( #2146 ) ) ;
#554 = ORIENTED_EDGE ( 'NONE', *, *, #1445, .F. ) ;
#555 = CIRCLE ( 'NONE', #1729, 0.3051181102361892883 ) ;
#556 = DIRECTION ( 'NONE',  ( 0.0000000000000000000, 0.0000000000000000000, 1.000000000000000000 ) ) ;
#557 = SURFACE_STYLE_USAGE ( .BOTH. , #4146 ) ;
#558 = VECTOR ( 'NONE', #2244, 39.37007874015748143 ) ;
#559 = CIRCLE ( 'NONE', #2224, 0.01968503937007873988 ) ;
#560 = ADVANCED_FACE ( 'NONE', ( #4024 ), #1195, .F. ) ;
#561 = CARTESIAN_POINT ( 'NONE',  ( 0.6496062992125984925, -0.2172798944446771852, 0.2142113644609763834 ) ) ;
#562 = CARTESIAN_POINT ( 'NONE',  ( 0.3110236220472441526, 1.044997886287128127E-17, 2.881245930817779385E-17 ) ) ;
#563 = DIRECTION ( 'NONE',  ( 1.000000000000000000, 0.0000000000000000000, 0.0000000000000000000 ) ) ;
#564 = AXIS2_PLACEMENT_3D ( 'NONE', #2418, #1717, #1644 ) ;
#565 = AXIS2_PLACEMENT_3D ( 'NONE', #4685, #3954, #1151 ) ;
#566 = CARTESIAN_POINT ( 'NONE',  ( 0.6496062992125984925, -0.07687253618020473134, -0.2952755905511771917 ) ) ;
#567 = EDGE_CURVE ( 'NONE', #1191, #1300, #1046, .T. ) ;
#568 = EDGE_CURVE ( 'NONE', #1300, #3741, #1990, .T. ) ;
#569 = DIRECTION ( 'NONE',  ( -1.000000000000000000, 0.0000000000000000000, 0.0000000000000000000 ) ) ;
#570 = VECTOR ( 'NONE', #4316, 39.37007874015748143 ) ;
#571 = PRESENTATION_LAYER_ASSIGNMENT (  '', '', ( #4870 ) ) ;
#572 = CARTESIAN_POINT ( 'NONE',  ( 0.5787401574803149318, -0.2619230296546377623, 0.09982709648198033470 ) ) ;
#573 = AXIS2_PLACEMENT_3D ( 'NONE', #5015, #1106, #2671 ) ;
#574 = EDGE_LOOP ( 'NONE', ( #3297, #1119, #1205, #5018, #5120, #4805, #211, #2936, #601, #3035, #3916, #3163 ) ) ;
#575 = EDGE_CURVE ( 'NONE', #2553, #4399, #3105, .T. ) ;
#576 = ORIENTED_EDGE ( 'NONE', *, *, #2582, .F. ) ;
#577 = CYLINDRICAL_SURFACE ( 'NONE', #1997, 0.1633858267716535584 ) ;
#578 = LENGTH_MEASURE_WITH_UNIT ( LENGTH_MEASURE( 0.02539999999999999897 ), #3764 );
#579 = VERTEX_POINT ( 'NONE', #3153 ) ;
#580 = VECTOR ( 'NONE', #1289, 39.37007874015748143 ) ;
#581 = DIRECTION ( 'NONE',  ( 1.000000000000000000, 0.0000000000000000000, 0.0000000000000000000 ) ) ;
#582 = COLOUR_RGB ( '',0.7607843137254901578, 0.7607843137254901578, 0.0000000000000000000 ) ;
#583 =( LENGTH_UNIT ( ) NAMED_UNIT ( * ) SI_UNIT ( $, .METRE. ) );
#584 = ORIENTED_EDGE ( 'NONE', *, *, #925, .F. ) ;
#585 = CARTESIAN_POINT ( 'NONE',  ( 0.5629921259841732528, -0.05839526367794094924, -0.2125984251969330885 ) ) ;
#586 = CARTESIAN_POINT ( 'NONE',  ( 0.4881889763779537761, -6.492407497442725718E-15, -2.236700544812615379E-14 ) ) ;
#587 = VERTEX_POINT ( 'NONE', #4735 ) ;
#588 = DIRECTION ( 'NONE',  ( 0.0000000000000000000, -1.734723475976870203E-15, -1.000000000000000000 ) ) ;
#589 = DIMENSIONAL_EXPONENTS ( 1.000000000000000000, 0.0000000000000000000, 0.0000000000000000000, 0.0000000000000000000, 0.0000000000000000000, 0.0000000000000000000, 0.0000000000000000000 ) ;
#590 = DIRECTION ( 'NONE',  ( 3.771137991253909345E-16, 1.022169000715027304E-31, -1.000000000000000000 ) ) ;
#591 = SURFACE_STYLE_USAGE ( .BOTH. , #4147 ) ;
#592 = DIRECTION ( 'NONE',  ( -1.000000000000000000, 0.0000000000000000000, -3.166558725989409619E-16 ) ) ;
#593 = DIRECTION ( 'NONE',  ( 3.154042683594187232E-16, -1.750845403988392075E-32, 1.000000000000000000 ) ) ;
#594 = EDGE_CURVE ( 'NONE', #4925, #4458, #280, .T. ) ;
#595 = DIRECTION ( 'NONE',  ( 1.000000000000000000, 0.0000000000000000000, 0.0000000000000000000 ) ) ;
#596 = PLANE ( 'NONE',  #994 ) ;
#597 = DIMENSIONAL_EXPONENTS ( 1.000000000000000000, 0.0000000000000000000, 0.0000000000000000000, 0.0000000000000000000, 0.0000000000000000000, 0.0000000000000000000, 0.0000000000000000000 ) ;
#598 = DIRECTION ( 'NONE',  ( 1.000000000000000000, 0.0000000000000000000, 0.0000000000000000000 ) ) ;
#599 = ADVANCED_FACE ( 'NONE', ( #1248 ), #4924, .T. ) ;
#600 = ORIENTED_EDGE ( 'NONE', *, *, #271, .T. ) ;
#601 = ORIENTED_EDGE ( 'NONE', *, *, #4480, .T. ) ;
#602 = FILL_AREA_STYLE_COLOUR ( '', #1922 ) ;
#603 = CARTESIAN_POINT ( 'NONE',  ( 0.3110236220472441526, -0.06959712413253542340, 0.06959712413253622831 ) ) ;
#604 = EDGE_LOOP ( 'NONE', ( #1640, #1526, #4349, #2096 ) ) ;
#605 = EDGE_CURVE ( 'NONE', #2798, #5112, #458, .T. ) ;
#606 = FILL_AREA_STYLE ('',( #2557 ) ) ;
#607 = VERTEX_POINT ( 'NONE', #4953 ) ;
#608 = CARTESIAN_POINT ( 'NONE',  ( 0.6496062992125984925, -0.9744094488188976833, 0.9744094488188976833 ) ) ;
#609 = ORIENTED_EDGE ( 'NONE', *, *, #4086, .T. ) ;
#610 = FACE_OUTER_BOUND ( 'NONE', #4597, .T. ) ;
#611 = LINE ( 'NONE', #1745, #2035 ) ;
#612 = DIRECTION ( 'NONE',  ( 1.000000000000000000, 0.0000000000000000000, 0.0000000000000000000 ) ) ;
#613 = DIRECTION ( 'NONE',  ( -1.000000000000000000, -6.938893903907220489E-15, 6.938893903907225222E-15 ) ) ;
#614 = CIRCLE ( 'NONE', #2110, 0.03149606299212598381 ) ;
#615 = CARTESIAN_POINT ( 'NONE',  ( 0.8661417322834645827, 0.06959712413253542340, -0.03810106114040846120 ) ) ;
#616 = CARTESIAN_POINT ( 'NONE',  ( 0.7283464566929134243, 6.270565640175686074E-16, -0.03149606299212607402 ) ) ;
#617 = VECTOR ( 'NONE', #2124, 39.37007874015748143 ) ;
#618 = CARTESIAN_POINT ( 'NONE',  ( 0.3110236220472441526, 0.06959712413253542340, 0.04991208476245591330 ) ) ;
#619 = PRESENTATION_LAYER_ASSIGNMENT (  '', '', ( #785 ) ) ;
#620 = ORIENTED_EDGE ( 'NONE', *, *, #2800, .T. ) ;
#621 = AXIS2_PLACEMENT_3D ( 'NONE', #3653, #3338, #147 ) ;
#622 = ORIENTED_EDGE ( 'NONE', *, *, #1597, .F. ) ;
#623 = PRESENTATION_STYLE_ASSIGNMENT (( #1859 ) ) ;
#624 = ADVANCED_FACE ( 'NONE', ( #4079 ), #3429, .F. ) ;
#625 =( NAMED_UNIT ( * ) SI_UNIT ( $, .STERADIAN. ) SOLID_ANGLE_UNIT ( ) );
#626 = ORIENTED_EDGE ( 'NONE', *, *, #4086, .F. ) ;
#627 = CARTESIAN_POINT ( 'NONE',  ( 0.7283464566929134243, -2.806290851491614486E-13, 3.909676308136918217E-17 ) ) ;
#628 = CONICAL_SURFACE ( 'NONE', #5007, 0.2952755905511808554, 0.7853981633974344012 ) ;
#629 = SURFACE_STYLE_FILL_AREA ( #1844 ) ;
#630 = ORIENTED_EDGE ( 'NONE', *, *, #1344, .T. ) ;
#631 = DIRECTION ( 'NONE',  ( -0.0000000000000000000, -0.6473710298270400898, -0.7621750125402154685 ) ) ;
#632 = EDGE_CURVE ( 'NONE', #2265, #3956, #776, .T. ) ;
#633 =( NAMED_UNIT ( * ) SI_UNIT ( $, .STERADIAN. ) SOLID_ANGLE_UNIT ( ) );
#634 = PRODUCT_DEFINITION ( 'UNKNOWN', '', #1013, #373 ) ;
#635 = ORIENTED_EDGE ( 'NONE', *, *, #5074, .F. ) ;
#636 = PRESENTATION_LAYER_ASSIGNMENT (  '', '', ( #4453 ) ) ;
#637 = DIRECTION ( 'NONE',  ( 1.000000000000000000, 1.541394104372140366E-16, 8.445140798563511365E-16 ) ) ;
#638 = DIRECTION ( 'NONE',  ( 0.0000000000000000000, 0.0000000000000000000, 1.000000000000000000 ) ) ;
#639 = CARTESIAN_POINT ( 'NONE',  ( 0.3110236220472441526, 0.02165354330708661734, 0.1619445968598671459 ) ) ;
#640 = VECTOR ( 'NONE', #3147, 39.37007874015748143 ) ;
#641 = FACE_OUTER_BOUND ( 'NONE', #2942, .T. ) ;
#642 = CARTESIAN_POINT ( 'NONE',  ( 0.4881889763779501124, -5.925228900320633741E-15, -4.111431230464715838E-14 ) ) ;
#643 = CIRCLE ( 'NONE', #810, 0.3248031496060185264 ) ;
#644 = DIRECTION ( 'NONE',  ( 2.940209281316622002E-16, 0.0000000000000000000, 1.000000000000000000 ) ) ;
#645 = AXIS2_PLACEMENT_3D ( 'NONE', #2796, #3536, #4380 ) ;
#646 = ADVANCED_FACE ( 'NONE', ( #4526 ), #1354, .T. ) ;
#647 = ORIENTED_EDGE ( 'NONE', *, *, #4988, .F. ) ;
#648 = AXIS2_PLACEMENT_3D ( 'NONE', #748, #2419, #1232 ) ;
#649 = MECHANICAL_DESIGN_GEOMETRIC_PRESENTATION_REPRESENTATION (  '', ( #4870 ), #4552 ) ;
#650 = ORIENTED_EDGE ( 'NONE', *, *, #2492, .T. ) ;
#651 = SURFACE_STYLE_USAGE ( .BOTH. , #3414 ) ;
#652 = FACE_OUTER_BOUND ( 'NONE', #4336, .T. ) ;
#653 = ORIENTED_EDGE ( 'NONE', *, *, #5080, .T. ) ;
#654 = CARTESIAN_POINT ( 'NONE',  ( 0.8661417322834645827, 6.270565640175686074E-16, -0.03149606299212607402 ) ) ;
#655 = AXIS2_PLACEMENT_3D ( 'NONE', #661, #3447, #4956 ) ;
#656 = EDGE_CURVE ( 'NONE', #187, #4232, #370, .T. ) ;
#657 = UNCERTAINTY_MEASURE_WITH_UNIT (LENGTH_MEASURE( 1.000000000000000082E-05 ), #3131, 'distance_accuracy_value', 'NONE');
#658 = DIRECTION ( 'NONE',  ( 0.0000000000000000000, 0.4165977904505330232, -0.9090909090909080614 ) ) ;
#659 = VERTEX_POINT ( 'NONE', #281 ) ;
#660 =( GEOMETRIC_REPRESENTATION_CONTEXT ( 3 ) GLOBAL_UNCERTAINTY_ASSIGNED_CONTEXT ( ( #1236 ) ) GLOBAL_UNIT_ASSIGNED_CONTEXT ( ( #4730, #4344, #1318 ) ) REPRESENTATION_CONTEXT ( 'NONE', 'WORKASPACE' ) );
#661 = CARTESIAN_POINT ( 'NONE',  ( 0.5590551181102473288, -9.015098379092068029E-15, -1.599838481289634084E-14 ) ) ;
#662 = CARTESIAN_POINT ( 'NONE',  ( 0.5590551181102362266, -0.04110356894152362300, 0.2125984251951496262 ) ) ;
#663 = ORIENTED_EDGE ( 'NONE', *, *, #3069, .T. ) ;
#664 = SURFACE_SIDE_STYLE ('',( #3849 ) ) ;
#665 = CIRCLE ( 'NONE', #913, 0.02165354330708871983 ) ;
#666 = EDGE_CURVE ( 'NONE', #3340, #684, #3236, .T. ) ;
#667 =( LENGTH_UNIT ( ) NAMED_UNIT ( * ) SI_UNIT ( $, .METRE. ) );
#668 = DIRECTION ( 'NONE',  ( 0.0000000000000000000, 0.0000000000000000000, -1.000000000000000000 ) ) ;
#669 = FACE_BOUND ( 'NONE', #3546, .T. ) ;
#670 = CARTESIAN_POINT ( 'NONE',  ( 0.7408997937670472878, 0.1051792844081889805, -0.2952755905511811885 ) ) ;
#671 = CIRCLE ( 'NONE', #1432, 0.3051181102362277575 ) ;
#672 =( NAMED_UNIT ( * ) SI_UNIT ( $, .STERADIAN. ) SOLID_ANGLE_UNIT ( ) );
#673 = EDGE_CURVE ( 'NONE', #1805, #234, #3352, .T. ) ;
#674 = ORIENTED_EDGE ( 'NONE', *, *, #3869, .F. ) ;
#675 =( CONVERSION_BASED_UNIT ( 'INCH', #2719 ) LENGTH_UNIT ( ) NAMED_UNIT ( #2361 ) );
#676 = FACE_OUTER_BOUND ( 'NONE', #5134, .T. ) ;
#677 = ORIENTED_EDGE ( 'NONE', *, *, #4837, .F. ) ;
#678 = CARTESIAN_POINT ( 'NONE',  ( 0.2460629921259844810, 0.09358160885042914046, 0.2125984251968504046 ) ) ;
#679 = ORIENTED_EDGE ( 'NONE', *, *, #274, .F. ) ;
#680 = FILL_AREA_STYLE ('',( #602 ) ) ;
#681 = ORIENTED_EDGE ( 'NONE', *, *, #3858, .F. ) ;
#682 = CARTESIAN_POINT ( 'NONE',  ( 0.6988188976377954775, -0.1880600253060984162, -0.2648216623995157670 ) ) ;
#683 = CARTESIAN_POINT ( 'NONE',  ( 0.05905511811023622659, 1.236293274554173690E-17, 0.01968503937007877111 ) ) ;
#684 = VERTEX_POINT ( 'NONE', #2270 ) ;
#685 = CARTESIAN_POINT ( 'NONE',  ( 0.4881889763779556080, 5.312697357991224287E-15, 2.738677613648423980E-14 ) ) ;
#686 = DIRECTION ( 'NONE',  ( -1.000000000000000000, -1.625817071376187368E-15, -5.807287879543673085E-16 ) ) ;
#687 = EDGE_LOOP ( 'NONE', ( #4744, #1706, #4360, #3657 ) ) ;
#688 = FILL_AREA_STYLE ('',( #4958 ) ) ;
#689 = CARTESIAN_POINT ( 'NONE',  ( 0.3110236220472441526, -0.06959712413253542340, 0.06959712413253622831 ) ) ;
#690 = FACE_OUTER_BOUND ( 'NONE', #2586, .T. ) ;
#691 = SHAPE_REPRESENTATION ( 'CUI_DEVICES_CDM1209-05A-MP-F12-67', ( #1516, #3392, #4064 ), #1434 ) ;
#692 = EDGE_CURVE ( 'NONE', #3910, #3000, #1831, .T. ) ;
#693 = ORIENTED_EDGE ( 'NONE', *, *, #2979, .T. ) ;
#694 =( LENGTH_UNIT ( ) NAMED_UNIT ( * ) SI_UNIT ( $, .METRE. ) );
#695 = EDGE_CURVE ( 'NONE', #2827, #1394, #3268, .T. ) ;
#696 = CIRCLE ( 'NONE', #4263, 0.3051181102362003350 ) ;
#697 = ORIENTED_EDGE ( 'NONE', *, *, #2290, .T. ) ;
#698 = UNCERTAINTY_MEASURE_WITH_UNIT (LENGTH_MEASURE( 1.000000000000000082E-05 ), #2359, 'distance_accuracy_value', 'NONE');
#699 = LINE ( 'NONE', #973, #991 ) ;
#700 = ORIENTED_EDGE ( 'NONE', *, *, #4904, .F. ) ;
#701 = FILL_AREA_STYLE_COLOUR ( '', #4567 ) ;
#702 = FILL_AREA_STYLE ('',( #3472 ) ) ;
#703 = PRESENTATION_STYLE_ASSIGNMENT (( #5091 ) ) ;
#704 = DIRECTION ( 'NONE',  ( 1.000000000000000000, 0.0000000000000000000, 0.0000000000000000000 ) ) ;
#705 = ORIENTED_EDGE ( 'NONE', *, *, #721, .F. ) ;
#706 = CARTESIAN_POINT ( 'NONE',  ( 0.5787401574803149318, 0.2996807421026417284, 0.1070435519459882051 ) ) ;
#707 =( CONVERSION_BASED_UNIT ( 'INCH', #4266 ) LENGTH_UNIT ( ) NAMED_UNIT ( #1995 ) );
#708 = EDGE_LOOP ( 'NONE', ( #5072, #3437 ) ) ;
#709 = CIRCLE ( 'NONE', #3599, 0.3051181102362037212 ) ;
#710 = AXIS2_PLACEMENT_3D ( 'NONE', #931, #4413, #4063 ) ;
#711 = DIRECTION ( 'NONE',  ( 0.0000000000000000000, 0.0000000000000000000, 1.000000000000000000 ) ) ;
#712 = FACE_OUTER_BOUND ( 'NONE', #498, .T. ) ;
#713 = AXIS2_PLACEMENT_3D ( 'NONE', #3428, #5037, #1510 ) ;
#714 = ORIENTED_EDGE ( 'NONE', *, *, #632, .T. ) ;
#715 = FACE_OUTER_BOUND ( 'NONE', #3293, .T. ) ;
#716 = EDGE_CURVE ( 'NONE', #4253, #4267, #2348, .T. ) ;
#717 = DIMENSIONAL_EXPONENTS ( 1.000000000000000000, 0.0000000000000000000, 0.0000000000000000000, 0.0000000000000000000, 0.0000000000000000000, 0.0000000000000000000, 0.0000000000000000000 ) ;
#718 =( BOUNDED_CURVE ( )  B_SPLINE_CURVE ( 2, ( #2163, #1804, #2648 ),
 .UNSPECIFIED., .F., .T. ) 
 B_SPLINE_CURVE_WITH_KNOTS ( ( 3, 3 ),
 ( 0.0000000000000000000, 1.000000000000000000 ),
 .UNSPECIFIED. ) 
 CURVE ( )  GEOMETRIC_REPRESENTATION_ITEM ( )  RATIONAL_B_SPLINE_CURVE ( ( 1.000000000000000000, 1.035714285714300020, 1.035714285714300020 ) ) 
 REPRESENTATION_ITEM ( '' )  );
#719 = AXIS2_PLACEMENT_3D ( 'NONE', #1991, #5071, #1115 ) ;
#720 = ORIENTED_EDGE ( 'NONE', *, *, #4726, .T. ) ;
#721 = EDGE_CURVE ( 'NONE', #4897, #4822, #2679, .T. ) ;
#722 = CARTESIAN_POINT ( 'NONE',  ( 0.5708661417322835607, 6.508949523027362694E-18, 3.009194900645617175E-17 ) ) ;
#723 = EDGE_LOOP ( 'NONE', ( #276, #4624 ) ) ;
#724 = DIRECTION ( 'NONE',  ( -1.000000000000000000, 0.0000000000000000000, 0.0000000000000000000 ) ) ;
#725 = AXIS2_PLACEMENT_3D ( 'NONE', #1683, #3686, #1293 ) ;
#726 = ORIENTED_EDGE ( 'NONE', *, *, #1352, .T. ) ;
#727 = FILL_AREA_STYLE ('',( #1138 ) ) ;
#728 = DIMENSIONAL_EXPONENTS ( 1.000000000000000000, 0.0000000000000000000, 0.0000000000000000000, 0.0000000000000000000, 0.0000000000000000000, 0.0000000000000000000, 0.0000000000000000000 ) ;
#729 = PRESENTATION_LAYER_ASSIGNMENT (  '', '', ( #3453 ) ) ;
#730 = AXIS2_PLACEMENT_3D ( 'NONE', #217, #3100, #4197 ) ;
#731 = ADVANCED_FACE ( 'NONE', ( #5026 ), #1938, .T. ) ;
#732 = ORIENTED_EDGE ( 'NONE', *, *, #1183, .T. ) ;
#733 = EDGE_LOOP ( 'NONE', ( #204, #5030 ) ) ;
#734 = AXIS2_PLACEMENT_3D ( 'NONE', #722, #4528, #2943 ) ;
#735 = CARTESIAN_POINT ( 'NONE',  ( 0.4881889763779528879, -0.1925322879756889705, 0.2238727148676102896 ) ) ;
#736 = PRESENTATION_LAYER_ASSIGNMENT (  '', '', ( #4219 ) ) ;
#737 = PRESENTATION_LAYER_ASSIGNMENT (  '', '', ( #3636 ) ) ;
#738 = CARTESIAN_POINT ( 'NONE',  ( 0.5606815198507483222, 0.04967152578844490768, -0.2125984251968504046 ) ) ;
#739 = CARTESIAN_POINT ( 'NONE',  ( 0.4685039370078740717, 5.975917486140575174E-17, 0.0000000000000000000 ) ) ;
#740 = CARTESIAN_POINT ( 'NONE',  ( 0.6496062992125984925, 0.2557161625347756373, 0.1476377952755905387 ) ) ;
#741 = AXIS2_PLACEMENT_3D ( 'NONE', #3901, #1167, #4367 ) ;
#742 = ORIENTED_EDGE ( 'NONE', *, *, #1662, .T. ) ;
#743 = AXIS2_PLACEMENT_3D ( 'NONE', #2855, #1264, #3677 ) ;
#744 = CARTESIAN_POINT ( 'NONE',  ( 0.5787401574803149318, -0.09270243530560237644, 0.2595311356826299209 ) ) ;
#745 = ADVANCED_BREP_SHAPE_REPRESENTATION ( '', ( #2042, #3233 ), #3978 ) ;
#746 = AXIS2_PLACEMENT_3D ( 'NONE', #2021, #2047, #3611 ) ;
#747 = ORIENTED_EDGE ( 'NONE', *, *, #1778, .T. ) ;
#748 = CARTESIAN_POINT ( 'NONE',  ( 0.3110236220472441526, 1.044997886287128127E-17, 2.881245930817779385E-17 ) ) ;
#749 = EDGE_LOOP ( 'NONE', ( #470, #653, #3390, #1910 ) ) ;
#750 = CYLINDRICAL_SURFACE ( 'NONE', #3621, 0.2952755905511712520 ) ;
#751 = DIMENSIONAL_EXPONENTS ( 1.000000000000000000, 0.0000000000000000000, 0.0000000000000000000, 0.0000000000000000000, 0.0000000000000000000, 0.0000000000000000000, 0.0000000000000000000 ) ;
#752 = FACE_OUTER_BOUND ( 'NONE', #2699, .T. ) ;
#753 = EDGE_CURVE ( 'NONE', #824, #1883, #3445, .T. ) ;
#754 = FILL_AREA_STYLE ('',( #1626 ) ) ;
#755 = ORIENTED_EDGE ( 'NONE', *, *, #1632, .F. ) ;
#756 = CARTESIAN_POINT ( 'NONE',  ( -0.01968503937007873988, 2.739582037374863946E-17, -0.1633858267716534474 ) ) ;
#757 = SURFACE_STYLE_USAGE ( .BOTH. , #1141 ) ;
#758 = EDGE_LOOP ( 'NONE', ( #3851, #650, #2592, #3070, #2788 ) ) ;
#759 = CARTESIAN_POINT ( 'NONE',  ( 0.6496062992125984925, -0.07687253618020473134, -0.2952755905511771917 ) ) ;
#760 = EDGE_CURVE ( 'NONE', #317, #1996, #1048, .T. ) ;
#761 = ORIENTED_EDGE ( 'NONE', *, *, #3920, .T. ) ;
#762 = LINE ( 'NONE', #2354, #1559 ) ;
#763 = CARTESIAN_POINT ( 'NONE',  ( 0.3110236220472441526, 0.06959712413253542340, -0.08928216350261515555 ) ) ;
#764 = CARTESIAN_POINT ( 'NONE',  ( 0.5590551181102362266, 0.09761331423562205623, 0.2786742098926378031 ) ) ;
#765 = VERTEX_POINT ( 'NONE', #3795 ) ;
#766 = DIRECTION ( 'NONE',  ( -1.000000000000000000, -0.0000000000000000000, -0.0000000000000000000 ) ) ;
#767 = CARTESIAN_POINT ( 'NONE',  ( 0.4881889763779529434, -8.537024980200822558E-18, -2.241517757694136822E-48 ) ) ;
#768 = CARTESIAN_POINT ( 'NONE',  ( 0.4724409448832677105, -0.09358160885042914046, -0.2125984251968504046 ) ) ;
#769 = DIRECTION ( 'NONE',  ( 4.956352788505244126E-16, -0.3363774080760369434, 0.9417272637744154018 ) ) ;
#770 = VERTEX_POINT ( 'NONE', #683 ) ;
#771 = CARTESIAN_POINT ( 'NONE',  ( 0.4881889763779528879, -0.2520779461861181181, 0.1537673028375551310 ) ) ;
#772 = ORIENTED_EDGE ( 'NONE', *, *, #2912, .F. ) ;
#773 = PLANE ( 'NONE',  #4650 ) ;
#774 =( CONVERSION_BASED_UNIT ( 'INCH', #4672 ) LENGTH_UNIT ( ) NAMED_UNIT ( #2779 ) );
#775 = CLOSED_SHELL ( 'NONE', ( #3223, #3102, #1814, #4787, #1511, #3444, #4510, #1383, #2182, #4459, #3168, #812, #2218, #893, #4221, #34, #1247, #4441, #2953, #338, #646, #2927, #3631, #2609, #1661, #599, #2417, #3201, #4872, #880, #435, #731, #4635, #1375, #1473, #247, #2433, #4115, #778, #2252, #2826, #2416, #2255, #421, #4840, #2854, #3639, #4830, #1413, #248, #2161, #3709, #3477, #4667, #363, #424, #1714, #1405 ) ) ;
#776 =( BOUNDED_CURVE ( )  B_SPLINE_CURVE ( 2, ( #1708, #524, #3747 ),
 .UNSPECIFIED., .F., .F. ) 
 B_SPLINE_CURVE_WITH_KNOTS ( ( 3, 3 ),
 ( 0.0000000000000000000, 1.000000000000000000 ),
 .UNSPECIFIED. ) 
 CURVE ( )  GEOMETRIC_REPRESENTATION_ITEM ( )  RATIONAL_B_SPLINE_CURVE ( ( 1.035714285714300020, 1.035714285714300020, 1.000000000000000000 ) ) 
 REPRESENTATION_ITEM ( '' )  );
#777 = CARTESIAN_POINT ( 'NONE',  ( 0.8661417322834645827, 6.231994087446635113E-16, -9.057310782947853548E-17 ) ) ;
#778 = ADVANCED_FACE ( 'NONE', ( #1501 ), #1165, .T. ) ;
#779 = PRESENTATION_LAYER_ASSIGNMENT (  '', '', ( #3024 ) ) ;
#780 = ORIENTED_EDGE ( 'NONE', *, *, #1917, .F. ) ;
#781 =( LENGTH_UNIT ( ) NAMED_UNIT ( * ) SI_UNIT ( $, .METRE. ) );
#782 = FACE_OUTER_BOUND ( 'NONE', #2184, .T. ) ;
#783 = ORIENTED_EDGE ( 'NONE', *, *, #1568, .F. ) ;
#784 = DIRECTION ( 'NONE',  ( 9.251858538544269109E-15, -0.3305837575446664567, -0.9437766575030606120 ) ) ;
#785 = STYLED_ITEM ( 'NONE', ( #3322 ), #599 ) ;
#786 = DIMENSIONAL_EXPONENTS ( 1.000000000000000000, 0.0000000000000000000, 0.0000000000000000000, 0.0000000000000000000, 0.0000000000000000000, 0.0000000000000000000, 0.0000000000000000000 ) ;
#787 = ORIENTED_EDGE ( 'NONE', *, *, #1369, .F. ) ;
#788 = DIRECTION ( 'NONE',  ( -1.000000000000000000, 0.0000000000000000000, 0.0000000000000000000 ) ) ;
#789 = EDGE_CURVE ( 'NONE', #2107, #3112, #709, .T. ) ;
#790 = EDGE_CURVE ( 'NONE', #2240, #2731, #4096, .T. ) ;
#791 = FILL_AREA_STYLE ('',( #1635 ) ) ;
#792 = STYLED_ITEM ( 'NONE', ( #5129 ), #778 ) ;
#793 = DIRECTION ( 'NONE',  ( 0.7071067811865571207, -9.900575451013980432E-17, -0.7071067811865379138 ) ) ;
#794 = DIRECTION ( 'NONE',  ( 5.819717467793479028E-15, 0.9640608694027966719, 0.2656814635730610497 ) ) ;
#795 = ORIENTED_EDGE ( 'NONE', *, *, #4257, .F. ) ;
#796 = DIRECTION ( 'NONE',  ( -2.312964634635744929E-16, 9.629649721936187476E-33, -1.000000000000000000 ) ) ;
#797 = ITEM_DEFINED_TRANSFORMATION ( 'NONE', 'NONE', #3392,  #3233 ) ;
#798 = DIRECTION ( 'NONE',  ( -1.000000000000000000, 0.0000000000000000000, 0.0000000000000000000 ) ) ;
#799 = AXIS2_PLACEMENT_3D ( 'NONE', #3484, #2302, #4682 ) ;
#800 = ORIENTED_EDGE ( 'NONE', *, *, #3346, .T. ) ;
#801 = CIRCLE ( 'NONE', #4619, 0.2755905511811012620 ) ;
#802 = FACE_OUTER_BOUND ( 'NONE', #687, .T. ) ;
#803 = CARTESIAN_POINT ( 'NONE',  ( -0.01968503937007873988, 2.619045935096581235E-17, -0.1633858267716534474 ) ) ;
#804 = AXIS2_PLACEMENT_3D ( 'NONE', #3247, #2221, #2591 ) ;
#805 =( GEOMETRIC_REPRESENTATION_CONTEXT ( 3 ) GLOBAL_UNCERTAINTY_ASSIGNED_CONTEXT ( ( #3718 ) ) GLOBAL_UNIT_ASSIGNED_CONTEXT ( ( #774, #3441, #1135 ) ) REPRESENTATION_CONTEXT ( 'NONE', 'WORKASPACE' ) );
#806 = EDGE_LOOP ( 'NONE', ( #299, #663, #4130, #3800 ) ) ;
#807 = FILL_AREA_STYLE_COLOUR ( '', #2468 ) ;
#808 = ORIENTED_EDGE ( 'NONE', *, *, #1045, .F. ) ;
#809 = CARTESIAN_POINT ( 'NONE',  ( 0.9846456692913386766, 0.0000000000000000000, 0.0000000000000000000 ) ) ;
#810 = AXIS2_PLACEMENT_3D ( 'NONE', #1392, #4543, #223 ) ;
#811 = AXIS2_PLACEMENT_3D ( 'NONE', #847, #1668, #2335 ) ;
#812 = ADVANCED_FACE ( 'NONE', ( #3169 ), #2059, .T. ) ;
#813 = ORIENTED_EDGE ( 'NONE', *, *, #958, .T. ) ;
#814 = CARTESIAN_POINT ( 'NONE',  ( 0.6496062992125984925, 0.07687253618020473134, 0.2952755905511771917 ) ) ;
#815 = DIRECTION ( 'NONE',  ( 1.000000000000000000, 0.0000000000000000000, 0.0000000000000000000 ) ) ;
#816 = CIRCLE ( 'NONE', #2151, 0.01968503937007873988 ) ;
#817 = CIRCLE ( 'NONE', #1746, 0.01968503937007875029 ) ;
#818 = DIRECTION ( 'NONE',  ( 0.0000000000000000000, -0.2519435379326118718, 0.9677419354838346921 ) ) ;
#819 = LINE ( 'NONE', #1221, #3052 ) ;
#820 = APPLICATION_CONTEXT ( 'automotive_design' ) ;
#821 = EDGE_CURVE ( 'NONE', #2240, #4240, #874, .T. ) ;
#822 = AXIS2_PLACEMENT_3D ( 'NONE', #4529, #3348, #2892 ) ;
#823 = CIRCLE ( 'NONE', #3058, 0.2125984251968503769 ) ;
#824 = VERTEX_POINT ( 'NONE', #1987 ) ;
#825 = DIRECTION ( 'NONE',  ( 0.0000000000000000000, -0.6520426821240900006, 0.7581822608637207583 ) ) ;
#826 = DIRECTION ( 'NONE',  ( 1.000000000000000000, 0.0000000000000000000, 0.0000000000000000000 ) ) ;
#827 =( NAMED_UNIT ( * ) SI_UNIT ( $, .STERADIAN. ) SOLID_ANGLE_UNIT ( ) );
#828 = DIRECTION ( 'NONE',  ( 0.0000000000000000000, 0.0000000000000000000, 1.000000000000000000 ) ) ;
#829 = AXIS2_PLACEMENT_3D ( 'NONE', #2652, #3841, #1422 ) ;
#830 = ADVANCED_FACE ( 'NONE', ( #3240 ), #3687, .T. ) ;
#831 = PRESENTATION_LAYER_ASSIGNMENT (  '', '', ( #3307 ) ) ;
#832 =( NAMED_UNIT ( * ) PLANE_ANGLE_UNIT ( ) SI_UNIT ( $, .RADIAN. ) );
#833 = DIRECTION ( 'NONE',  ( 1.000000000000000000, 0.0000000000000000000, 0.0000000000000000000 ) ) ;
#834 = SURFACE_STYLE_FILL_AREA ( #3186 ) ;
#835 = STYLED_ITEM ( 'NONE', ( #2310 ), #2482 ) ;
#836 = FACE_OUTER_BOUND ( 'NONE', #1142, .T. ) ;
#837 = ORIENTED_EDGE ( 'NONE', *, *, #1445, .T. ) ;
#838 = SURFACE_STYLE_FILL_AREA ( #5131 ) ;
#839 = VERTEX_POINT ( 'NONE', #2548 ) ;
#840 = DIRECTION ( 'NONE',  ( -1.000000000000000000, 1.543038044960035005E-15, 1.956540371342440229E-14 ) ) ;
#841 = FACE_OUTER_BOUND ( 'NONE', #1936, .T. ) ;
#842 = SURFACE_SIDE_STYLE ('',( #4351 ) ) ;
#843 = PLANE ( 'NONE',  #5031 ) ;
#844 = EDGE_CURVE ( 'NONE', #2798, #3205, #4640, .T. ) ;
#845 = FACE_OUTER_BOUND ( 'NONE', #2119, .T. ) ;
#846 = DIRECTION ( 'NONE',  ( -1.000000000000000000, -0.0000000000000000000, -0.0000000000000000000 ) ) ;
#847 = CARTESIAN_POINT ( 'NONE',  ( 0.5787401574803149318, 0.05713793575477559700, 0.3130529116588582350 ) ) ;
#848 = ORIENTED_EDGE ( 'NONE', *, *, #2575, .T. ) ;
#849 = DIRECTION ( 'NONE',  ( 1.000000000000000000, 0.0000000000000000000, 0.0000000000000000000 ) ) ;
#850 = APPLICATION_PROTOCOL_DEFINITION ( 'draft international standard', 'automotive_design', 1998, #3010 ) ;
#851 = EDGE_CURVE ( 'NONE', #4706, #4355, #4073, .T. ) ;
#852 = FACE_BOUND ( 'NONE', #162, .T. ) ;
#853 = ORIENTED_EDGE ( 'NONE', *, *, #3573, .T. ) ;
#854 = EDGE_CURVE ( 'NONE', #770, #3818, #4525, .T. ) ;
#855 = FILL_AREA_STYLE_COLOUR ( '', #1841 ) ;
#856 =( BOUNDED_CURVE ( )  B_SPLINE_CURVE ( 2, ( #170, #670, #5061 ),
 .UNSPECIFIED., .F., .T. ) 
 B_SPLINE_CURVE_WITH_KNOTS ( ( 3, 3 ),
 ( 0.0000000000000000000, 1.000000000000000000 ),
 .UNSPECIFIED. ) 
 CURVE ( )  GEOMETRIC_REPRESENTATION_ITEM ( )  RATIONAL_B_SPLINE_CURVE ( ( 1.032786885245899899, 1.020663065298099914, 1.000000000000000000 ) ) 
 REPRESENTATION_ITEM ( '' )  );
#857 = CARTESIAN_POINT ( 'NONE',  ( 0.8661417322834645827, 6.231994087446635113E-16, -9.057310782947853548E-17 ) ) ;
#858 = CARTESIAN_POINT ( 'NONE',  ( 0.5590551181102362266, -0.2592053636217991897, -0.1414222537122086787 ) ) ;
#859 = VERTEX_POINT ( 'NONE', #4916 ) ;
#860 = DIRECTION ( 'NONE',  ( 0.0000000000000000000, 0.0000000000000000000, -1.000000000000000000 ) ) ;
#861 = AXIS2_PLACEMENT_3D ( 'NONE', #3359, #934, #1440 ) ;
#862 = CARTESIAN_POINT ( 'NONE',  ( 0.5511811023622048555, 6.718402539854543868E-17, 1.004025603264732024E-32 ) ) ;
#863 = VERTEX_POINT ( 'NONE', #1287 ) ;
#864 = CARTESIAN_POINT ( 'NONE',  ( 0.5606815198507483222, 0.04967152578844882121, 0.2125984251968504046 ) ) ;
#865 =( GEOMETRIC_REPRESENTATION_CONTEXT ( 3 ) GLOBAL_UNCERTAINTY_ASSIGNED_CONTEXT ( ( #5103 ) ) GLOBAL_UNIT_ASSIGNED_CONTEXT ( ( #105, #4062, #3667 ) ) REPRESENTATION_CONTEXT ( 'NONE', 'WORKASPACE' ) );
#866 = CARTESIAN_POINT ( 'NONE',  ( 0.5590551181102362266, -8.537024980200822558E-18, 0.0000000000000000000 ) ) ;
#867 = DIRECTION ( 'NONE',  ( -5.643633708505823337E-14, 0.9826264396687245384, 0.1855943966394633382 ) ) ;
#868 = CARTESIAN_POINT ( 'NONE',  ( 0.5590551181102362266, -0.09761331423562205623, -0.2786742098926378031 ) ) ;
#869 = FACE_OUTER_BOUND ( 'NONE', #1377, .T. ) ;
#870 = ORIENTED_EDGE ( 'NONE', *, *, #1284, .T. ) ;
#871 = CARTESIAN_POINT ( 'NONE',  ( 0.5590551181102362266, 0.09761331423562205623, 0.2786742098926378031 ) ) ;
#872 = ORIENTED_EDGE ( 'NONE', *, *, #952, .F. ) ;
#873 = DIRECTION ( 'NONE',  ( -1.000000000000000000, 0.0000000000000000000, 0.0000000000000000000 ) ) ;
#874 = CIRCLE ( 'NONE', #4612, 0.2952755905511982859 ) ;
#875 = DIRECTION ( 'NONE',  ( -1.000000000000000000, 0.0000000000000000000, 0.0000000000000000000 ) ) ;
#876 = DIRECTION ( 'NONE',  ( 1.000000000000000000, 5.551115123125393818E-17, 1.071937337635887825E-14 ) ) ;
#877 = CARTESIAN_POINT ( 'NONE',  ( 0.8661417322834645827, 0.06959712413253542340, -0.06959712413253504870 ) ) ;
#878 = LINE ( 'NONE', #87, #4384 ) ;
#879 = VECTOR ( 'NONE', #875, 39.37007874015748143 ) ;
#880 = ADVANCED_FACE ( 'NONE', ( #2581 ), #541, .T. ) ;
#881 = ORIENTED_EDGE ( 'NONE', *, *, #4573, .F. ) ;
#882 = CONICAL_SURFACE ( 'NONE', #970, 0.2322834645669291098, 0.7853981633974482790 ) ;
#883 = DIRECTION ( 'NONE',  ( 0.0000000000000000000, 0.0000000000000000000, 1.000000000000000000 ) ) ;
#884 = VECTOR ( 'NONE', #3908, 39.37007874015748143 ) ;
#885 = EDGE_CURVE ( 'NONE', #1965, #4142, #3290, .T. ) ;
#886 = CARTESIAN_POINT ( 'NONE',  ( 0.7408997937670472878, 0.2031265203306811262, 0.2387257275249528299 ) ) ;
#887 = ORIENTED_EDGE ( 'NONE', *, *, #3605, .T. ) ;
#888 = DIRECTION ( 'NONE',  ( -0.7071067811865472397, -0.7071067811865476838, -2.079041920926608203E-16 ) ) ;
#889 = MECHANICAL_DESIGN_GEOMETRIC_PRESENTATION_REPRESENTATION (  '', ( #3788 ), #2556 ) ;
#890 = PRESENTATION_STYLE_ASSIGNMENT (( #2063 ) ) ;
#891 = EDGE_LOOP ( 'NONE', ( #887, #2412 ) ) ;
#892 = CARTESIAN_POINT ( 'NONE',  ( 0.5629921259843306824, 0.05839526368384646143, 0.2125984251951299198 ) ) ;
#893 = ADVANCED_FACE ( 'NONE', ( #5114 ), #4622, .T. ) ;
#894 = CARTESIAN_POINT ( 'NONE',  ( 0.4685039370078740162, 0.2619230296546377623, -0.09982709648198033470 ) ) ;
#895 = DIRECTION ( 'NONE',  ( -1.000000000000000000, 0.0000000000000000000, 0.0000000000000000000 ) ) ;
#896 = CARTESIAN_POINT ( 'NONE',  ( 0.6692913385826771977, 1.344099386984862280E-17, 0.0000000000000000000 ) ) ;
#897 = LENGTH_MEASURE_WITH_UNIT ( LENGTH_MEASURE( 0.02539999999999999897 ), #1687 );
#898 = CARTESIAN_POINT ( 'NONE',  ( 0.7283464566929134243, 0.0000000000000000000, 0.0000000000000000000 ) ) ;
#899 = PLANE ( 'NONE',  #4127 ) ;
#900 = AXIS2_PLACEMENT_3D ( 'NONE', #4158, #1810, #3368 ) ;
#901 = EDGE_LOOP ( 'NONE', ( #1317, #3931, #3838, #2607 ) ) ;
#902 = VECTOR ( 'NONE', #4654, 39.37007874015748143 ) ;
#903 = VECTOR ( 'NONE', #245, 39.37007874015748143 ) ;
#904 = DIRECTION ( 'NONE',  ( 1.619075244245013512E-15, -1.000000000000000000, 0.0000000000000000000 ) ) ;
#905 = FILL_AREA_STYLE_COLOUR ( '', #1313 ) ;
#906 = AXIS2_PLACEMENT_3D ( 'NONE', #608, #4216, #4241 ) ;
#907 = MECHANICAL_DESIGN_GEOMETRIC_PRESENTATION_REPRESENTATION (  '', ( #3805 ), #4474 ) ;
#908 = CARTESIAN_POINT ( 'NONE',  ( 0.5629921259844082870, -4.883178288674870459E-14, 9.453232700450215971E-17 ) ) ;
#909 = AXIS2_PLACEMENT_3D ( 'NONE', #4048, #3655, #520 ) ;
#910 = LINE ( 'NONE', #515, #2321 ) ;
#911 = CARTESIAN_POINT ( 'NONE',  ( 0.8661417322834645827, -0.06959712413253542340, 0.03810106114040944653 ) ) ;
#912 =( NAMED_UNIT ( * ) PLANE_ANGLE_UNIT ( ) SI_UNIT ( $, .RADIAN. ) );
#913 = AXIS2_PLACEMENT_3D ( 'NONE', #1724, #4468, #2054 ) ;
#914 = ORIENTED_EDGE ( 'NONE', *, *, #2938, .F. ) ;
#915 = DIRECTION ( 'NONE',  ( -2.312964634635744929E-16, 9.629649721936187476E-33, -1.000000000000000000 ) ) ;
#916 = EDGE_LOOP ( 'NONE', ( #1256, #3790, #2776, #356, #2881 ) ) ;
#917 = CIRCLE ( 'NONE', #3150, 0.2755905511811073128 ) ;
#918 = DIRECTION ( 'NONE',  ( 0.0000000000000000000, 0.0000000000000000000, 1.000000000000000000 ) ) ;
#919 = ADVANCED_FACE ( 'NONE', ( #2338 ), #628, .T. ) ;
#920 = SURFACE_STYLE_USAGE ( .BOTH. , #3656 ) ;
#921 = ORIENTED_EDGE ( 'NONE', *, *, #2883, .T. ) ;
#922 = CARTESIAN_POINT ( 'NONE',  ( 0.9842519685039370358, 0.06959712413253542340, -0.06959712413253542340 ) ) ;
#923 = EDGE_LOOP ( 'NONE', ( #3263, #2257, #2187, #1529 ) ) ;
#924 =( NAMED_UNIT ( * ) PLANE_ANGLE_UNIT ( ) SI_UNIT ( $, .RADIAN. ) );
#925 = EDGE_CURVE ( 'NONE', #4706, #4925, #2787, .T. ) ;
#926 = LINE ( 'NONE', #4083, #2803 ) ;
#927 = ORIENTED_EDGE ( 'NONE', *, *, #4257, .T. ) ;
#928 = DIRECTION ( 'NONE',  ( 0.0000000000000000000, -0.8660254037844383745, -0.5000000000000006661 ) ) ;
#929 = ORIENTED_EDGE ( 'NONE', *, *, #605, .F. ) ;
#930 = SURFACE_STYLE_FILL_AREA ( #4509 ) ;
#931 = CARTESIAN_POINT ( 'NONE',  ( 0.6692913385826847472, 4.507549189546033226E-15, 5.085519469096300026E-16 ) ) ;
#932 = DIRECTION ( 'NONE',  ( 1.000000000000000000, 0.0000000000000000000, 0.0000000000000000000 ) ) ;
#933 = DIRECTION ( 'NONE',  ( 0.0000000000000000000, 1.000000000000000000, 6.238883837223497717E-11 ) ) ;
#934 = DIRECTION ( 'NONE',  ( -1.000000000000000000, -0.0000000000000000000, -0.0000000000000000000 ) ) ;
#935 = DIRECTION ( 'NONE',  ( -1.000000000000000000, 0.0000000000000000000, 0.0000000000000000000 ) ) ;
#936 =( NAMED_UNIT ( * ) SI_UNIT ( $, .STERADIAN. ) SOLID_ANGLE_UNIT ( ) );
#937 = CYLINDRICAL_SURFACE ( 'NONE', #4642, 0.1811023622047244486 ) ;
#938 = EDGE_LOOP ( 'NONE', ( #456, #4124, #2425, #693 ) ) ;
#939 = DIRECTION ( 'NONE',  ( -1.000000000000000000, -6.938893903907280442E-15, 6.938893903907209445E-15 ) ) ;
#940 = ORIENTED_EDGE ( 'NONE', *, *, #925, .T. ) ;
#941 = CARTESIAN_POINT ( 'NONE',  ( 0.3110236220472441526, 0.06959712413253542340, -0.04991208476245767578 ) ) ;
#942 = SURFACE_STYLE_FILL_AREA ( #2139 ) ;
#943 = VERTEX_POINT ( 'NONE', #1807 ) ;
#944 = CARTESIAN_POINT ( 'NONE',  ( 0.5708661417322835607, -0.02866676580552401585, 0.2125984251968504046 ) ) ;
#945 = EDGE_CURVE ( 'NONE', #3751, #259, #2539, .T. ) ;
#946 = ORIENTED_EDGE ( 'NONE', *, *, #1123, .F. ) ;
#947 = DIRECTION ( 'NONE',  ( 1.000000000000000000, 0.0000000000000000000, 0.0000000000000000000 ) ) ;
#948 =( CONVERSION_BASED_UNIT ( 'INCH', #897 ) LENGTH_UNIT ( ) NAMED_UNIT ( #1304 ) );
#949 = DIRECTION ( 'NONE',  ( 7.434529182757774977E-16, 0.6473710298263832819, 0.7621750125407732446 ) ) ;
#950 =( BOUNDED_CURVE ( )  B_SPLINE_CURVE ( 2, ( #291, #5138, #2714 ),
 .UNSPECIFIED., .F., .T. ) 
 B_SPLINE_CURVE_WITH_KNOTS ( ( 3, 3 ),
 ( 0.0000000000000000000, 1.000000000000000000 ),
 .UNSPECIFIED. ) 
 CURVE ( )  GEOMETRIC_REPRESENTATION_ITEM ( )  RATIONAL_B_SPLINE_CURVE ( ( 1.000000000000000000, 1.020663065298099914, 1.032786885245899899 ) ) 
 REPRESENTATION_ITEM ( '' )  );
#951 = EDGE_CURVE ( 'NONE', #1941, #1262, #1556, .T. ) ;
#952 = EDGE_CURVE ( 'NONE', #5027, #2219, #4435, .T. ) ;
#953 =( CONVERSION_BASED_UNIT ( 'INCH', #3728 ) LENGTH_UNIT ( ) NAMED_UNIT ( #589 ) );
#954 = FACE_OUTER_BOUND ( 'NONE', #522, .T. ) ;
#955 = AXIS2_PLACEMENT_3D ( 'NONE', #4689, #3460, #2283 ) ;
#956 = DIRECTION ( 'NONE',  ( -1.000000000000000000, -0.0000000000000000000, -0.0000000000000000000 ) ) ;
#957 = DIRECTION ( 'NONE',  ( -1.000000000000000000, 1.909299283380273184E-16, 4.031196689117466017E-16 ) ) ;
#958 = EDGE_CURVE ( 'NONE', #143, #11, #3775, .T. ) ;
#959 = CARTESIAN_POINT ( 'NONE',  ( 0.5787401574803149318, -0.09270243530560237644, 0.2595311356826299209 ) ) ;
#960 = CARTESIAN_POINT ( 'NONE',  ( 0.5590551181102362266, 0.2592053636217991897, 0.1414222537122086787 ) ) ;
#961 = PRODUCT ( 'CUI_DEVICES_CDM1209-05A-MP-F12-67', 'CUI_DEVICES_CDM1209-05A-MP-F12-67', '', ( #485 ) ) ;
#962 = CARTESIAN_POINT ( 'NONE',  ( 0.6692913385826771977, -0.1880600253060945026, 0.2648216623995157670 ) ) ;
#963 = ORIENTED_EDGE ( 'NONE', *, *, #3239, .T. ) ;
#964 = VECTOR ( 'NONE', #1747, 39.37007874015748143 ) ;
#965 = DIRECTION ( 'NONE',  ( -0.7071067811865573427, 0.0000000000000000000, 0.7071067811865376918 ) ) ;
#966 = ORIENTED_EDGE ( 'NONE', *, *, #2791, .F. ) ;
#967 = CARTESIAN_POINT ( 'NONE',  ( 0.7480314960629921295, -0.2557161625347756373, -0.1476377952755906220 ) ) ;
#968 = SPHERICAL_SURFACE ( 'NONE', #1322, 0.01968503937007873988 ) ;
#969 = VERTEX_POINT ( 'NONE', #4766 ) ;
#970 = AXIS2_PLACEMENT_3D ( 'NONE', #4300, #4248, #345 ) ;
#971 = UNCERTAINTY_MEASURE_WITH_UNIT (LENGTH_MEASURE( 1.000000000000000082E-05 ), #4980, 'distance_accuracy_value', 'NONE');
#972 = VERTEX_POINT ( 'NONE', #2024 ) ;
#973 = CARTESIAN_POINT ( 'NONE',  ( 0.0000000000000000000, 2.772330352400502046E-17, 0.1811023622047244486 ) ) ;
#974 = FACE_OUTER_BOUND ( 'NONE', #411, .T. ) ;
#975 = EDGE_LOOP ( 'NONE', ( #2961, #4902, #1609, #2297, #1350, #1421, #2238, #3944, #4598 ) ) ;
#976 = ADVANCED_FACE ( 'NONE', ( #3252 ), #2463, .F. ) ;
#977 =( GEOMETRIC_REPRESENTATION_CONTEXT ( 3 ) GLOBAL_UNCERTAINTY_ASSIGNED_CONTEXT ( ( #3042 ) ) GLOBAL_UNIT_ASSIGNED_CONTEXT ( ( #2192, #2633, #633 ) ) REPRESENTATION_CONTEXT ( 'NONE', 'WORKASPACE' ) );
#978 = ORIENTED_EDGE ( 'NONE', *, *, #1593, .F. ) ;
#979 = LENGTH_MEASURE_WITH_UNIT ( LENGTH_MEASURE( 0.02539999999999999897 ), #2534 );
#980 =( LENGTH_UNIT ( ) NAMED_UNIT ( * ) SI_UNIT ( $, .METRE. ) );
#981 = STYLED_ITEM ( 'NONE', ( #703 ), #3168 ) ;
#982 = PRESENTATION_LAYER_ASSIGNMENT (  '', '', ( #4463 ) ) ;
#983 = DIRECTION ( 'NONE',  ( 1.000000000000000000, 0.0000000000000000000, 0.0000000000000000000 ) ) ;
#984 = EDGE_CURVE ( 'NONE', #5027, #1340, #4445, .T. ) ;
#985 = DIRECTION ( 'NONE',  ( 1.000000000000000000, 0.0000000000000000000, 0.0000000000000000000 ) ) ;
#986 = MECHANICAL_DESIGN_GEOMETRIC_PRESENTATION_REPRESENTATION (  '', ( #3453 ), #1491 ) ;
#987 = CIRCLE ( 'NONE', #5101, 0.3248031496063403245 ) ;
#988 = PLANE ( 'NONE',  #3759 ) ;
#989 = DIMENSIONAL_EXPONENTS ( 1.000000000000000000, 0.0000000000000000000, 0.0000000000000000000, 0.0000000000000000000, 0.0000000000000000000, 0.0000000000000000000, 0.0000000000000000000 ) ;
#990 = CARTESIAN_POINT ( 'NONE',  ( 0.8661417322834645827, 1.468504888994239823E-15, -8.826037758402637671E-16 ) ) ;
#991 = VECTOR ( 'NONE', #3817, 39.37007874015748143 ) ;
#992 = ADVANCED_FACE ( 'NONE', ( #2434 ), #4836, .T. ) ;
#993 = CARTESIAN_POINT ( 'NONE',  ( 0.8661417322834645827, -0.01968503937007727231, -5.411227766322319001E-16 ) ) ;
#994 = AXIS2_PLACEMENT_3D ( 'NONE', #1342, #2928, #4939 ) ;
#995 = ORIENTED_EDGE ( 'NONE', *, *, #4252, .T. ) ;
#996 = COLOUR_RGB ( '',0.7607843137254901578, 0.7607843137254901578, 0.0000000000000000000 ) ;
#997 = ORIENTED_EDGE ( 'NONE', *, *, #3862, .F. ) ;
#998 = SPHERICAL_SURFACE ( 'NONE', #4647, 0.01968503937007873988 ) ;
#999 = CARTESIAN_POINT ( 'NONE',  ( 0.9842519685039372579, 0.01968503937007938867, -6.063865569542016420E-17 ) ) ;
#1000 = ORIENTED_EDGE ( 'NONE', *, *, #509, .F. ) ;
#1001 = AXIS2_PLACEMENT_3D ( 'NONE', #2550, #4129, #149 ) ;
#1002 = LINE ( 'NONE', #3745, #4542 ) ;
#1003 = MECHANICAL_DESIGN_GEOMETRIC_PRESENTATION_REPRESENTATION (  '', ( #3307 ), #327 ) ;
#1004 = PRESENTATION_STYLE_ASSIGNMENT (( #4135 ) ) ;
#1005 = ADVANCED_FACE ( 'NONE', ( #25 ), #1806, .T. ) ;
#1006 = VERTEX_POINT ( 'NONE', #2413 ) ;
#1007 = DIRECTION ( 'NONE',  ( -9.251858538543832080E-15, 0.3305837575446658461, 0.9437766575030608340 ) ) ;
#1008 = LENGTH_MEASURE_WITH_UNIT ( LENGTH_MEASURE( 0.02539999999999999897 ), #1847 );
#1009 = VERTEX_POINT ( 'NONE', #3206 ) ;
#1010 = MECHANICAL_DESIGN_GEOMETRIC_PRESENTATION_REPRESENTATION (  '', ( #1265 ), #4652 ) ;
#1011 = ORIENTED_EDGE ( 'NONE', *, *, #2313, .T. ) ;
#1012 = CARTESIAN_POINT ( 'NONE',  ( 0.05905511811023622659, 0.06959712413253542340, 0.06959712413253464625 ) ) ;
#1013 = PRODUCT_DEFINITION_FORMATION_WITH_SPECIFIED_SOURCE ( 'ANY', '', #961, .NOT_KNOWN. ) ;
#1014 =( NAMED_UNIT ( * ) PLANE_ANGLE_UNIT ( ) SI_UNIT ( $, .RADIAN. ) );
#1015 = CARTESIAN_POINT ( 'NONE',  ( 0.8661417322834645827, -0.06959712413253542340, 0.06959712413253542340 ) ) ;
#1016 = CARTESIAN_POINT ( 'NONE',  ( 0.05905511811023622659, -0.06959712413253542340, 0.06959712413253622831 ) ) ;
#1017 = LINE ( 'NONE', #537, #2934 ) ;
#1018 = EDGE_CURVE ( 'NONE', #4288, #1965, #4687, .T. ) ;
#1019 = FILL_AREA_STYLE_COLOUR ( '', #4138 ) ;
#1020 = DIRECTION ( 'NONE',  ( -1.000000000000000000, 0.0000000000000000000, 0.0000000000000000000 ) ) ;
#1021 = ORIENTED_EDGE ( 'NONE', *, *, #695, .T. ) ;
#1022 = EDGE_CURVE ( 'NONE', #3924, #2446, #1305, .T. ) ;
#1023 = EDGE_LOOP ( 'NONE', ( #4159, #5098 ) ) ;
#1024 = FACE_BOUND ( 'NONE', #3196, .T. ) ;
#1025 = DIRECTION ( 'NONE',  ( 0.7071067811865566766, 0.0000000000000000000, -0.7071067811865382469 ) ) ;
#1026 = ORIENTED_EDGE ( 'NONE', *, *, #2800, .F. ) ;
#1027 = CARTESIAN_POINT ( 'NONE',  ( 0.7283464566929134243, 2.772330352400513448E-17, 0.1811023622047245873 ) ) ;
#1028 = UNCERTAINTY_MEASURE_WITH_UNIT (LENGTH_MEASURE( 1.000000000000000082E-05 ), #3494, 'distance_accuracy_value', 'NONE');
#1029 = DIRECTION ( 'NONE',  ( -1.000000000000000000, 1.387778780781444098E-14, -1.387778780781444098E-14 ) ) ;
#1030 = ORIENTED_EDGE ( 'NONE', *, *, #215, .F. ) ;
#1031 = VERTEX_POINT ( 'NONE', #106 ) ;
#1032 = FILL_AREA_STYLE_COLOUR ( '', #2235 ) ;
#1033 =( BOUNDED_CURVE ( )  B_SPLINE_CURVE ( 2, ( #400, #1244, #369 ),
 .UNSPECIFIED., .F., .T. ) 
 B_SPLINE_CURVE_WITH_KNOTS ( ( 3, 3 ),
 ( 0.0000000000000000000, 0.6410219114110500271 ),
 .UNSPECIFIED. ) 
 CURVE ( )  GEOMETRIC_REPRESENTATION_ITEM ( )  RATIONAL_B_SPLINE_CURVE ( ( 1.046296296296300055, 1.046296296296300055, 1.027272727272700026 ) ) 
 REPRESENTATION_ITEM ( '' )  );
#1034 = EDGE_CURVE ( 'NONE', #2300, #2533, #3358, .T. ) ;
#1035 = ORIENTED_EDGE ( 'NONE', *, *, #1149, .F. ) ;
#1036 = FILL_AREA_STYLE_COLOUR ( '', #5069 ) ;
#1037 = DIRECTION ( 'NONE',  ( 0.0000000000000000000, -4.336808689942015764E-16, 1.000000000000000000 ) ) ;
#1038 = CARTESIAN_POINT ( 'NONE',  ( 0.5789595594094487652, 7.911708888547633248E-16, -6.849973388808793940E-16 ) ) ;
#1039 = CARTESIAN_POINT ( 'NONE',  ( 0.6496062992125984925, -0.07687253618020473134, 0.2952755905511771917 ) ) ;
#1040 = CLOSED_SHELL ( 'NONE', ( #1497, #4757, #2033, #2120, #1212, #3130, #1062, #2733, #1277, #624, #1855, #976, #3187, #3598, #3407, #2225, #560, #1893, #2818, #4691, #830, #1005, #4094, #2889, #4153, #2008, #2771, #4049, #1721, #1561, #4410, #2600, #2569, #4498, #455, #4969, #200, #305, #5044, #4930, #494, #2411, #4280, #441, #2724, #992, #4251, #1672, #501, #3160, #3702, #3455, #472, #3695, #919, #4867, #3739, #3167, #2256, #4446, #4786, #4576, #4809, #3103, #3258, #3321, #4313, #3673, #3578, #2918, #1821, #1461, #3289, #4174, #5023, #3355, #1801, #4416, #1097, #2062, #4750, #2134 ) ) ;
#1041 = CYLINDRICAL_SURFACE ( 'NONE', #2974, 0.3248031496064086032 ) ;
#1042 = CARTESIAN_POINT ( 'NONE',  ( 0.5787401574803149318, 5.975917486140575174E-17, 0.0000000000000000000 ) ) ;
#1043 = AXIS2_PLACEMENT_3D ( 'NONE', #4707, #3907, #3830 ) ;
#1044 = CARTESIAN_POINT ( 'NONE',  ( 0.5590551181102362266, -2.702992849231184397E-13, -8.281341082043808035E-14 ) ) ;
#1045 = EDGE_CURVE ( 'NONE', #1496, #1726, #3622, .T. ) ;
#1046 = CIRCLE ( 'NONE', #1633, 0.2755905511810978759 ) ;
#1047 = ORIENTED_EDGE ( 'NONE', *, *, #15, .F. ) ;
#1048 = CIRCLE ( 'NONE', #3431, 0.01968503937007873988 ) ;
#1049 = ORIENTED_EDGE ( 'NONE', *, *, #240, .F. ) ;
#1050 = CARTESIAN_POINT ( 'NONE',  ( 0.5787401574803149318, -0.04774225352125550242, 0.2755905511811564401 ) ) ;
#1051 = DIRECTION ( 'NONE',  ( 1.000000000000000000, 0.0000000000000000000, 0.0000000000000000000 ) ) ;
#1052 = EDGE_LOOP ( 'NONE', ( #1049, #261, #4431, #2604 ) ) ;
#1053 = CARTESIAN_POINT ( 'NONE',  ( 0.5629921259843306824, -0.05839526367789763667, 0.2125984251967716621 ) ) ;
#1054 = EDGE_CURVE ( 'NONE', #765, #1340, #4490, .T. ) ;
#1055 = CIRCLE ( 'NONE', #4194, 0.01968503937007875029 ) ;
#1056 = VERTEX_POINT ( 'NONE', #3647 ) ;
#1057 = CARTESIAN_POINT ( 'NONE',  ( 0.5629921259843306824, 0.05839526368384646143, 0.2125984251951299198 ) ) ;
#1058 = CIRCLE ( 'NONE', #3115, 0.01968503937007873988 ) ;
#1059 = SURFACE_SIDE_STYLE ('',( #2969 ) ) ;
#1060 = ORIENTED_EDGE ( 'NONE', *, *, #3069, .F. ) ;
#1061 =( NAMED_UNIT ( * ) PLANE_ANGLE_UNIT ( ) SI_UNIT ( $, .RADIAN. ) );
#1062 = ADVANCED_FACE ( 'NONE', ( #3669 ), #4361, .T. ) ;
#1063 = AXIS2_PLACEMENT_3D ( 'NONE', #2597, #4274, #1065 ) ;
#1064 = CARTESIAN_POINT ( 'NONE',  ( 0.5787401574803149318, 0.2619230296546377623, -0.09982709648198033470 ) ) ;
#1065 = DIRECTION ( 'NONE',  ( 0.0000000000000000000, -4.156108327861075350E-15, 1.000000000000000000 ) ) ;
#1066 = SURFACE_STYLE_FILL_AREA ( #4120 ) ;
#1067 =( BOUNDED_CURVE ( )  B_SPLINE_CURVE ( 2, ( #3075, #2223, #265 ),
 .UNSPECIFIED., .F., .T. ) 
 B_SPLINE_CURVE_WITH_KNOTS ( ( 3, 3 ),
 ( 0.0000000000000000000, 1.000000000000000000 ),
 .UNSPECIFIED. ) 
 CURVE ( )  GEOMETRIC_REPRESENTATION_ITEM ( )  RATIONAL_B_SPLINE_CURVE ( ( 1.035714285714300020, 1.035714285714300020, 1.000000000000000000 ) ) 
 REPRESENTATION_ITEM ( '' )  );
#1068 = CONICAL_SURFACE ( 'NONE', #1649, 0.2952755905511808554, 0.7853981633974344012 ) ;
#1069 = EDGE_LOOP ( 'NONE', ( #4165, #1109, #38, #1330 ) ) ;
#1070 = DIRECTION ( 'NONE',  ( 1.000000000000000000, 0.0000000000000000000, 0.0000000000000000000 ) ) ;
#1071 = COLOUR_RGB ( '',0.7607843137254901578, 0.7607843137254901578, 0.0000000000000000000 ) ;
#1072 = CIRCLE ( 'NONE', #1740, 0.2165354330708433861 ) ;
#1073 = DIRECTION ( 'NONE',  ( -1.000000000000000000, -2.940209281316621016E-16, 2.940209281316622002E-16 ) ) ;
#1074 = CIRCLE ( 'NONE', #4212, 0.2125984251968503769 ) ;
#1075 = ORIENTED_EDGE ( 'NONE', *, *, #4518, .F. ) ;
#1076 = UNCERTAINTY_MEASURE_WITH_UNIT (LENGTH_MEASURE( 1.000000000000000082E-05 ), #675, 'distance_accuracy_value', 'NONE');
#1077 = CONICAL_SURFACE ( 'NONE', #3055, 0.2952755905511808554, 0.7853981633974344012 ) ;
#1078 = CARTESIAN_POINT ( 'NONE',  ( 0.8661417322834645827, 0.06959712413253542340, -0.06959712413253504870 ) ) ;
#1079 = AXIS2_PLACEMENT_3D ( 'NONE', #1092, #2684, #4166 ) ;
#1080 = CARTESIAN_POINT ( 'NONE',  ( 0.01968503937007873988, -0.09358160885042914046, 0.2125984251968504046 ) ) ;
#1081 = EDGE_LOOP ( 'NONE', ( #1299, #3151, #3134, #4621 ) ) ;
#1082 = ORIENTED_EDGE ( 'NONE', *, *, #4722, .T. ) ;
#1083 = CARTESIAN_POINT ( 'NONE',  ( 0.6496062992125984925, 3.628235616585349371E-16, 8.229692080913592674E-15 ) ) ;
#1084 = VECTOR ( 'NONE', #196, 39.37007874015748143 ) ;
#1085 = UNCERTAINTY_MEASURE_WITH_UNIT (LENGTH_MEASURE( 1.000000000000000082E-05 ), #1658, 'distance_accuracy_value', 'NONE');
#1086 = EDGE_CURVE ( 'NONE', #1009, #3761, #412, .T. ) ;
#1087 = ORIENTED_EDGE ( 'NONE', *, *, #4821, .T. ) ;
#1088 = AXIS2_PLACEMENT_3D ( 'NONE', #4634, #1452, #310 ) ;
#1089 = LINE ( 'NONE', #3071, #4641 ) ;
#1090 = DIRECTION ( 'NONE',  ( -1.000000000000000000, -0.0000000000000000000, -0.0000000000000000000 ) ) ;
#1091 = VERTEX_POINT ( 'NONE', #4011 ) ;
#1092 = CARTESIAN_POINT ( 'NONE',  ( 0.6141732283464567121, 0.0000000000000000000, -9.195586275692106601E-16 ) ) ;
#1093 = AXIS2_PLACEMENT_3D ( 'NONE', #1150, #4984, #1535 ) ;
#1094 = EDGE_LOOP ( 'NONE', ( #30, #3487, #1888, #1554 ) ) ;
#1095 = UNCERTAINTY_MEASURE_WITH_UNIT (LENGTH_MEASURE( 1.000000000000000082E-05 ), #5076, 'distance_accuracy_value', 'NONE');
#1096 =( NAMED_UNIT ( * ) PLANE_ANGLE_UNIT ( ) SI_UNIT ( $, .RADIAN. ) );
#1097 = ADVANCED_FACE ( 'NONE', ( #459 ), #31, .T. ) ;
#1098 = LINE ( 'NONE', #5008, #5085 ) ;
#1099 =( LENGTH_UNIT ( ) NAMED_UNIT ( * ) SI_UNIT ( $, .METRE. ) );
#1100 = CARTESIAN_POINT ( 'NONE',  ( 0.4855570861658691784, -1.659392417512236086E-13, -0.2926437003390972014 ) ) ;
#1101 = AXIS2_PLACEMENT_3D ( 'NONE', #3587, #846, #4006 ) ;
#1102 = DIRECTION ( 'NONE',  ( 0.0000000000000000000, 0.0000000000000000000, -1.000000000000000000 ) ) ;
#1103 = ORIENTED_EDGE ( 'NONE', *, *, #2443, .F. ) ;
#1104 = PRODUCT_DEFINITION_FORMATION_WITH_SPECIFIED_SOURCE ( 'ANY', '', #1391, .NOT_KNOWN. ) ;
#1105 = DIMENSIONAL_EXPONENTS ( 1.000000000000000000, 0.0000000000000000000, 0.0000000000000000000, 0.0000000000000000000, 0.0000000000000000000, 0.0000000000000000000, 0.0000000000000000000 ) ;
#1106 = DIRECTION ( 'NONE',  ( 1.000000000000000000, 0.0000000000000000000, 0.0000000000000000000 ) ) ;
#1107 = ORIENTED_EDGE ( 'NONE', *, *, #2985, .F. ) ;
#1108 = CARTESIAN_POINT ( 'NONE',  ( -6.199602650411811492E-17, 9.947430203385829444E-12, 0.2125984251968504046 ) ) ;
#1109 = ORIENTED_EDGE ( 'NONE', *, *, #4322, .T. ) ;
#1110 = SURFACE_SIDE_STYLE ('',( #5125 ) ) ;
#1111 = SURFACE_STYLE_FILL_AREA ( #727 ) ;
#1112 = CARTESIAN_POINT ( 'NONE',  ( 0.5787401574803149318, 0.1408961573052046889, -0.2423167256136338488 ) ) ;
#1113 = ORIENTED_EDGE ( 'NONE', *, *, #2792, .T. ) ;
#1114 = CARTESIAN_POINT ( 'NONE',  ( 0.5236220472440944462, -0.2592053636217991897, -0.1414222537122086787 ) ) ;
#1115 = DIRECTION ( 'NONE',  ( 0.0000000000000000000, 0.0000000000000000000, 1.000000000000000000 ) ) ;
#1116 = VERTEX_POINT ( 'NONE', #84 ) ;
#1117 = SURFACE_STYLE_FILL_AREA ( #1868 ) ;
#1118 = EDGE_CURVE ( 'NONE', #4610, #129, #3518, .T. ) ;
#1119 = ORIENTED_EDGE ( 'NONE', *, *, #605, .T. ) ;
#1120 = CARTESIAN_POINT ( 'NONE',  ( -0.01968503937007873988, 6.181466372770866908E-18, 9.556300923451989085E-17 ) ) ;
#1121 = PLANE ( 'NONE',  #1063 ) ;
#1122 = DIRECTION ( 'NONE',  ( -1.387778780781445676E-14, 0.0000000000000000000, 1.000000000000000000 ) ) ;
#1123 = EDGE_CURVE ( 'NONE', #824, #4706, #4771, .T. ) ;
#1124 = EDGE_CURVE ( 'NONE', #1682, #4399, #1408, .T. ) ;
#1125 = EDGE_LOOP ( 'NONE', ( #635, #1679 ) ) ;
#1126 = CARTESIAN_POINT ( 'NONE',  ( 0.6692913385826771977, 0.1880600253060984162, -0.2648216623995157670 ) ) ;
#1127 = CIRCLE ( 'NONE', #1876, 0.01968503937007873988 ) ;
#1128 = EDGE_CURVE ( 'NONE', #1996, #317, #4282, .T. ) ;
#1129 = MECHANICAL_DESIGN_GEOMETRIC_PRESENTATION_REPRESENTATION (  '', ( #3426 ), #865 ) ;
#1130 = ORIENTED_EDGE ( 'NONE', *, *, #3545, .T. ) ;
#1131 = CARTESIAN_POINT ( 'NONE',  ( 0.7480314960629921295, -0.2172798944446771852, -0.2142113644609763834 ) ) ;
#1132 = ORIENTED_EDGE ( 'NONE', *, *, #4109, .T. ) ;
#1133 = CARTESIAN_POINT ( 'NONE',  ( -0.01968503937007873988, 6.181466372770866908E-18, 0.1633858267716536417 ) ) ;
#1134 = CIRCLE ( 'NONE', #3344, 0.2755905511810990416 ) ;
#1135 =( NAMED_UNIT ( * ) SI_UNIT ( $, .STERADIAN. ) SOLID_ANGLE_UNIT ( ) );
#1136 = DIMENSIONAL_EXPONENTS ( 1.000000000000000000, 0.0000000000000000000, 0.0000000000000000000, 0.0000000000000000000, 0.0000000000000000000, 0.0000000000000000000, 0.0000000000000000000 ) ;
#1137 = VERTEX_POINT ( 'NONE', #2596 ) ;
#1138 = FILL_AREA_STYLE_COLOUR ( '', #996 ) ;
#1139 =( GEOMETRIC_REPRESENTATION_CONTEXT ( 3 ) GLOBAL_UNCERTAINTY_ASSIGNED_CONTEXT ( ( #1920 ) ) GLOBAL_UNIT_ASSIGNED_CONTEXT ( ( #1702, #3261, #2886 ) ) REPRESENTATION_CONTEXT ( 'NONE', 'WORKASPACE' ) );
#1140 = VERTEX_POINT ( 'NONE', #3729 ) ;
#1141 = SURFACE_SIDE_STYLE ('',( #3172 ) ) ;
#1142 = EDGE_LOOP ( 'NONE', ( #3198, #2346, #2267, #3413 ) ) ;
#1143 = DIRECTION ( 'NONE',  ( 1.000000000000000000, 0.0000000000000000000, 0.0000000000000000000 ) ) ;
#1144 = EDGE_LOOP ( 'NONE', ( #427, #3283, #4653, #2111, #3391, #1177, #997, #3366 ) ) ;
#1145 = UNCERTAINTY_MEASURE_WITH_UNIT (LENGTH_MEASURE( 1.000000000000000082E-05 ), #3084, 'distance_accuracy_value', 'NONE');
#1146 = FACE_OUTER_BOUND ( 'NONE', #3288, .T. ) ;
#1147 = AXIS2_PLACEMENT_3D ( 'NONE', #1773, #4511, #4195 ) ;
#1148 =( NAMED_UNIT ( * ) PLANE_ANGLE_UNIT ( ) SI_UNIT ( $, .RADIAN. ) );
#1149 = EDGE_CURVE ( 'NONE', #3539, #5102, #70, .T. ) ;
#1150 = CARTESIAN_POINT ( 'NONE',  ( 0.4881889763779529434, -8.537024980200822558E-18, -2.241517757694136822E-48 ) ) ;
#1151 = DIRECTION ( 'NONE',  ( 0.0000000000000000000, 0.0000000000000000000, 1.000000000000000000 ) ) ;
#1152 = VERTEX_POINT ( 'NONE', #3330 ) ;
#1153 = EDGE_CURVE ( 'NONE', #1996, #839, #190, .T. ) ;
#1154 = CIRCLE ( 'NONE', #3784, 0.03149606299212598381 ) ;
#1155 = ORIENTED_EDGE ( 'NONE', *, *, #3920, .F. ) ;
#1156 = EDGE_CURVE ( 'NONE', #91, #1496, #1308, .T. ) ;
#1157 = LINE ( 'NONE', #678, #2725 ) ;
#1158 = ORIENTED_EDGE ( 'NONE', *, *, #1852, .F. ) ;
#1159 = SURFACE_SIDE_STYLE ('',( #834 ) ) ;
#1160 = AXIS2_PLACEMENT_3D ( 'NONE', #4495, #4396, #1235 ) ;
#1161 =( GEOMETRIC_REPRESENTATION_CONTEXT ( 3 ) GLOBAL_UNCERTAINTY_ASSIGNED_CONTEXT ( ( #1549 ) ) GLOBAL_UNIT_ASSIGNED_CONTEXT ( ( #2935, #1860, #625 ) ) REPRESENTATION_CONTEXT ( 'NONE', 'WORKASPACE' ) );
#1162 = EDGE_LOOP ( 'NONE', ( #5095, #4501, #4545, #5056, #4524, #1166, #1107, #3900, #4226, #402, #1487, #1949 ) ) ;
#1163 = CARTESIAN_POINT ( 'NONE',  ( 0.6141732283464567121, 0.0000000000000000000, -9.195586275692106601E-16 ) ) ;
#1164 = CIRCLE ( 'NONE', #1250, 0.3051181102362278685 ) ;
#1165 = CYLINDRICAL_SURFACE ( 'NONE', #2950, 0.01968503937007875029 ) ;
#1166 = ORIENTED_EDGE ( 'NONE', *, *, #2055, .F. ) ;
#1167 = DIRECTION ( 'NONE',  ( 1.000000000000000000, 0.0000000000000000000, 0.0000000000000000000 ) ) ;
#1168 = VERTEX_POINT ( 'NONE', #4564 ) ;
#1169 = CYLINDRICAL_SURFACE ( 'NONE', #1333, 0.03149606299212598381 ) ;
#1170 = COLOUR_RGB ( '',0.7607843137254901578, 0.7607843137254901578, 0.0000000000000000000 ) ;
#1171 = ORIENTED_EDGE ( 'NONE', *, *, #3983, .T. ) ;
#1172 = PRODUCT_DEFINITION_CONTEXT ( 'detailed design', #454, 'design' ) ;
#1173 = VECTOR ( 'NONE', #3742, 39.37007874015748143 ) ;
#1174 = SPHERICAL_SURFACE ( 'NONE', #1043, 0.01968503937007873988 ) ;
#1175 =( LENGTH_UNIT ( ) NAMED_UNIT ( * ) SI_UNIT ( $, .METRE. ) );
#1176 = STYLED_ITEM ( 'NONE', ( #1582 ), #4441 ) ;
#1177 = ORIENTED_EDGE ( 'NONE', *, *, #1255, .F. ) ;
#1178 = CARTESIAN_POINT ( 'NONE',  ( 0.8661417322834645827, -0.06959712413253464625, 0.06959712413253464625 ) ) ;
#1179 =( LENGTH_UNIT ( ) NAMED_UNIT ( * ) SI_UNIT ( $, .METRE. ) );
#1180 = AXIS2_PLACEMENT_3D ( 'NONE', #3553, #4696, #4363 ) ;
#1181 = LENGTH_MEASURE_WITH_UNIT ( LENGTH_MEASURE( 0.02539999999999999897 ), #3207 );
#1182 = VECTOR ( 'NONE', #793, 39.37007874015748143 ) ;
#1183 = EDGE_CURVE ( 'NONE', #1425, #2874, #3197, .T. ) ;
#1184 = ORIENTED_EDGE ( 'NONE', *, *, #181, .T. ) ;
#1185 = DIRECTION ( 'NONE',  ( 1.000000000000000000, 0.0000000000000000000, 0.0000000000000000000 ) ) ;
#1186 = EDGE_LOOP ( 'NONE', ( #269, #2400, #2357 ) ) ;
#1187 = DIRECTION ( 'NONE',  ( -1.000000000000000000, 0.0000000000000000000, 0.0000000000000000000 ) ) ;
#1188 = CARTESIAN_POINT ( 'NONE',  ( 0.6496062992125987146, 0.3051181102362213737, 5.391508799403639239E-16 ) ) ;
#1189 = EDGE_CURVE ( 'NONE', #3525, #3369, #4888, .T. ) ;
#1190 = PRODUCT_RELATED_PRODUCT_CATEGORY ( 'part', '', ( #1391 ) ) ;
#1191 = VERTEX_POINT ( 'NONE', #1456 ) ;
#1192 = DIRECTION ( 'NONE',  ( 1.000000000000000000, 0.0000000000000000000, 0.0000000000000000000 ) ) ;
#1193 = VERTEX_POINT ( 'NONE', #3026 ) ;
#1194 = ORIENTED_EDGE ( 'NONE', *, *, #5052, .T. ) ;
#1195 = CYLINDRICAL_SURFACE ( 'NONE', #2778, 0.2165354331287255019 ) ;
#1196 = DIRECTION ( 'NONE',  ( -1.000000000000000000, 0.0000000000000000000, 0.0000000000000000000 ) ) ;
#1197 = CARTESIAN_POINT ( 'NONE',  ( 0.8661417322834645827, -0.06959712413253582586, -0.1010931871246588398 ) ) ;
#1198 = EDGE_CURVE ( 'NONE', #3727, #1006, #1055, .T. ) ;
#1199 = ORIENTED_EDGE ( 'NONE', *, *, #529, .T. ) ;
#1200 = CYLINDRICAL_SURFACE ( 'NONE', #3763, 0.2952755905511712520 ) ;
#1201 = CARTESIAN_POINT ( 'NONE',  ( 0.6988188976377954775, 0.1880600253060945026, 0.2648216623995157670 ) ) ;
#1202 = ORIENTED_EDGE ( 'NONE', *, *, #1829, .F. ) ;
#1203 = CIRCLE ( 'NONE', #1720, 0.1811023622047244486 ) ;
#1204 = CARTESIAN_POINT ( 'NONE',  ( 0.7283464566929134243, -4.230949580187527470E-14, 6.402768735150616918E-18 ) ) ;
#1205 = ORIENTED_EDGE ( 'NONE', *, *, #415, .T. ) ;
#1206 = DIRECTION ( 'NONE',  ( -1.000000000000000000, 0.0000000000000000000, 0.0000000000000000000 ) ) ;
#1207 = EDGE_CURVE ( 'NONE', #4715, #1941, #4844, .T. ) ;
#1208 = FILL_AREA_STYLE ('',( #3896 ) ) ;
#1209 = FACE_OUTER_BOUND ( 'NONE', #5020, .T. ) ;
#1210 =( LENGTH_UNIT ( ) NAMED_UNIT ( * ) SI_UNIT ( $, .METRE. ) );
#1211 = EDGE_LOOP ( 'NONE', ( #1963, #4998, #1690, #872, #2734, #5046 ) ) ;
#1212 = ADVANCED_FACE ( 'NONE', ( #4615 ), #2226, .T. ) ;
#1213 = ORIENTED_EDGE ( 'NONE', *, *, #188, .T. ) ;
#1214 = VECTOR ( 'NONE', #4427, 39.37007874015748143 ) ;
#1215 = DIRECTION ( 'NONE',  ( -1.000000000000000000, 8.084403522249294421E-16, 2.887683947641054933E-16 ) ) ;
#1216 = LENGTH_MEASURE_WITH_UNIT ( LENGTH_MEASURE( 0.02539999999999999897 ), #2841 );
#1217 = MECHANICAL_DESIGN_GEOMETRIC_PRESENTATION_REPRESENTATION (  '', ( #792 ), #3933 ) ;
#1218 = EDGE_CURVE ( 'NONE', #3848, #4575, #3, .T. ) ;
#1219 = CARTESIAN_POINT ( 'NONE',  ( 0.7283464566929134243, 0.06959712413253542340, 0.03810106114040982817 ) ) ;
#1220 = CARTESIAN_POINT ( 'NONE',  ( 0.5787401574803147097, 3.124551142753500896E-15, 5.053918788278887053E-15 ) ) ;
#1221 = CARTESIAN_POINT ( 'NONE',  ( 0.5590551181102362266, 2.224943001112187144E-17, 0.2165354330708666730 ) ) ;
#1222 = VECTOR ( 'NONE', #3182, 39.37007874015748143 ) ;
#1223 = ORIENTED_EDGE ( 'NONE', *, *, #1153, .T. ) ;
#1224 = CARTESIAN_POINT ( 'NONE',  ( -0.03937007874015747977, 6.181466372770866908E-18, 4.088602248946267809E-17 ) ) ;
#1225 = DIRECTION ( 'NONE',  ( 1.000000000000000000, 0.0000000000000000000, 0.0000000000000000000 ) ) ;
#1226 = SHAPE_REPRESENTATION_RELATIONSHIP ( 'NONE' , 'NONE' ,  #3698, #2482 ) ;
#1227 = PLANE ( 'NONE',  #3418 ) ;
#1228 = STYLED_ITEM ( 'NONE', ( #3543 ), #1511 ) ;
#1229 = FACE_BOUND ( 'NONE', #2123, .T. ) ;
#1230 = ORIENTED_EDGE ( 'NONE', *, *, #1778, .F. ) ;
#1231 = VECTOR ( 'NONE', #3178, 39.37007874015748143 ) ;
#1232 = DIRECTION ( 'NONE',  ( 0.0000000000000000000, 0.0000000000000000000, 1.000000000000000000 ) ) ;
#1233 = FACE_BOUND ( 'NONE', #3251, .T. ) ;
#1234 =( BOUNDED_CURVE ( )  B_SPLINE_CURVE ( 2, ( #3294, #944, #1053 ),
 .UNSPECIFIED., .F., .T. ) 
 B_SPLINE_CURVE_WITH_KNOTS ( ( 3, 3 ),
 ( 0.0000000000000000000, 0.6410219114110700112 ),
 .UNSPECIFIED. ) 
 CURVE ( )  GEOMETRIC_REPRESENTATION_ITEM ( )  RATIONAL_B_SPLINE_CURVE ( ( 1.046296296296300055, 1.046296296296300055, 1.027272727272700026 ) ) 
 REPRESENTATION_ITEM ( '' )  );
#1235 = DIRECTION ( 'NONE',  ( 0.0000000000000000000, 0.0000000000000000000, 1.000000000000000000 ) ) ;
#1236 = UNCERTAINTY_MEASURE_WITH_UNIT (LENGTH_MEASURE( 1.000000000000000082E-05 ), #4730, 'distance_accuracy_value', 'NONE');
#1237 = AXIS2_PLACEMENT_3D ( 'NONE', #2993, #1842, #1450 ) ;
#1238 =( NAMED_UNIT ( * ) PLANE_ANGLE_UNIT ( ) SI_UNIT ( $, .RADIAN. ) );
#1239 =( GEOMETRIC_REPRESENTATION_CONTEXT ( 3 ) GLOBAL_UNCERTAINTY_ASSIGNED_CONTEXT ( ( #548 ) ) GLOBAL_UNIT_ASSIGNED_CONTEXT ( ( #4780, #1730, #4878 ) ) REPRESENTATION_CONTEXT ( 'NONE', 'WORKASPACE' ) );
#1240 = EDGE_LOOP ( 'NONE', ( #1780, #3092, #1654, #4992 ) ) ;
#1241 = FILL_AREA_STYLE_COLOUR ( '', #2078 ) ;
#1242 = DIRECTION ( 'NONE',  ( -1.000000000000000000, 6.938893903907229955E-15, -6.938893903907229955E-15 ) ) ;
#1243 = ORIENTED_EDGE ( 'NONE', *, *, #2750, .F. ) ;
#1244 = CARTESIAN_POINT ( 'NONE',  ( 0.5708661417322835607, 0.02866676580552323869, -0.2125984251968504046 ) ) ;
#1245 = AXIS2_PLACEMENT_3D ( 'NONE', #3214, #3238, #4421 ) ;
#1246 = AXIS2_PLACEMENT_3D ( 'NONE', #161, #3249, #588 ) ;
#1247 = ADVANCED_FACE ( 'NONE', ( #954 ), #2536, .T. ) ;
#1248 = FACE_OUTER_BOUND ( 'NONE', #3997, .T. ) ;
#1249 = DIRECTION ( 'NONE',  ( 1.000000000000000000, 0.0000000000000000000, 0.0000000000000000000 ) ) ;
#1250 = AXIS2_PLACEMENT_3D ( 'NONE', #3037, #4623, #3438 ) ;
#1251 = CYLINDRICAL_SURFACE ( 'NONE', #3119, 0.01968503937007875029 ) ;
#1252 = DIRECTION ( 'NONE',  ( -1.000000000000000000, -0.0000000000000000000, -0.0000000000000000000 ) ) ;
#1253 = DIRECTION ( 'NONE',  ( -1.000000000000000000, 0.0000000000000000000, 0.0000000000000000000 ) ) ;
#1254 = PRESENTATION_LAYER_ASSIGNMENT (  '', '', ( #3135 ) ) ;
#1255 = EDGE_CURVE ( 'NONE', #4668, #3848, #1098, .T. ) ;
#1256 = ORIENTED_EDGE ( 'NONE', *, *, #2949, .T. ) ;
#1257 = DIRECTION ( 'NONE',  ( -1.000000000000000000, 7.715190224800170096E-16, 9.782701856712201146E-15 ) ) ;
#1258 = CARTESIAN_POINT ( 'NONE',  ( 2.443867698969331563E-16, 0.04472041484887795404, -0.2125984251968504046 ) ) ;
#1259 = CARTESIAN_POINT ( 'NONE',  ( 0.0000000000000000000, 0.0000000000000000000, 0.0000000000000000000 ) ) ;
#1260 = CARTESIAN_POINT ( 'NONE',  ( 0.9846456692913401199, 0.0000000000000000000, 3.117938336102175296E-16 ) ) ;
#1261 = CIRCLE ( 'NONE', #235, 0.2066929133858267931 ) ;
#1262 = VERTEX_POINT ( 'NONE', #375 ) ;
#1263 = DIRECTION ( 'NONE',  ( 0.0000000000000000000, -0.6520426817645497142, 0.7581822611729280847 ) ) ;
#1264 = DIRECTION ( 'NONE',  ( 1.000000000000000000, 7.178146399251202140E-15, -6.096925181586236314E-15 ) ) ;
#1265 = STYLED_ITEM ( 'NONE', ( #353 ), #745 ) ;
#1266 = ORIENTED_EDGE ( 'NONE', *, *, #3844, .F. ) ;
#1267 = LINE ( 'NONE', #967, #3637 ) ;
#1268 =( BOUNDED_CURVE ( )  B_SPLINE_CURVE ( 2, ( #759, #3149, #4733 ),
 .UNSPECIFIED., .F., .T. ) 
 B_SPLINE_CURVE_WITH_KNOTS ( ( 3, 3 ),
 ( 0.0000000000000000000, 1.000000000000000000 ),
 .UNSPECIFIED. ) 
 CURVE ( )  GEOMETRIC_REPRESENTATION_ITEM ( )  RATIONAL_B_SPLINE_CURVE ( ( 1.032786885245899899, 1.020663065298099914, 1.000000000000000000 ) ) 
 REPRESENTATION_ITEM ( '' )  );
#1269 = CYLINDRICAL_SURFACE ( 'NONE', #4862, 0.01968503937007873988 ) ;
#1270 = EDGE_LOOP ( 'NONE', ( #2148, #2038, #4022, #3012 ) ) ;
#1271 = DIMENSIONAL_EXPONENTS ( 1.000000000000000000, 0.0000000000000000000, 0.0000000000000000000, 0.0000000000000000000, 0.0000000000000000000, 0.0000000000000000000, 0.0000000000000000000 ) ;
#1272 = CARTESIAN_POINT ( 'NONE',  ( 0.4881889763779528879, -0.2592053636217991897, -0.1414222537122086787 ) ) ;
#1273 = DIRECTION ( 'NONE',  ( 1.000000000000000000, 5.431885889737996207E-14, 1.626770154353277489E-14 ) ) ;
#1274 = DIRECTION ( 'NONE',  ( -1.000000000000000000, 0.0000000000000000000, 0.0000000000000000000 ) ) ;
#1275 = CARTESIAN_POINT ( 'NONE',  ( 0.7283464566929134243, -0.06959712413253582586, -0.06959712413253504870 ) ) ;
#1276 = CARTESIAN_POINT ( 'NONE',  ( 0.7283464566929134243, -0.1353122744573582725, 0.2952755905511810774 ) ) ;
#1277 = ADVANCED_FACE ( 'NONE', ( #1945 ), #882, .T. ) ;
#1278 = ORIENTED_EDGE ( 'NONE', *, *, #4156, .T. ) ;
#1279 = LENGTH_MEASURE_WITH_UNIT ( LENGTH_MEASURE( 0.02539999999999999897 ), #4818 );
#1280 = CARTESIAN_POINT ( 'NONE',  ( 0.7480314960629921295, 3.628235616585349371E-16, 8.229692080913592674E-15 ) ) ;
#1281 = DIRECTION ( 'NONE',  ( 1.000000000000000000, -7.035899915293804782E-45, 1.071937337635887036E-14 ) ) ;
#1282 =( LENGTH_UNIT ( ) NAMED_UNIT ( * ) SI_UNIT ( $, .METRE. ) );
#1283 = EDGE_CURVE ( 'NONE', #4822, #5112, #4131, .T. ) ;
#1284 = EDGE_CURVE ( 'NONE', #3856, #5089, #549, .T. ) ;
#1285 = EDGE_CURVE ( 'NONE', #969, #4217, #2709, .T. ) ;
#1286 = FILL_AREA_STYLE_COLOUR ( '', #2817 ) ;
#1287 = CARTESIAN_POINT ( 'NONE',  ( 0.4881889763779528879, -0.04110356893271653600, -0.2125984251968504046 ) ) ;
#1288 = ORIENTED_EDGE ( 'NONE', *, *, #5121, .F. ) ;
#1289 = DIRECTION ( 'NONE',  ( -1.000000000000000000, 0.0000000000000000000, 0.0000000000000000000 ) ) ;
#1290 = AXIS2_PLACEMENT_3D ( 'NONE', #4937, #4514, #2179 ) ;
#1291 = DIRECTION ( 'NONE',  ( 0.0000000000000000000, 3.783355322129639654E-17, 1.000000000000000000 ) ) ;
#1292 = EDGE_LOOP ( 'NONE', ( #3786, #4277, #681, #2518, #946 ) ) ;
#1293 = DIRECTION ( 'NONE',  ( 0.0000000000000000000, 0.0000000000000000000, -1.000000000000000000 ) ) ;
#1294 = PRESENTATION_LAYER_ASSIGNMENT (  '', '', ( #3509 ) ) ;
#1295 = DIRECTION ( 'NONE',  ( 0.0000000000000000000, -0.9837484379030713155, 0.1795522512341939381 ) ) ;
#1296 = CARTESIAN_POINT ( 'NONE',  ( 0.9846456692913386766, 0.0000000000000000000, 0.2066929133858267931 ) ) ;
#1297 = DIRECTION ( 'NONE',  ( 0.0000000000000000000, 0.0000000000000000000, 1.000000000000000000 ) ) ;
#1298 =( NAMED_UNIT ( * ) PLANE_ANGLE_UNIT ( ) SI_UNIT ( $, .RADIAN. ) );
#1299 = ORIENTED_EDGE ( 'NONE', *, *, #984, .F. ) ;
#1300 = VERTEX_POINT ( 'NONE', #1560 ) ;
#1301 = SURFACE_STYLE_FILL_AREA ( #4461 ) ;
#1302 = EDGE_CURVE ( 'NONE', #839, #2723, #2460, .T. ) ;
#1303 = PRESENTATION_LAYER_ASSIGNMENT (  '', '', ( #287 ) ) ;
#1304 = DIMENSIONAL_EXPONENTS ( 1.000000000000000000, 0.0000000000000000000, 0.0000000000000000000, 0.0000000000000000000, 0.0000000000000000000, 0.0000000000000000000, 0.0000000000000000000 ) ;
#1305 = LINE ( 'NONE', #1334, #2705 ) ;
#1306 = FACE_OUTER_BOUND ( 'NONE', #4725, .T. ) ;
#1307 = CARTESIAN_POINT ( 'NONE',  ( 0.6988188976377954775, -0.1353122744573582725, -0.2952755905511810774 ) ) ;
#1308 = CIRCLE ( 'NONE', #1639, 0.2322834645669291653 ) ;
#1309 = ORIENTED_EDGE ( 'NONE', *, *, #2664, .F. ) ;
#1310 = EDGE_CURVE ( 'NONE', #824, #4948, #762, .T. ) ;
#1311 = AXIS2_PLACEMENT_3D ( 'NONE', #431, #2091, #2427 ) ;
#1312 = DIRECTION ( 'NONE',  ( -1.000000000000000000, 0.0000000000000000000, 0.0000000000000000000 ) ) ;
#1313 = COLOUR_RGB ( '',0.7607843137254901578, 0.7607843137254901578, 0.0000000000000000000 ) ;
#1314 = ORIENTED_EDGE ( 'NONE', *, *, #4023, .F. ) ;
#1315 = EDGE_CURVE ( 'NONE', #2783, #256, #289, .T. ) ;
#1316 = SURFACE_SIDE_STYLE ('',( #493 ) ) ;
#1317 = ORIENTED_EDGE ( 'NONE', *, *, #2782, .F. ) ;
#1318 =( NAMED_UNIT ( * ) SI_UNIT ( $, .STERADIAN. ) SOLID_ANGLE_UNIT ( ) );
#1319 = VECTOR ( 'NONE', #4926, 39.37007874015748854 ) ;
#1320 = EDGE_LOOP ( 'NONE', ( #3248, #963, #2459, #3533 ) ) ;
#1321 = FACE_OUTER_BOUND ( 'NONE', #300, .T. ) ;
#1322 = AXIS2_PLACEMENT_3D ( 'NONE', #3015, #3415, #1372 ) ;
#1323 = CARTESIAN_POINT ( 'NONE',  ( 0.5590551181102362266, -4.268512490100411279E-18, -4.268512490100411279E-18 ) ) ;
#1324 = ORIENTED_EDGE ( 'NONE', *, *, #1783, .T. ) ;
#1325 =( NAMED_UNIT ( * ) PLANE_ANGLE_UNIT ( ) SI_UNIT ( $, .RADIAN. ) );
#1326 = FACE_OUTER_BOUND ( 'NONE', #1616, .T. ) ;
#1327 = DIRECTION ( 'NONE',  ( -1.000000000000000000, 0.0000000000000000000, 0.0000000000000000000 ) ) ;
#1328 = ORIENTED_EDGE ( 'NONE', *, *, #2985, .T. ) ;
#1329 =( BOUNDED_CURVE ( )  B_SPLINE_CURVE ( 2, ( #3770, #210, #662 ),
 .UNSPECIFIED., .F., .T. ) 
 B_SPLINE_CURVE_WITH_KNOTS ( ( 3, 3 ),
 ( 0.7077270346394399780, 1.000000000000000000 ),
 .UNSPECIFIED. ) 
 CURVE ( )  GEOMETRIC_REPRESENTATION_ITEM ( )  RATIONAL_B_SPLINE_CURVE ( ( 1.036363636363599960, 1.041922710394000084, 1.045871559632999936 ) ) 
 REPRESENTATION_ITEM ( '' )  );
#1330 = ORIENTED_EDGE ( 'NONE', *, *, #2912, .T. ) ;
#1331 = CIRCLE ( 'NONE', #4218, 0.3248031496064085477 ) ;
#1332 = FILL_AREA_STYLE_COLOUR ( '', #1464 ) ;
#1333 = AXIS2_PLACEMENT_3D ( 'NONE', #471, #3267, #1374 ) ;
#1334 = CARTESIAN_POINT ( 'NONE',  ( 0.6496062992125984925, -0.2557161625347756373, -0.1476377952755905387 ) ) ;
#1335 = CONTEXT_DEPENDENT_SHAPE_REPRESENTATION ( #352, #3688 ) ;
#1336 = DIRECTION ( 'NONE',  ( 0.0000000000000000000, 0.7621750125402206866, -0.6473710298270339836 ) ) ;
#1337 =( NAMED_UNIT ( * ) PLANE_ANGLE_UNIT ( ) SI_UNIT ( $, .RADIAN. ) );
#1338 = CIRCLE ( 'NONE', #1674, 0.2165354330708637309 ) ;
#1339 = PRESENTATION_LAYER_ASSIGNMENT (  '', '', ( #981 ) ) ;
#1340 = VERTEX_POINT ( 'NONE', #5077 ) ;
#1341 = AXIS2_PLACEMENT_3D ( 'NONE', #4898, #4973, #2185 ) ;
#1342 = CARTESIAN_POINT ( 'NONE',  ( -0.03937007874015747977, -0.1704774416898504064, 0.2952755905511810774 ) ) ;
#1343 =( NAMED_UNIT ( * ) PLANE_ANGLE_UNIT ( ) SI_UNIT ( $, .RADIAN. ) );
#1344 = EDGE_CURVE ( 'NONE', #3148, #66, #4616, .T. ) ;
#1345 = VERTEX_POINT ( 'NONE', #4736 ) ;
#1346 = EDGE_LOOP ( 'NONE', ( #381, #2136, #2635, #4425 ) ) ;
#1347 = AXIS2_PLACEMENT_3D ( 'NONE', #1874, #4303, #1513 ) ;
#1348 = CARTESIAN_POINT ( 'NONE',  ( 0.8661417322834645827, -0.06959712413253542340, 0.03810106114040943959 ) ) ;
#1349 = DIRECTION ( 'NONE',  ( 2.940209281316622495E-16, -1.000000000000000000, -1.449635096999157109E-47 ) ) ;
#1350 = ORIENTED_EDGE ( 'NONE', *, *, #1978, .F. ) ;
#1351 =( CONVERSION_BASED_UNIT ( 'INCH', #4451 ) LENGTH_UNIT ( ) NAMED_UNIT ( #4541 ) );
#1352 = EDGE_CURVE ( 'NONE', #1425, #2265, #4533, .T. ) ;
#1353 = UNCERTAINTY_MEASURE_WITH_UNIT (LENGTH_MEASURE( 1.000000000000000082E-05 ), #85, 'distance_accuracy_value', 'NONE');
#1354 = SPHERICAL_SURFACE ( 'NONE', #1958, 0.01968503937007846233 ) ;
#1355 = ORIENTED_EDGE ( 'NONE', *, *, #1597, .T. ) ;
#1356 = DIRECTION ( 'NONE',  ( 0.0000000000000000000, 0.0000000000000000000, 1.000000000000000000 ) ) ;
#1357 = SURFACE_SIDE_STYLE ('',( #99 ) ) ;
#1358 =( NAMED_UNIT ( * ) PLANE_ANGLE_UNIT ( ) SI_UNIT ( $, .RADIAN. ) );
#1359 = VERTEX_POINT ( 'NONE', #2638 ) ;
#1360 = ORIENTED_EDGE ( 'NONE', *, *, #416, .F. ) ;
#1361 = DIRECTION ( 'NONE',  ( 1.000000000000000000, 0.0000000000000000000, -0.0000000000000000000 ) ) ;
#1362 = DIRECTION ( 'NONE',  ( -1.000000000000000000, 0.0000000000000000000, 0.0000000000000000000 ) ) ;
#1363 = DIRECTION ( 'NONE',  ( 0.0000000000000000000, 0.0000000000000000000, 1.000000000000000000 ) ) ;
#1364 = CARTESIAN_POINT ( 'NONE',  ( 0.3110236220472441526, 0.02165354330708661734, 0.1498699362252086664 ) ) ;
#1365 = CARTESIAN_POINT ( 'NONE',  ( 0.7283464566929134243, 2.531258147843938781E-17, -0.2066929133858267931 ) ) ;
#1366 =( NAMED_UNIT ( * ) PLANE_ANGLE_UNIT ( ) SI_UNIT ( $, .RADIAN. ) );
#1367 = DIRECTION ( 'NONE',  ( 0.0000000000000000000, 0.0000000000000000000, 1.000000000000000000 ) ) ;
#1368 = ORIENTED_EDGE ( 'NONE', *, *, #3989, .T. ) ;
#1369 = EDGE_CURVE ( 'NONE', #3343, #1515, #2873, .T. ) ;
#1370 = ORIENTED_EDGE ( 'NONE', *, *, #2791, .T. ) ;
#1371 = CARTESIAN_POINT ( 'NONE',  ( 0.8661417322834645827, 0.06959712413253542340, 0.06959712413253582586 ) ) ;
#1372 = DIRECTION ( 'NONE',  ( -4.336808689942017736E-16, 0.0000000000000000000, 1.000000000000000000 ) ) ;
#1373 = ORIENTED_EDGE ( 'NONE', *, *, #2098, .F. ) ;
#1374 = DIRECTION ( 'NONE',  ( 0.0000000000000000000, 0.0000000000000000000, 1.000000000000000000 ) ) ;
#1375 = ADVANCED_FACE ( 'NONE', ( #320 ), #3524, .F. ) ;
#1376 = COLOUR_RGB ( '',0.7607843137254901578, 0.7607843137254901578, 0.0000000000000000000 ) ;
#1377 = EDGE_LOOP ( 'NONE', ( #609, #3145, #4954, #4959 ) ) ;
#1378 = CARTESIAN_POINT ( 'NONE',  ( 0.7480314960629921295, 0.2557161625347775802, -0.1476377952755885403 ) ) ;
#1379 = DIRECTION ( 'NONE',  ( 0.0000000000000000000, 0.0000000000000000000, -1.000000000000000000 ) ) ;
#1380 = CARTESIAN_POINT ( 'NONE',  ( 0.5787401574803147097, -2.586718569000849106E-15, 3.585550491684345597E-16 ) ) ;
#1381 = CIRCLE ( 'NONE', #1290, 0.01968503937007802518 ) ;
#1382 = PRESENTATION_STYLE_ASSIGNMENT (( #4111 ) ) ;
#1383 = ADVANCED_FACE ( 'NONE', ( #4664 ), #2206, .F. ) ;
#1384 = FILL_AREA_STYLE_COLOUR ( '', #2620 ) ;
#1385 = PRESENTATION_LAYER_ASSIGNMENT (  '', '', ( #1879 ) ) ;
#1386 = CARTESIAN_POINT ( 'NONE',  ( 0.5789595594094487652, 7.911708888547633248E-16, -6.849973388808793940E-16 ) ) ;
#1387 = LINE ( 'NONE', #1696, #4546 ) ;
#1388 = FACE_OUTER_BOUND ( 'NONE', #3138, .T. ) ;
#1389 = CARTESIAN_POINT ( 'NONE',  ( 0.7480314960629921295, -0.2941524306248700649, 0.08106422609020866310 ) ) ;
#1390 = COLOUR_RGB ( '',0.7607843137254901578, 0.7607843137254901578, 0.0000000000000000000 ) ;
#1391 = PRODUCT ( 'PINS_MALE_REAR_5P', 'PINS_MALE_REAR_5P', '', ( #2435 ) ) ;
#1392 = CARTESIAN_POINT ( 'NONE',  ( 0.7283464566929134243, -2.806290851491614486E-13, 3.909676308136918217E-17 ) ) ;
#1393 = VERTEX_POINT ( 'NONE', #1928 ) ;
#1394 = VERTEX_POINT ( 'NONE', #4788 ) ;
#1395 = ORIENTED_EDGE ( 'NONE', *, *, #2438, .F. ) ;
#1396 = LENGTH_MEASURE_WITH_UNIT ( LENGTH_MEASURE( 0.02539999999999999897 ), #2656 );
#1397 = VECTOR ( 'NONE', #4003, 39.37007874015748143 ) ;
#1398 = FILL_AREA_STYLE ('',( #2114 ) ) ;
#1399 = AXIS2_PLACEMENT_3D ( 'NONE', #739, #3202, #1637 ) ;
#1400 = ORIENTED_EDGE ( 'NONE', *, *, #4382, .F. ) ;
#1401 = PLANE ( 'NONE',  #142 ) ;
#1402 = FILL_AREA_STYLE ('',( #4609 ) ) ;
#1403 = ORIENTED_EDGE ( 'NONE', *, *, #2499, .F. ) ;
#1404 =( GEOMETRIC_REPRESENTATION_CONTEXT ( 3 ) GLOBAL_UNCERTAINTY_ASSIGNED_CONTEXT ( ( #4504 ) ) GLOBAL_UNIT_ASSIGNED_CONTEXT ( ( #707, #2710, #339 ) ) REPRESENTATION_CONTEXT ( 'NONE', 'WORKASPACE' ) );
#1405 = ADVANCED_FACE ( 'NONE', ( #2821, #4406 ), #97, .T. ) ;
#1406 = CARTESIAN_POINT ( 'NONE',  ( -6.199602650411811492E-17, 9.947430203385829444E-12, 0.2125984251968504046 ) ) ;
#1407 = DIMENSIONAL_EXPONENTS ( 1.000000000000000000, 0.0000000000000000000, 0.0000000000000000000, 0.0000000000000000000, 0.0000000000000000000, 0.0000000000000000000, 0.0000000000000000000 ) ;
#1408 = LINE ( 'NONE', #1823, #3604 ) ;
#1409 = AXIS2_PLACEMENT_3D ( 'NONE', #423, #3969, #4321 ) ;
#1410 = MECHANICAL_DESIGN_GEOMETRIC_PRESENTATION_REPRESENTATION (  '', ( #3450 ), #805 ) ;
#1411 = DIRECTION ( 'NONE',  ( -1.000000000000000000, 0.0000000000000000000, 0.0000000000000000000 ) ) ;
#1412 = DIRECTION ( 'NONE',  ( 0.0000000000000000000, -1.000000000000000000, 0.0000000000000000000 ) ) ;
#1413 = ADVANCED_FACE ( 'NONE', ( #404 ), #4827, .T. ) ;
#1414 = CIRCLE ( 'NONE', #4301, 0.2362204724409450174 ) ;
#1415 = DIRECTION ( 'NONE',  ( 0.0000000000000000000, 0.0000000000000000000, 1.000000000000000000 ) ) ;
#1416 = DIRECTION ( 'NONE',  ( -1.000000000000000000, 0.0000000000000000000, -3.166558725989409619E-16 ) ) ;
#1417 = COLOUR_RGB ( '',0.7607843137254901578, 0.7607843137254901578, 0.0000000000000000000 ) ;
#1418 = CIRCLE ( 'NONE', #3382, 0.2204724409446717215 ) ;
#1419 = CARTESIAN_POINT ( 'NONE',  ( 0.7283464566929134243, -0.06959712413253582586, -0.03810106114041126452 ) ) ;
#1420 = ORIENTED_EDGE ( 'NONE', *, *, #4636, .T. ) ;
#1421 = ORIENTED_EDGE ( 'NONE', *, *, #3844, .T. ) ;
#1422 = DIRECTION ( 'NONE',  ( 0.0000000000000000000, -0.5789969263969022562, -0.8153297242361154940 ) ) ;
#1423 = EDGE_CURVE ( 'NONE', #80, #1168, #4110, .T. ) ;
#1424 = CARTESIAN_POINT ( 'NONE',  ( 0.5590551181102362266, -4.268512490100411279E-18, -0.2165354330708666730 ) ) ;
#1425 = VERTEX_POINT ( 'NONE', #4026 ) ;
#1426 = CONICAL_SURFACE ( 'NONE', #4804, 0.3248031496062948609, 0.7853981633974942422 ) ;
#1427 = LINE ( 'NONE', #4210, #61 ) ;
#1428 = DIRECTION ( 'NONE',  ( 1.000000000000000000, 0.0000000000000000000, 0.0000000000000000000 ) ) ;
#1429 = ORIENTED_EDGE ( 'NONE', *, *, #2194, .T. ) ;
#1430 = DIRECTION ( 'NONE',  ( 0.0000000000000000000, 0.0000000000000000000, -1.000000000000000000 ) ) ;
#1431 = EDGE_LOOP ( 'NONE', ( #3315, #495, #3725, #2064, #4917, #4617, #2432, #3467 ) ) ;
#1432 = AXIS2_PLACEMENT_3D ( 'NONE', #1972, #2795, #818 ) ;
#1433 = CARTESIAN_POINT ( 'NONE',  ( 0.01968503937007873988, -2.048885995248197414E-16, -2.677211033790970164E-16 ) ) ;
#1434 =( GEOMETRIC_REPRESENTATION_CONTEXT ( 3 ) GLOBAL_UNCERTAINTY_ASSIGNED_CONTEXT ( ( #2263 ) ) GLOBAL_UNIT_ASSIGNED_CONTEXT ( ( #4334, #4414, #4797 ) ) REPRESENTATION_CONTEXT ( 'NONE', 'WORKASPACE' ) );
#1435 = EDGE_CURVE ( 'NONE', #3318, #4971, #3226, .T. ) ;
#1436 = DIRECTION ( 'NONE',  ( 1.000000000000000000, 0.0000000000000000000, 0.0000000000000000000 ) ) ;
#1437 =( BOUNDED_CURVE ( )  B_SPLINE_CURVE ( 2, ( #3664, #4832, #3692 ),
 .UNSPECIFIED., .F., .T. ) 
 B_SPLINE_CURVE_WITH_KNOTS ( ( 3, 3 ),
 ( 0.0000000000000000000, 1.000000000000000000 ),
 .UNSPECIFIED. ) 
 CURVE ( )  GEOMETRIC_REPRESENTATION_ITEM ( )  RATIONAL_B_SPLINE_CURVE ( ( 1.000000000000000000, 1.035714285714300020, 1.035714285714300020 ) ) 
 REPRESENTATION_ITEM ( '' )  );
#1438 = CARTESIAN_POINT ( 'NONE',  ( 0.5741873909565953227, -0.2801433177048223144, 2.389334648846104426E-16 ) ) ;
#1439 = CARTESIAN_POINT ( 'NONE',  ( 0.7283464566929134243, -0.06959712413253542340, 0.06959712413253542340 ) ) ;
#1440 = DIRECTION ( 'NONE',  ( 0.0000000000000000000, 1.604619215278546562E-14, -1.000000000000000000 ) ) ;
#1441 = EDGE_CURVE ( 'NONE', #3369, #4267, #4285, .T. ) ;
#1442 = DIRECTION ( 'NONE',  ( -1.000000000000000000, 0.0000000000000000000, 0.0000000000000000000 ) ) ;
#1443 = CARTESIAN_POINT ( 'NONE',  ( 0.5236220472440944462, -0.2520779461861181181, 0.1537673028375551310 ) ) ;
#1444 = ORIENTED_EDGE ( 'NONE', *, *, #3380, .T. ) ;
#1445 = EDGE_CURVE ( 'NONE', #2375, #173, #1970, .T. ) ;
#1446 = EDGE_LOOP ( 'NONE', ( #3666, #3915, #1213, #3424 ) ) ;
#1447 = LENGTH_MEASURE_WITH_UNIT ( LENGTH_MEASURE( 0.02539999999999999897 ), #1838 );
#1448 = PRESENTATION_STYLE_ASSIGNMENT (( #4181 ) ) ;
#1449 = EDGE_LOOP ( 'NONE', ( #3903, #3972, #978, #4476, #1864, #1060, #4161, #5062 ) ) ;
#1450 = DIRECTION ( 'NONE',  ( 0.0000000000000000000, 1.000000000000000000, 0.0000000000000000000 ) ) ;
#1451 = ORIENTED_EDGE ( 'NONE', *, *, #2948, .T. ) ;
#1452 = DIRECTION ( 'NONE',  ( 1.000000000000000000, 0.0000000000000000000, 0.0000000000000000000 ) ) ;
#1453 = CARTESIAN_POINT ( 'NONE',  ( 0.7480314960629921295, 3.194554747591147815E-14, -5.122214988120493288E-16 ) ) ;
#1454 = EDGE_LOOP ( 'NONE', ( #3180, #4900, #4559, #4695 ) ) ;
#1455 = CARTESIAN_POINT ( 'NONE',  ( 0.4881889763779528879, -0.007127417435679527652, -0.2951895565497638096 ) ) ;
#1456 = CARTESIAN_POINT ( 'NONE',  ( 0.4685039370078740717, 0.09270243527843700926, -0.2595311356923307722 ) ) ;
#1457 = CARTESIAN_POINT ( 'NONE',  ( 1.239050206828582734E-16, -9.946953889268898237E-12, -0.2125984251968504046 ) ) ;
#1458 = FACE_OUTER_BOUND ( 'NONE', #4296, .T. ) ;
#1459 = FILL_AREA_STYLE ('',( #2688 ) ) ;
#1460 = AXIS2_PLACEMENT_3D ( 'NONE', #137, #1463, #194 ) ;
#1461 = ADVANCED_FACE ( 'NONE', ( #2453, #4056 ), #2793, .T. ) ;
#1462 = ORIENTED_EDGE ( 'NONE', *, *, #885, .F. ) ;
#1463 = DIRECTION ( 'NONE',  ( 1.000000000000000000, -8.307818714404406078E-16, 4.297021452344752068E-15 ) ) ;
#1464 = COLOUR_RGB ( '',0.7607843137254901578, 0.7607843137254901578, 0.0000000000000000000 ) ;
#1465 = FILL_AREA_STYLE ('',( #5083 ) ) ;
#1466 = MECHANICAL_DESIGN_GEOMETRIC_PRESENTATION_REPRESENTATION (  '', ( #785 ), #4273 ) ;
#1467 = EDGE_CURVE ( 'NONE', #1897, #3834, #3660, .T. ) ;
#1468 = ORIENTED_EDGE ( 'NONE', *, *, #4636, .F. ) ;
#1469 = CARTESIAN_POINT ( 'NONE',  ( 0.7480314960629921295, 0.2941524306248700649, -0.08106422609020866310 ) ) ;
#1470 = VERTEX_POINT ( 'NONE', #2867 ) ;
#1471 = ORIENTED_EDGE ( 'NONE', *, *, #4245, .T. ) ;
#1472 = CARTESIAN_POINT ( 'NONE',  ( 0.4833829516259448567, -0.06642192152459844290, 0.2125984251968504046 ) ) ;
#1473 = ADVANCED_FACE ( 'NONE', ( #4454 ), #1612, .F. ) ;
#1474 = CARTESIAN_POINT ( 'NONE',  ( 0.5787401574803149318, 0.09270243530559843514, -0.2595311356826299209 ) ) ;
#1475 = VERTEX_POINT ( 'NONE', #2019 ) ;
#1476 = FACE_OUTER_BOUND ( 'NONE', #3740, .T. ) ;
#1477 = STYLED_ITEM ( 'NONE', ( #3584 ), #1405 ) ;
#1478 = CARTESIAN_POINT ( 'NONE',  ( 0.7283464566929134243, 0.06959712413253542340, 0.06959712413253582586 ) ) ;
#1479 = ORIENTED_EDGE ( 'NONE', *, *, #2880, .F. ) ;
#1480 = CARTESIAN_POINT ( 'NONE',  ( 0.7480314960629921295, 0.2172798944446771852, 0.2142113644609763834 ) ) ;
#1481 = CIRCLE ( 'NONE', #3443, 0.2125984251968503769 ) ;
#1482 = PRESENTATION_STYLE_ASSIGNMENT (( #3504 ) ) ;
#1483 = DIRECTION ( 'NONE',  ( -1.000000000000000000, 0.0000000000000000000, 0.0000000000000000000 ) ) ;
#1484 = CARTESIAN_POINT ( 'NONE',  ( 0.4685039370078740717, 0.09270243527843700926, -0.2595311356923307722 ) ) ;
#1485 = DIRECTION ( 'NONE',  ( -1.000000000000000000, 0.0000000000000000000, 0.0000000000000000000 ) ) ;
#1486 = PRESENTATION_LAYER_ASSIGNMENT (  '', '', ( #3700 ) ) ;
#1487 = ORIENTED_EDGE ( 'NONE', *, *, #4595, .F. ) ;
#1488 = CIRCLE ( 'NONE', #410, 0.3051181102362277575 ) ;
#1489 = MECHANICAL_DESIGN_GEOMETRIC_PRESENTATION_REPRESENTATION (  '', ( #4463 ), #5094 ) ;
#1490 = SURFACE_STYLE_USAGE ( .BOTH. , #3085 ) ;
#1491 =( GEOMETRIC_REPRESENTATION_CONTEXT ( 3 ) GLOBAL_UNCERTAINTY_ASSIGNED_CONTEXT ( ( #1863 ) ) GLOBAL_UNIT_ASSIGNED_CONTEXT ( ( #3106, #3159, #2362 ) ) REPRESENTATION_CONTEXT ( 'NONE', 'WORKASPACE' ) );
#1492 = CIRCLE ( 'NONE', #1246, 0.01968503937007802518 ) ;
#1493 = ORIENTED_EDGE ( 'NONE', *, *, #2469, .T. ) ;
#1494 = VECTOR ( 'NONE', #2833, 39.37007874015748854 ) ;
#1495 = CARTESIAN_POINT ( 'NONE',  ( 0.7480314960629921295, 5.544660704800984679E-18, -0.1811023622047244486 ) ) ;
#1496 = VERTEX_POINT ( 'NONE', #19 ) ;
#1497 = ADVANCED_FACE ( 'NONE', ( #3990 ), #5118, .F. ) ;
#1498 = DIRECTION ( 'NONE',  ( -1.000000000000000000, 0.0000000000000000000, 0.0000000000000000000 ) ) ;
#1499 = CIRCLE ( 'NONE', #4801, 0.3248031496064086587 ) ;
#1500 = AXIS2_PLACEMENT_3D ( 'NONE', #3627, #2497, #3705 ) ;
#1501 = FACE_OUTER_BOUND ( 'NONE', #4080, .T. ) ;
#1502 = ORIENTED_EDGE ( 'NONE', *, *, #3485, .T. ) ;
#1503 = LINE ( 'NONE', #1114, #4045 ) ;
#1504 = DIRECTION ( 'NONE',  ( 3.154042683594526442E-16, -0.1898237547074629605, -0.9818181818181821452 ) ) ;
#1505 = EDGE_CURVE ( 'NONE', #2763, #1137, #4163, .T. ) ;
#1506 = ORIENTED_EDGE ( 'NONE', *, *, #1653, .F. ) ;
#1507 = CARTESIAN_POINT ( 'NONE',  ( 0.05905511811023622659, -0.06959712413253542340, -0.06959712413253464625 ) ) ;
#1508 = PRESENTATION_LAYER_ASSIGNMENT (  '', '', ( #417 ) ) ;
#1509 =( NAMED_UNIT ( * ) PLANE_ANGLE_UNIT ( ) SI_UNIT ( $, .RADIAN. ) );
#1510 = DIRECTION ( 'NONE',  ( 0.0000000000000000000, 0.0000000000000000000, 1.000000000000000000 ) ) ;
#1511 = ADVANCED_FACE ( 'NONE', ( #3514 ), #2720, .T. ) ;
#1512 = DIRECTION ( 'NONE',  ( 0.0000000000000000000, 1.000000000000000000, 6.238883837223497717E-11 ) ) ;
#1513 = DIRECTION ( 'NONE',  ( -6.938893903907228378E-15, -1.000000000000000000, 0.0000000000000000000 ) ) ;
#1514 =( LENGTH_UNIT ( ) NAMED_UNIT ( * ) SI_UNIT ( $, .METRE. ) );
#1515 = VERTEX_POINT ( 'NONE', #5141 ) ;
#1516 = AXIS2_PLACEMENT_3D ( 'NONE', #1259, #3234, #2005 ) ;
#1517 =( NAMED_UNIT ( * ) PLANE_ANGLE_UNIT ( ) SI_UNIT ( $, .RADIAN. ) );
#1518 = ORIENTED_EDGE ( 'NONE', *, *, #760, .F. ) ;
#1519 = LINE ( 'NONE', #1378, #570 ) ;
#1520 = VERTEX_POINT ( 'NONE', #4387 ) ;
#1521 = SURFACE_STYLE_USAGE ( .BOTH. , #1110 ) ;
#1522 = VERTEX_POINT ( 'NONE', #768 ) ;
#1523 = DIRECTION ( 'NONE',  ( -1.000000000000000000, -0.0000000000000000000, -0.0000000000000000000 ) ) ;
#1524 = EDGE_CURVE ( 'NONE', #1712, #1607, #1058, .T. ) ;
#1525 = CARTESIAN_POINT ( 'NONE',  ( 0.6692913385826771977, -4.540843586968817737E-14, 9.909778597017114623E-14 ) ) ;
#1526 = ORIENTED_EDGE ( 'NONE', *, *, #2831, .T. ) ;
#1527 = LINE ( 'NONE', #2590, #2732 ) ;
#1528 = DIRECTION ( 'NONE',  ( 1.000000000000000000, 0.0000000000000000000, 0.0000000000000000000 ) ) ;
#1529 = ORIENTED_EDGE ( 'NONE', *, *, #1086, .F. ) ;
#1530 = FACE_OUTER_BOUND ( 'NONE', #2758, .T. ) ;
#1531 = DIMENSIONAL_EXPONENTS ( 1.000000000000000000, 0.0000000000000000000, 0.0000000000000000000, 0.0000000000000000000, 0.0000000000000000000, 0.0000000000000000000, 0.0000000000000000000 ) ;
#1532 = EDGE_CURVE ( 'NONE', #119, #2970, #4690, .T. ) ;
#1533 = CARTESIAN_POINT ( 'NONE',  ( 0.8661417322834645827, 0.06959712413253622831, -0.06959712413253622831 ) ) ;
#1534 = LINE ( 'NONE', #2794, #884 ) ;
#1535 = DIRECTION ( 'NONE',  ( -2.312964634635744929E-16, 9.629649721936187476E-33, -1.000000000000000000 ) ) ;
#1536 = EDGE_CURVE ( 'NONE', #66, #2486, #1619, .T. ) ;
#1537 = ORIENTED_EDGE ( 'NONE', *, *, #2090, .T. ) ;
#1538 = DIRECTION ( 'NONE',  ( 0.0000000000000000000, 1.604619215278546562E-14, -1.000000000000000000 ) ) ;
#1539 = MECHANICAL_DESIGN_GEOMETRIC_PRESENTATION_REPRESENTATION (  '', ( #3095 ), #2281 ) ;
#1540 = SURFACE_STYLE_USAGE ( .BOTH. , #2830 ) ;
#1541 = LENGTH_MEASURE_WITH_UNIT ( LENGTH_MEASURE( 0.02539999999999999897 ), #3466 );
#1542 =( GEOMETRIC_REPRESENTATION_CONTEXT ( 3 ) GLOBAL_UNCERTAINTY_ASSIGNED_CONTEXT ( ( #3980 ) ) GLOBAL_UNIT_ASSIGNED_CONTEXT ( ( #2023, #5140, #4764 ) ) REPRESENTATION_CONTEXT ( 'NONE', 'WORKASPACE' ) );
#1543 = ORIENTED_EDGE ( 'NONE', *, *, #3108, .F. ) ;
#1544 = CARTESIAN_POINT ( 'NONE',  ( 0.4881889763779528879, 0.2520779461861181181, -0.1537673028375551310 ) ) ;
#1545 = ORIENTED_EDGE ( 'NONE', *, *, #40, .F. ) ;
#1546 = FACE_OUTER_BOUND ( 'NONE', #1955, .T. ) ;
#1547 = AXIS2_PLACEMENT_3D ( 'NONE', #374, #5104, #1998 ) ;
#1548 = LENGTH_MEASURE_WITH_UNIT ( LENGTH_MEASURE( 0.02539999999999999897 ), #4673 );
#1549 = UNCERTAINTY_MEASURE_WITH_UNIT (LENGTH_MEASURE( 1.000000000000000082E-05 ), #2935, 'distance_accuracy_value', 'NONE');
#1550 = DIRECTION ( 'NONE',  ( -6.938893903907228378E-15, 0.0000000000000000000, 1.000000000000000000 ) ) ;
#1551 = ORIENTED_EDGE ( 'NONE', *, *, #3926, .T. ) ;
#1552 = CARTESIAN_POINT ( 'NONE',  ( 0.8661417322834645827, -0.06959712413253582586, -0.06959712413253504870 ) ) ;
#1553 = DIRECTION ( 'NONE',  ( 1.000000000000000000, 0.0000000000000000000, 0.0000000000000000000 ) ) ;
#1554 = ORIENTED_EDGE ( 'NONE', *, *, #1536, .F. ) ;
#1555 = FACE_OUTER_BOUND ( 'NONE', #5039, .T. ) ;
#1556 = CIRCLE ( 'NONE', #2870, 0.2165354330708666453 ) ;
#1557 = ORIENTED_EDGE ( 'NONE', *, *, #567, .T. ) ;
#1558 =( NAMED_UNIT ( * ) SI_UNIT ( $, .STERADIAN. ) SOLID_ANGLE_UNIT ( ) );
#1559 = VECTOR ( 'NONE', #668, 39.37007874015748143 ) ;
#1560 = CARTESIAN_POINT ( 'NONE',  ( 0.4685039370078740717, 0.2711117742252126539, -0.04948290388367323350 ) ) ;
#1561 = ADVANCED_FACE ( 'NONE', ( #4798 ), #1227, .T. ) ;
#1562 = AXIS2_PLACEMENT_3D ( 'NONE', #2537, #4037, #486 ) ;
#1563 = ORIENTED_EDGE ( 'NONE', *, *, #4644, .F. ) ;
#1564 = FACE_OUTER_BOUND ( 'NONE', #4628, .T. ) ;
#1565 = DIRECTION ( 'NONE',  ( 0.0000000000000000000, 0.0000000000000000000, 1.000000000000000000 ) ) ;
#1566 = CIRCLE ( 'NONE', #1977, 0.03149606299212658750 ) ;
#1567 =( LENGTH_UNIT ( ) NAMED_UNIT ( * ) SI_UNIT ( $, .METRE. ) );
#1568 = EDGE_CURVE ( 'NONE', #3948, #3761, #1203, .T. ) ;
#1569 = CIRCLE ( 'NONE', #900, 0.03149606299212658750 ) ;
#1570 = ORIENTED_EDGE ( 'NONE', *, *, #695, .F. ) ;
#1571 = DIRECTION ( 'NONE',  ( 0.0000000000000000000, 0.3363774080760312812, -0.9417272637744175112 ) ) ;
#1572 = ORIENTED_EDGE ( 'NONE', *, *, #240, .T. ) ;
#1573 = LENGTH_MEASURE_WITH_UNIT ( LENGTH_MEASURE( 0.02539999999999999897 ), #3917 );
#1574 = CIRCLE ( 'NONE', #2470, 0.2952755905511982859 ) ;
#1575 = FACE_OUTER_BOUND ( 'NONE', #938, .T. ) ;
#1576 = CYLINDRICAL_SURFACE ( 'NONE', #1500, 0.01968503937007873988 ) ;
#1577 = VECTOR ( 'NONE', #947, 39.37007874015748143 ) ;
#1578 = CIRCLE ( 'NONE', #645, 0.2755905511811049258 ) ;
#1579 =( NAMED_UNIT ( * ) SI_UNIT ( $, .STERADIAN. ) SOLID_ANGLE_UNIT ( ) );
#1580 = EDGE_CURVE ( 'NONE', #4971, #3040, #4848, .T. ) ;
#1581 = EDGE_LOOP ( 'NONE', ( #927, #4777, #2340, #358 ) ) ;
#1582 = PRESENTATION_STYLE_ASSIGNMENT (( #12 ) ) ;
#1583 = DIRECTION ( 'NONE',  ( -2.312964634635744929E-16, 9.629649721936187476E-33, -1.000000000000000000 ) ) ;
#1584 = ORIENTED_EDGE ( 'NONE', *, *, #4471, .F. ) ;
#1585 = COLOUR_RGB ( '',0.7607843137254901578, 0.7607843137254901578, 0.0000000000000000000 ) ;
#1586 = DIRECTION ( 'NONE',  ( 1.000000000000000000, 0.0000000000000000000, 0.0000000000000000000 ) ) ;
#1587 = DIRECTION ( 'NONE',  ( 0.0000000000000000000, 0.1795522512341939103, 0.9837484379030712045 ) ) ;
#1588 = DIRECTION ( 'NONE',  ( 0.0000000000000000000, 0.0000000000000000000, 1.000000000000000000 ) ) ;
#1589 = CARTESIAN_POINT ( 'NONE',  ( 0.4724409448850394044, -5.975917486140575174E-17, 0.0000000000000000000 ) ) ;
#1590 = LINE ( 'NONE', #740, #3454 ) ;
#1591 = AXIS2_PLACEMENT_3D ( 'NONE', #4868, #4516, #2304 ) ;
#1592 = ORIENTED_EDGE ( 'NONE', *, *, #3605, .F. ) ;
#1593 = EDGE_CURVE ( 'NONE', #2446, #4232, #1691, .T. ) ;
#1594 = SURFACE_SIDE_STYLE ('',( #4740 ) ) ;
#1595 = AXIS2_PLACEMENT_3D ( 'NONE', #450, #1689, #3985 ) ;
#1596 = ORIENTED_EDGE ( 'NONE', *, *, #885, .T. ) ;
#1597 = EDGE_CURVE ( 'NONE', #3562, #3109, #292, .T. ) ;
#1598 = CARTESIAN_POINT ( 'NONE',  ( 0.4685039370078740717, 0.1784093389286417197, 0.2100482318024803619 ) ) ;
#1599 = EDGE_LOOP ( 'NONE', ( #387, #2564, #2205, #1837, #1506 ) ) ;
#1600 = DIRECTION ( 'NONE',  ( 1.000000000000000000, 0.0000000000000000000, 0.0000000000000000000 ) ) ;
#1601 = CARTESIAN_POINT ( 'NONE',  ( 0.5590551181102362266, -0.2520779461861181181, 0.1537673028375551310 ) ) ;
#1602 =( BOUNDED_CURVE ( )  B_SPLINE_CURVE ( 2, ( #3166, #1624, #3190 ),
 .UNSPECIFIED., .F., .T. ) 
 B_SPLINE_CURVE_WITH_KNOTS ( ( 3, 3 ),
 ( 0.0000000000000000000, 1.000000000000000000 ),
 .UNSPECIFIED. ) 
 CURVE ( )  GEOMETRIC_REPRESENTATION_ITEM ( )  RATIONAL_B_SPLINE_CURVE ( ( 1.000000000000000000, 1.035714285714300020, 1.035714285714300020 ) ) 
 REPRESENTATION_ITEM ( '' )  );
#1603 = CARTESIAN_POINT ( 'NONE',  ( 0.8661417322834645827, 0.06959712413253542340, -0.1010931871246616293 ) ) ;
#1604 = EDGE_CURVE ( 'NONE', #425, #129, #2204, .T. ) ;
#1605 = UNCERTAINTY_MEASURE_WITH_UNIT (LENGTH_MEASURE( 1.000000000000000082E-05 ), #4996, 'distance_accuracy_value', 'NONE');
#1606 = CARTESIAN_POINT ( 'NONE',  ( 0.5787401574803149318, -0.2174143163667519862, -0.1769184492761101679 ) ) ;
#1607 = VERTEX_POINT ( 'NONE', #2155 ) ;
#1608 = DIRECTION ( 'NONE',  ( -1.000000000000000000, -4.762584701235739047E-14, 0.0000000000000000000 ) ) ;
#1609 = ORIENTED_EDGE ( 'NONE', *, *, #3568, .T. ) ;
#1610 = FILL_AREA_STYLE ('',( #3530 ) ) ;
#1611 = DIRECTION ( 'NONE',  ( -7.434529182757834142E-16, -0.6473710298263809504, -0.7621750125407752430 ) ) ;
#1612 = CYLINDRICAL_SURFACE ( 'NONE', #4025, 0.1633858267716535584 ) ;
#1613 = DIRECTION ( 'NONE',  ( -1.000000000000000000, 0.0000000000000000000, 0.0000000000000000000 ) ) ;
#1614 = LINE ( 'NONE', #4761, #2334 ) ;
#1615 = CARTESIAN_POINT ( 'NONE',  ( 0.05905511811023622659, -0.06959712413253542340, -0.06959712413253464625 ) ) ;
#1616 = EDGE_LOOP ( 'NONE', ( #2908, #4340, #2316, #14, #747, #3572 ) ) ;
#1617 = PRESENTATION_STYLE_ASSIGNMENT (( #83 ) ) ;
#1618 = CARTESIAN_POINT ( 'NONE',  ( 0.3110236220472441526, 6.181466372770866908E-18, 3.956012536440165301E-17 ) ) ;
#1619 = LINE ( 'NONE', #3183, #3942 ) ;
#1620 = FACE_BOUND ( 'NONE', #708, .T. ) ;
#1621 = DIRECTION ( 'NONE',  ( 1.000000000000000000, 0.0000000000000000000, 0.0000000000000000000 ) ) ;
#1622 = CARTESIAN_POINT ( 'NONE',  ( 0.9645669291338578866, -0.06959712413253538177, -0.08928216350261344858 ) ) ;
#1623 = FILL_AREA_STYLE_COLOUR ( '', #4963 ) ;
#1624 = CARTESIAN_POINT ( 'NONE',  ( 0.4685039370078740162, -0.2803005187958739763, -0.0008612887151002360632 ) ) ;
#1625 = AXIS2_PLACEMENT_3D ( 'NONE', #4800, #59, #1677 ) ;
#1626 = FILL_AREA_STYLE_COLOUR ( '', #1390 ) ;
#1627 = MECHANICAL_DESIGN_GEOMETRIC_PRESENTATION_REPRESENTATION (  '', ( #1879 ), #1542 ) ;
#1628 = EDGE_LOOP ( 'NONE', ( #2172, #4031, #600, #4108 ) ) ;
#1629 = CARTESIAN_POINT ( 'NONE',  ( 0.5590551181102362266, -0.2592053636217991897, -0.1414222537122086787 ) ) ;
#1630 = ORIENTED_EDGE ( 'NONE', *, *, #172, .T. ) ;
#1631 = CARTESIAN_POINT ( 'NONE',  ( 0.5629921259844082870, -4.883178288674870459E-14, 9.453232700450215971E-17 ) ) ;
#1632 = EDGE_CURVE ( 'NONE', #3205, #4822, #2384, .T. ) ;
#1633 = AXIS2_PLACEMENT_3D ( 'NONE', #403, #2066, #3638 ) ;
#1634 = ORIENTED_EDGE ( 'NONE', *, *, #182, .T. ) ;
#1635 = FILL_AREA_STYLE_COLOUR ( '', #3036 ) ;
#1636 = DIRECTION ( 'NONE',  ( -6.938893903907228378E-15, 0.0000000000000000000, 1.000000000000000000 ) ) ;
#1637 = DIRECTION ( 'NONE',  ( 0.0000000000000000000, -0.9417272637744167341, -0.3363774080760331131 ) ) ;
#1638 = DIRECTION ( 'NONE',  ( -1.000000000000000000, 6.938893903907219700E-15, -6.938893903907219700E-15 ) ) ;
#1639 = AXIS2_PLACEMENT_3D ( 'NONE', #1433, #4087, #3305 ) ;
#1640 = ORIENTED_EDGE ( 'NONE', *, *, #4272, .F. ) ;
#1641 = FACE_OUTER_BOUND ( 'NONE', #1446, .T. ) ;
#1642 = DIRECTION ( 'NONE',  ( -1.000000000000000000, -1.625817071376187368E-15, -5.807287879543673085E-16 ) ) ;
#1643 = CARTESIAN_POINT ( 'NONE',  ( 0.0000000000000000000, 0.0000000000000000000, 0.0000000000000000000 ) ) ;
#1644 = DIRECTION ( 'NONE',  ( 0.0000000000000000000, 0.0000000000000000000, 1.000000000000000000 ) ) ;
#1645 = AXIS2_PLACEMENT_3D ( 'NONE', #1715, #3279, #1336 ) ;
#1646 = CARTESIAN_POINT ( 'NONE',  ( 0.7480314960629921295, 2.772330352400502046E-17, 0.1811023622047244486 ) ) ;
#1647 = DIRECTION ( 'NONE',  ( -1.000000000000000000, 0.0000000000000000000, 0.0000000000000000000 ) ) ;
#1648 = CARTESIAN_POINT ( 'NONE',  ( 0.6567380015085433342, 0.3083058047388701484, 0.05654986302622835859 ) ) ;
#1649 = AXIS2_PLACEMENT_3D ( 'NONE', #5097, #3120, #1583 ) ;
#1650 = MECHANICAL_DESIGN_GEOMETRIC_PRESENTATION_REPRESENTATION (  '', ( #3636 ), #4393 ) ;
#1651 = FILL_AREA_STYLE ('',( #442 ) ) ;
#1652 = AXIS2_PLACEMENT_3D ( 'NONE', #862, #4050, #1349 ) ;
#1653 = EDGE_CURVE ( 'NONE', #4715, #1957, #4032, .T. ) ;
#1654 = ORIENTED_EDGE ( 'NONE', *, *, #4471, .T. ) ;
#1655 = LINE ( 'NONE', #3218, #4052 ) ;
#1656 =( CONVERSION_BASED_UNIT ( 'INCH', #41 ) LENGTH_UNIT ( ) NAMED_UNIT ( #316 ) );
#1657 = ORIENTED_EDGE ( 'NONE', *, *, #1766, .F. ) ;
#1658 =( CONVERSION_BASED_UNIT ( 'INCH', #4503 ) LENGTH_UNIT ( ) NAMED_UNIT ( #1271 ) );
#1659 = CONICAL_SURFACE ( 'NONE', #1742, 0.3248031496062991907, 0.7853981633974482790 ) ;
#1660 = FACE_OUTER_BOUND ( 'NONE', #3815, .T. ) ;
#1661 = ADVANCED_FACE ( 'NONE', ( #2876 ), #3730, .T. ) ;
#1662 = EDGE_CURVE ( 'NONE', #1670, #3318, #2742, .T. ) ;
#1663 = DIRECTION ( 'NONE',  ( -4.100255488672884424E-15, -0.1898237547074628218, -0.9818181818181821452 ) ) ;
#1664 = CARTESIAN_POINT ( 'NONE',  ( 0.3110236220472441526, 0.02165354330708661734, 0.1377952755905511861 ) ) ;
#1665 = AXIS2_PLACEMENT_3D ( 'NONE', #2981, #563, #2538 ) ;
#1666 = FACE_OUTER_BOUND ( 'NONE', #4402, .T. ) ;
#1667 = ORIENTED_EDGE ( 'NONE', *, *, #1927, .F. ) ;
#1668 = DIRECTION ( 'NONE',  ( 0.0000000000000000000, 0.3363774080760480456, -0.9417272637744115160 ) ) ;
#1669 = MECHANICAL_DESIGN_GEOMETRIC_PRESENTATION_REPRESENTATION (  '', ( #3465 ), #3128 ) ;
#1670 = VERTEX_POINT ( 'NONE', #561 ) ;
#1671 = PRESENTATION_STYLE_ASSIGNMENT (( #4795 ) ) ;
#1672 = ADVANCED_FACE ( 'NONE', ( #1306 ), #2101, .F. ) ;
#1673 = DIRECTION ( 'NONE',  ( 1.000000000000000000, 0.0000000000000000000, 0.0000000000000000000 ) ) ;
#1674 = AXIS2_PLACEMENT_3D ( 'NONE', #4978, #3046, #3476 ) ;
#1675 = DIRECTION ( 'NONE',  ( 3.154042683594526442E-16, -0.1898237547074629605, -0.9818181818181821452 ) ) ;
#1676 =( GEOMETRIC_REPRESENTATION_CONTEXT ( 3 ) GLOBAL_UNCERTAINTY_ASSIGNED_CONTEXT ( ( #2108 ) ) GLOBAL_UNIT_ASSIGNED_CONTEXT ( ( #3909, #2544, #1777 ) ) REPRESENTATION_CONTEXT ( 'NONE', 'WORKASPACE' ) );
#1677 = DIRECTION ( 'NONE',  ( 0.0000000000000000000, 0.0000000000000000000, 1.000000000000000000 ) ) ;
#1678 = CARTESIAN_POINT ( 'NONE',  ( 0.5236220472440944462, -0.04110356893272047035, -0.2125984251968504046 ) ) ;
#1679 = ORIENTED_EDGE ( 'NONE', *, *, #2624, .F. ) ;
#1680 = CARTESIAN_POINT ( 'NONE',  ( -0.03937007874015747977, 6.181466372770866908E-18, 4.088602248946267809E-17 ) ) ;
#1681 = FILL_AREA_STYLE ('',( #497 ) ) ;
#1682 = VERTEX_POINT ( 'NONE', #4249 ) ;
#1683 = CARTESIAN_POINT ( 'NONE',  ( 0.8661417322834645827, 6.231994087446635113E-16, -9.057310782947853548E-17 ) ) ;
#1684 = CARTESIAN_POINT ( 'NONE',  ( 0.5590551181064847830, -1.053643464717626553E-11, 0.2165354330718336218 ) ) ;
#1685 = DIRECTION ( 'NONE',  ( 0.0000000000000000000, -0.9417272637744141806, -0.3363774080760404406 ) ) ;
#1686 = FACE_BOUND ( 'NONE', #2464, .T. ) ;
#1687 =( LENGTH_UNIT ( ) NAMED_UNIT ( * ) SI_UNIT ( $, .METRE. ) );
#1688 = CARTESIAN_POINT ( 'NONE',  ( 0.6496062992125984925, 0.2165354330708663955, -9.061963276002006030E-16 ) ) ;
#1689 = DIRECTION ( 'NONE',  ( -1.000000000000000000, 1.387778780781445991E-14, -1.387778780781445991E-14 ) ) ;
#1690 = ORIENTED_EDGE ( 'NONE', *, *, #3974, .F. ) ;
#1691 =( BOUNDED_CURVE ( )  B_SPLINE_CURVE ( 2, ( #166, #4838, #4088 ),
 .UNSPECIFIED., .F., .T. ) 
 B_SPLINE_CURVE_WITH_KNOTS ( ( 3, 3 ),
 ( 0.0000000000000000000, 1.000000000000000000 ),
 .UNSPECIFIED. ) 
 CURVE ( )  GEOMETRIC_REPRESENTATION_ITEM ( )  RATIONAL_B_SPLINE_CURVE ( ( 1.032786885245899899, 1.020663065298099914, 1.000000000000000000 ) ) 
 REPRESENTATION_ITEM ( '' )  );
#1692 = ORIENTED_EDGE ( 'NONE', *, *, #333, .T. ) ;
#1693 = DIRECTION ( 'NONE',  ( 6.938893903907478447E-15, 0.0000000000000000000, 1.000000000000000000 ) ) ;
#1694 = CARTESIAN_POINT ( 'NONE',  ( 0.5236220472440944462, 0.09761331423562205623, 0.2786742098926378031 ) ) ;
#1695 = CARTESIAN_POINT ( 'NONE',  ( 0.6567380015085433342, -0.2031265203306811262, 0.2387257275249528299 ) ) ;
#1696 = CARTESIAN_POINT ( 'NONE',  ( 0.9842519685039372579, -0.06959712413253542340, -0.04991208476245739822 ) ) ;
#1697 = EDGE_CURVE ( 'NONE', #4784, #1759, #1481, .T. ) ;
#1698 = CARTESIAN_POINT ( 'NONE',  ( 0.6988188976377954775, 0.3233722997634527752, 0.03045392815166693065 ) ) ;
#1699 = DIRECTION ( 'NONE',  ( -1.000000000000000000, -0.0000000000000000000, -0.0000000000000000000 ) ) ;
#1700 =( NAMED_UNIT ( * ) PLANE_ANGLE_UNIT ( ) SI_UNIT ( $, .RADIAN. ) );
#1701 = SURFACE_STYLE_USAGE ( .BOTH. , #35 ) ;
#1702 =( CONVERSION_BASED_UNIT ( 'INCH', #4896 ) LENGTH_UNIT ( ) NAMED_UNIT ( #1136 ) );
#1703 = ORIENTED_EDGE ( 'NONE', *, *, #2865, .T. ) ;
#1704 = CARTESIAN_POINT ( 'NONE',  ( 0.6496062992125984925, 0.2172798944446771852, -0.2142113644609763834 ) ) ;
#1705 = DIRECTION ( 'NONE',  ( -1.000000000000000000, 0.0000000000000000000, 0.0000000000000000000 ) ) ;
#1706 = ORIENTED_EDGE ( 'NONE', *, *, #4936, .T. ) ;
#1707 = CARTESIAN_POINT ( 'NONE',  ( 0.5236220472440944462, 0.2592053636217991897, 0.1414222537122086787 ) ) ;
#1708 = CARTESIAN_POINT ( 'NONE',  ( 0.4685039370078740717, -0.2711117742252126539, 0.04948290388367323350 ) ) ;
#1709 =( NAMED_UNIT ( * ) SI_UNIT ( $, .STERADIAN. ) SOLID_ANGLE_UNIT ( ) );
#1710 = DIRECTION ( 'NONE',  ( 1.000000000000000000, 0.0000000000000000000, 0.0000000000000000000 ) ) ;
#1711 = CARTESIAN_POINT ( 'NONE',  ( 0.7283464566929134243, 0.0000000000000000000, 0.2066929133858267931 ) ) ;
#1712 = VERTEX_POINT ( 'NONE', #4983 ) ;
#1713 = DIRECTION ( 'NONE',  ( 0.0000000000000000000, 0.2519435379326118718, -0.9677419354838346921 ) ) ;
#1714 = ADVANCED_FACE ( 'NONE', ( #669, #3004 ), #1121, .T. ) ;
#1715 = CARTESIAN_POINT ( 'NONE',  ( 0.5787401574803149318, -0.2996807421026456697, -0.1070435519459882051 ) ) ;
#1716 = LINE ( 'NONE', #4535, #3213 ) ;
#1717 = DIRECTION ( 'NONE',  ( -1.000000000000000000, 0.0000000000000000000, 0.0000000000000000000 ) ) ;
#1718 = PRESENTATION_LAYER_ASSIGNMENT (  '', '', ( #3272 ) ) ;
#1719 = VERTEX_POINT ( 'NONE', #4169 ) ;
#1720 = AXIS2_PLACEMENT_3D ( 'NONE', #3649, #983, #4534 ) ;
#1721 = ADVANCED_FACE ( 'NONE', ( #2278 ), #4196, .T. ) ;
#1722 = EDGE_CURVE ( 'NONE', #2989, #1009, #4368, .T. ) ;
#1723 = LINE ( 'NONE', #4494, #5110 ) ;
#1724 = CARTESIAN_POINT ( 'NONE',  ( -0.01968503937007873988, -2.252707466650492196E-15, 0.1377952755905511861 ) ) ;
#1725 = AXIS2_PLACEMENT_3D ( 'NONE', #2484, #2046, #4429 ) ;
#1726 = VERTEX_POINT ( 'NONE', #1457 ) ;
#1727 = ORIENTED_EDGE ( 'NONE', *, *, #2040, .T. ) ;
#1728 = CARTESIAN_POINT ( 'NONE',  ( 0.4833829516259448567, 0.06642192152459844290, 0.2125984251968504046 ) ) ;
#1729 = AXIS2_PLACEMENT_3D ( 'NONE', #1453, #284, #3021 ) ;
#1730 =( NAMED_UNIT ( * ) PLANE_ANGLE_UNIT ( ) SI_UNIT ( $, .RADIAN. ) );
#1731 = EDGE_LOOP ( 'NONE', ( #4264, #848, #2910, #2728 ) ) ;
#1732 = CARTESIAN_POINT ( 'NONE',  ( 0.5590551181102362266, -0.1925322880287716476, 0.2238727148219606389 ) ) ;
#1733 = DIMENSIONAL_EXPONENTS ( 1.000000000000000000, 0.0000000000000000000, 0.0000000000000000000, 0.0000000000000000000, 0.0000000000000000000, 0.0000000000000000000, 0.0000000000000000000 ) ;
#1734 = MECHANICAL_DESIGN_GEOMETRIC_PRESENTATION_REPRESENTATION (  '', ( #2309 ), #1161 ) ;
#1735 = ORIENTED_EDGE ( 'NONE', *, *, #3328, .T. ) ;
#1736 = DIRECTION ( 'NONE',  ( -1.000000000000000000, 6.938893903907220489E-15, -6.938893903907220489E-15 ) ) ;
#1737 = DIRECTION ( 'NONE',  ( -1.000000000000000000, -0.0000000000000000000, -0.0000000000000000000 ) ) ;
#1738 = CARTESIAN_POINT ( 'NONE',  ( 0.6567380015085433342, -0.2031265203306811262, -0.2387257275249528299 ) ) ;
#1739 = ORIENTED_EDGE ( 'NONE', *, *, #3510, .T. ) ;
#1740 = AXIS2_PLACEMENT_3D ( 'NONE', #2436, #4437, #1675 ) ;
#1741 = DIRECTION ( 'NONE',  ( 0.0000000000000000000, 0.4165977904505330232, -0.9090909090909080614 ) ) ;
#1742 = AXIS2_PLACEMENT_3D ( 'NONE', #1875, #3855, #3404 ) ;
#1743 = ORIENTED_EDGE ( 'NONE', *, *, #2782, .T. ) ;
#1744 = AXIS2_PLACEMENT_3D ( 'NONE', #1439, #3006, #4592 ) ;
#1745 = CARTESIAN_POINT ( 'NONE',  ( 0.7480314960629921295, -5.122214988120493535E-17, 0.2952755905511810774 ) ) ;
#1746 = AXIS2_PLACEMENT_3D ( 'NONE', #1942, #1586, #3093 ) ;
#1747 = DIRECTION ( 'NONE',  ( -1.000000000000000000, 6.938893903907229955E-15, -6.938893903907229955E-15 ) ) ;
#1748 =( NAMED_UNIT ( * ) SI_UNIT ( $, .STERADIAN. ) SOLID_ANGLE_UNIT ( ) );
#1749 = DIRECTION ( 'NONE',  ( 3.154042683594230126E-16, 0.1898237547074605458, 0.9818181818181827003 ) ) ;
#1750 =( GEOMETRIC_REPRESENTATION_CONTEXT ( 3 ) GLOBAL_UNCERTAINTY_ASSIGNED_CONTEXT ( ( #2269 ) ) GLOBAL_UNIT_ASSIGNED_CONTEXT ( ( #2694, #4281, #2259 ) ) REPRESENTATION_CONTEXT ( 'NONE', 'WORKASPACE' ) );
#1751 = CARTESIAN_POINT ( 'NONE',  ( 0.5590551181102362266, 0.2520779461861181181, -0.1537673028375551310 ) ) ;
#1752 = CONICAL_SURFACE ( 'NONE', #2160, 0.2952755905511711965, 0.7853981633973590171 ) ;
#1753 = EDGE_CURVE ( 'NONE', #4957, #1607, #2199, .T. ) ;
#1754 = DIRECTION ( 'NONE',  ( -1.000000000000000000, 0.0000000000000000000, 0.0000000000000000000 ) ) ;
#1755 = PRESENTATION_LAYER_ASSIGNMENT (  '', '', ( #63 ) ) ;
#1756 = SURFACE_STYLE_USAGE ( .BOTH. , #2030 ) ;
#1757 = VECTOR ( 'NONE', #1187, 39.37007874015748143 ) ;
#1758 = EDGE_CURVE ( 'NONE', #2837, #3979, #3154, .T. ) ;
#1759 = VERTEX_POINT ( 'NONE', #2355 ) ;
#1760 = CARTESIAN_POINT ( 'NONE',  ( 0.7283464566929134243, 0.1880600253060945026, 0.2648216623995157670 ) ) ;
#1761 = EDGE_LOOP ( 'NONE', ( #2271, #2561, #1557, #1858 ) ) ;
#1762 = COLOUR_RGB ( '',0.7921568627450980005, 0.8196078431372548767, 0.9333333333333333481 ) ;
#1763 = CARTESIAN_POINT ( 'NONE',  ( 0.7283464566929134243, -0.3233722997634527752, 0.03045392815166693065 ) ) ;
#1764 = SURFACE_STYLE_FILL_AREA ( #2606 ) ;
#1765 = ORIENTED_EDGE ( 'NONE', *, *, #1423, .T. ) ;
#1766 = EDGE_CURVE ( 'NONE', #5123, #2088, #5088, .T. ) ;
#1767 = UNCERTAINTY_MEASURE_WITH_UNIT (LENGTH_MEASURE( 1.000000000000000082E-05 ), #2305, 'distance_accuracy_value', 'NONE');
#1768 = VERTEX_POINT ( 'NONE', #1219 ) ;
#1769 = DIRECTION ( 'NONE',  ( 1.000000000000000000, -1.400152807812190293E-16, -2.956210905352825143E-16 ) ) ;
#1770 = DIRECTION ( 'NONE',  ( -1.000000000000000000, 6.938893903907220489E-15, -6.938893903907220489E-15 ) ) ;
#1771 = CARTESIAN_POINT ( 'NONE',  ( 0.7480314960629921295, 0.2941524306248700649, -0.08106422609020866310 ) ) ;
#1772 =( BOUNDED_CURVE ( )  B_SPLINE_CURVE ( 2, ( #3336, #3758, #4123 ),
 .UNSPECIFIED., .F., .F. ) 
 B_SPLINE_CURVE_WITH_KNOTS ( ( 3, 3 ),
 ( 0.0000000000000000000, 1.000000000000000000 ),
 .UNSPECIFIED. ) 
 CURVE ( )  GEOMETRIC_REPRESENTATION_ITEM ( )  RATIONAL_B_SPLINE_CURVE ( ( 1.032786885245899899, 1.020663065298099914, 1.000000000000000000 ) ) 
 REPRESENTATION_ITEM ( '' )  );
#1773 = CARTESIAN_POINT ( 'NONE',  ( 0.9645669291338583307, 0.06959712413253542340, -0.06959712413253542340 ) ) ;
#1774 = DIRECTION ( 'NONE',  ( 0.0000000000000000000, 0.0000000000000000000, -1.000000000000000000 ) ) ;
#1775 = PRESENTATION_STYLE_ASSIGNMENT (( #168 ) ) ;
#1776 = CARTESIAN_POINT ( 'NONE',  ( 0.6496062992125984925, 0.2172798944446771852, -0.2142113644609763834 ) ) ;
#1777 =( NAMED_UNIT ( * ) SI_UNIT ( $, .STERADIAN. ) SOLID_ANGLE_UNIT ( ) );
#1778 = EDGE_CURVE ( 'NONE', #5089, #1168, #2408, .T. ) ;
#1779 = DIRECTION ( 'NONE',  ( 0.0000000000000000000, -0.7121173314702535784, -0.7020604719108496372 ) ) ;
#1780 = ORIENTED_EDGE ( 'NONE', *, *, #3809, .T. ) ;
#1781 = ORIENTED_EDGE ( 'NONE', *, *, #48, .F. ) ;
#1782 =( CONVERSION_BASED_UNIT ( 'INCH', #2962 ) LENGTH_UNIT ( ) NAMED_UNIT ( #2986 ) );
#1783 = EDGE_CURVE ( 'NONE', #1891, #579, #2958, .T. ) ;
#1784 = ORIENTED_EDGE ( 'NONE', *, *, #1315, .T. ) ;
#1785 = PRESENTATION_STYLE_ASSIGNMENT (( #4629 ) ) ;
#1786 = SURFACE_SIDE_STYLE ('',( #96 ) ) ;
#1787 = CIRCLE ( 'NONE', #3018, 0.2755905511810990416 ) ;
#1788 = ORIENTED_EDGE ( 'NONE', *, *, #3008, .T. ) ;
#1789 = DIRECTION ( 'NONE',  ( 0.0000000000000000000, 0.0000000000000000000, 1.000000000000000000 ) ) ;
#1790 = EDGE_CURVE ( 'NONE', #3892, #972, #1534, .T. ) ;
#1791 = DIRECTION ( 'NONE',  ( 0.0000000000000000000, 0.0000000000000000000, -1.000000000000000000 ) ) ;
#1792 = EDGE_LOOP ( 'NONE', ( #4346, #3489 ) ) ;
#1793 = SURFACE_STYLE_USAGE ( .BOTH. , #664 ) ;
#1794 = CARTESIAN_POINT ( 'NONE',  ( 0.6496062992125984925, -3.628235616585349371E-16, -8.229692080913592674E-15 ) ) ;
#1795 = CARTESIAN_POINT ( 'NONE',  ( 0.9842519685039369248, 0.06959712413253542340, -0.04991208476245669046 ) ) ;
#1796 =( BOUNDED_CURVE ( )  B_SPLINE_CURVE ( 2, ( #2203, #572, #3738 ),
 .UNSPECIFIED., .F., .T. ) 
 B_SPLINE_CURVE_WITH_KNOTS ( ( 3, 3 ),
 ( 0.0000000000000000000, 1.000000000000000000 ),
 .UNSPECIFIED. ) 
 CURVE ( )  GEOMETRIC_REPRESENTATION_ITEM ( )  RATIONAL_B_SPLINE_CURVE ( ( 1.000000000000000000, 1.035714285714300020, 1.035714285714300020 ) ) 
 REPRESENTATION_ITEM ( '' )  );
#1797 = CARTESIAN_POINT ( 'NONE',  ( 0.9645669291338583307, 0.06959712413253542340, -0.06959712413253563157 ) ) ;
#1798 = CARTESIAN_POINT ( 'NONE',  ( 0.5590551181102362266, 0.2901456022643937871, 0.05480149507067716419 ) ) ;
#1799 = VECTOR ( 'NONE', #965, 39.37007874015748143 ) ;
#1800 = FACE_OUTER_BOUND ( 'NONE', #574, .T. ) ;
#1801 = ADVANCED_FACE ( 'NONE', ( #4377 ), #3928, .F. ) ;
#1802 = AXIS2_PLACEMENT_3D ( 'NONE', #4908, #637, #3776 ) ;
#1803 = DIMENSIONAL_EXPONENTS ( 1.000000000000000000, 0.0000000000000000000, 0.0000000000000000000, 0.0000000000000000000, 0.0000000000000000000, 0.0000000000000000000, 0.0000000000000000000 ) ;
#1804 = CARTESIAN_POINT ( 'NONE',  ( 0.5787401574803149318, 0.04450871328788580383, -0.2767455457580906275 ) ) ;
#1805 = VERTEX_POINT ( 'NONE', #4710 ) ;
#1806 = CONICAL_SURFACE ( 'NONE', #3936, 0.2952755905511822432, 0.7853981633974491672 ) ;
#1807 = CARTESIAN_POINT ( 'NONE',  ( 0.8661417322834645827, 0.06959712413253542340, 0.1010931871246618097 ) ) ;
#1808 = ORIENTED_EDGE ( 'NONE', *, *, #2574, .F. ) ;
#1809 = DIRECTION ( 'NONE',  ( -1.000000000000000000, 6.938893903907280442E-15, -6.938893903907209445E-15 ) ) ;
#1810 = DIRECTION ( 'NONE',  ( -1.000000000000000000, -0.0000000000000000000, -0.0000000000000000000 ) ) ;
#1811 = EDGE_LOOP ( 'NONE', ( #94, #3347 ) ) ;
#1812 = CYLINDRICAL_SURFACE ( 'NONE', #301, 0.01968503937007984317 ) ;
#1813 = PRESENTATION_LAYER_ASSIGNMENT (  '', '', ( #1228 ) ) ;
#1814 = ADVANCED_FACE ( 'NONE', ( #376 ), #1251, .T. ) ;
#1815 = DIRECTION ( 'NONE',  ( -6.938893903907228378E-15, 0.0000000000000000000, 1.000000000000000000 ) ) ;
#1816 = ORIENTED_EDGE ( 'NONE', *, *, #4899, .F. ) ;
#1817 = FACE_BOUND ( 'NONE', #3517, .T. ) ;
#1818 = CARTESIAN_POINT ( 'NONE',  ( 0.01968503937007873988, -7.266537188765761888E-17, 0.0000000000000000000 ) ) ;
#1819 = ORIENTED_EDGE ( 'NONE', *, *, #4644, .T. ) ;
#1820 = CIRCLE ( 'NONE', #804, 0.03543307086614179424 ) ;
#1821 = ADVANCED_FACE ( 'NONE', ( #1666, #3227 ), #2509, .T. ) ;
#1822 = DIRECTION ( 'NONE',  ( 0.0000000000000000000, -1.000000000000000000, 0.0000000000000000000 ) ) ;
#1823 = CARTESIAN_POINT ( 'NONE',  ( 0.8661417322834645827, -0.06959712413253542340, 0.1010931871246614072 ) ) ;
#1824 = VECTOR ( 'NONE', #4154, 39.37007874015748143 ) ;
#1825 = DIRECTION ( 'NONE',  ( -4.752090976614651640E-14, 0.9955947168474833520, 0.09376118485481715892 ) ) ;
#1826 = FACE_OUTER_BOUND ( 'NONE', #901, .T. ) ;
#1827 = VECTOR ( 'NONE', #219, 39.37007874015748143 ) ;
#1828 = AXIS2_PLACEMENT_3D ( 'NONE', #1015, #4646, #1102 ) ;
#1829 = EDGE_CURVE ( 'NONE', #2812, #1425, #3256, .T. ) ;
#1830 = DIRECTION ( 'NONE',  ( 1.000000000000000000, 0.0000000000000000000, 0.0000000000000000000 ) ) ;
#1831 =( BOUNDED_CURVE ( )  B_SPLINE_CURVE ( 2, ( #5051, #3043, #4187 ),
 .UNSPECIFIED., .F., .T. ) 
 B_SPLINE_CURVE_WITH_KNOTS ( ( 3, 3 ),
 ( 0.3589780885889499729, 1.000000000000000000 ),
 .UNSPECIFIED. ) 
 CURVE ( )  GEOMETRIC_REPRESENTATION_ITEM ( )  RATIONAL_B_SPLINE_CURVE ( ( 1.027272727272700026, 1.046296296296300055, 1.046296296296300055 ) ) 
 REPRESENTATION_ITEM ( '' )  );
#1832 = DIRECTION ( 'NONE',  ( -1.000000000000000000, 0.0000000000000000000, 0.0000000000000000000 ) ) ;
#1833 = AXIS2_PLACEMENT_3D ( 'NONE', #685, #3768, #1007 ) ;
#1834 = AXIS2_PLACEMENT_3D ( 'NONE', #1507, #3425, #4611 ) ;
#1835 = CARTESIAN_POINT ( 'NONE',  ( 0.4881889763779528879, 0.2901456022643937871, 0.05480149507067716419 ) ) ;
#1836 = VERTEX_POINT ( 'NONE', #160 ) ;
#1837 = ORIENTED_EDGE ( 'NONE', *, *, #267, .F. ) ;
#1838 =( LENGTH_UNIT ( ) NAMED_UNIT ( * ) SI_UNIT ( $, .METRE. ) );
#1839 = CARTESIAN_POINT ( 'NONE',  ( 0.7283464566929134243, 0.06959712413253542340, 0.1010931871246618097 ) ) ;
#1840 = EDGE_LOOP ( 'NONE', ( #622, #3520 ) ) ;
#1841 = COLOUR_RGB ( '',0.7607843137254901578, 0.7607843137254901578, 0.0000000000000000000 ) ;
#1842 = DIRECTION ( 'NONE',  ( 1.000000000000000000, 0.0000000000000000000, 0.0000000000000000000 ) ) ;
#1843 = AXIS2_PLACEMENT_3D ( 'NONE', #2517, #4803, #3211 ) ;
#1844 = FILL_AREA_STYLE ('',( #2706 ) ) ;
#1845 = VERTEX_POINT ( 'NONE', #1771 ) ;
#1846 = CARTESIAN_POINT ( 'NONE',  ( 0.7480314960629921295, -0.07687253618020473134, 0.2952755905511771917 ) ) ;
#1847 =( LENGTH_UNIT ( ) NAMED_UNIT ( * ) SI_UNIT ( $, .METRE. ) );
#1848 = ORIENTED_EDGE ( 'NONE', *, *, #5121, .T. ) ;
#1849 = SURFACE_STYLE_USAGE ( .BOTH. , #4587 ) ;
#1850 = CARTESIAN_POINT ( 'NONE',  ( 0.6141732283464567121, 0.2165354330708661457, -9.195586275692106601E-16 ) ) ;
#1851 = CARTESIAN_POINT ( 'NONE',  ( 0.6692913385826926298, -4.230949580187527470E-14, 6.402768735150616918E-18 ) ) ;
#1852 = EDGE_CURVE ( 'NONE', #1897, #117, #39, .T. ) ;
#1853 = EDGE_LOOP ( 'NONE', ( #285, #940, #372, #2704, #5139 ) ) ;
#1854 = DIRECTION ( 'NONE',  ( 1.000000000000000000, 0.0000000000000000000, 0.0000000000000000000 ) ) ;
#1855 = ADVANCED_FACE ( 'NONE', ( #2843 ), #2135, .F. ) ;
#1856 = ORIENTED_EDGE ( 'NONE', *, *, #1022, .T. ) ;
#1857 = DIRECTION ( 'NONE',  ( 0.0000000000000000000, 0.0000000000000000000, 1.000000000000000000 ) ) ;
#1858 = ORIENTED_EDGE ( 'NONE', *, *, #568, .T. ) ;
#1859 = SURFACE_STYLE_USAGE ( .BOTH. , #257 ) ;
#1860 =( NAMED_UNIT ( * ) PLANE_ANGLE_UNIT ( ) SI_UNIT ( $, .RADIAN. ) );
#1861 = ORIENTED_EDGE ( 'NONE', *, *, #2540, .F. ) ;
#1862 = CARTESIAN_POINT ( 'NONE',  ( 7.306372808841337237E-18, 3.958514637512998415E-17, 9.772602297841163666E-17 ) ) ;
#1863 = UNCERTAINTY_MEASURE_WITH_UNIT (LENGTH_MEASURE( 1.000000000000000082E-05 ), #3106, 'distance_accuracy_value', 'NONE');
#1864 = ORIENTED_EDGE ( 'NONE', *, *, #1939, .F. ) ;
#1865 = PLANE ( 'NONE',  #906 ) ;
#1866 = CARTESIAN_POINT ( 'NONE',  ( 0.5787401574803149318, -8.537024978890583142E-18, 0.2755905511811015951 ) ) ;
#1867 = EDGE_LOOP ( 'NONE', ( #4506, #2165, #4723, #1894, #1026, #1035 ) ) ;
#1868 = FILL_AREA_STYLE ('',( #1032 ) ) ;
#1869 = ORIENTED_EDGE ( 'NONE', *, *, #298, .T. ) ;
#1870 = SURFACE_STYLE_FILL_AREA ( #3427 ) ;
#1871 = DIMENSIONAL_EXPONENTS ( 1.000000000000000000, 0.0000000000000000000, 0.0000000000000000000, 0.0000000000000000000, 0.0000000000000000000, 0.0000000000000000000, 0.0000000000000000000 ) ;
#1872 = DIRECTION ( 'NONE',  ( 0.0000000000000000000, 0.0000000000000000000, -1.000000000000000000 ) ) ;
#1873 = FILL_AREA_STYLE ('',( #4566 ) ) ;
#1874 = CARTESIAN_POINT ( 'NONE',  ( 0.9842519685039370358, 6.489504908949526730E-16, -6.304937774098582459E-17 ) ) ;
#1875 = CARTESIAN_POINT ( 'NONE',  ( 0.7283464566929134243, 5.807939008632297609E-17, 0.0000000000000000000 ) ) ;
#1876 = AXIS2_PLACEMENT_3D ( 'NONE', #4467, #3255, #2007 ) ;
#1877 = ORIENTED_EDGE ( 'NONE', *, *, #2695, .F. ) ;
#1878 = EDGE_CURVE ( 'NONE', #2341, #1768, #1973, .T. ) ;
#1879 = STYLED_ITEM ( 'NONE', ( #1617 ), #324 ) ;
#1880 =( NAMED_UNIT ( * ) SI_UNIT ( $, .STERADIAN. ) SOLID_ANGLE_UNIT ( ) );
#1881 = LINE ( 'NONE', #4968, #2816 ) ;
#1882 = PRESENTATION_LAYER_ASSIGNMENT (  '', '', ( #4438 ) ) ;
#1883 = VERTEX_POINT ( 'NONE', #2945 ) ;
#1884 = EDGE_CURVE ( 'NONE', #175, #3083, #385, .T. ) ;
#1885 = EDGE_CURVE ( 'NONE', #1965, #119, #801, .T. ) ;
#1886 = MECHANICAL_DESIGN_GEOMETRIC_PRESENTATION_REPRESENTATION (  '', ( #4276 ), #2700 ) ;
#1887 = CARTESIAN_POINT ( 'NONE',  ( 0.6692913385826771977, 0.3233722997634527752, -0.03045392815166693065 ) ) ;
#1888 = ORIENTED_EDGE ( 'NONE', *, *, #4145, .T. ) ;
#1889 = CARTESIAN_POINT ( 'NONE',  ( 0.5787401574803149318, -0.09270243530560237644, 0.2595311356826299209 ) ) ;
#1890 = DIRECTION ( 'NONE',  ( 0.0000000000000000000, 0.0000000000000000000, 1.000000000000000000 ) ) ;
#1891 = VERTEX_POINT ( 'NONE', #3662 ) ;
#1892 = AXIS2_PLACEMENT_3D ( 'NONE', #4462, #849, #3569 ) ;
#1893 = ADVANCED_FACE ( 'NONE', ( #845 ), #550, .T. ) ;
#1894 = ORIENTED_EDGE ( 'NONE', *, *, #1189, .F. ) ;
#1895 = CARTESIAN_POINT ( 'NONE',  ( 0.4685039370078740717, 0.1784093389286417197, 0.2100482318024803619 ) ) ;
#1896 = FACE_OUTER_BOUND ( 'NONE', #2520, .T. ) ;
#1897 = VERTEX_POINT ( 'NONE', #1711 ) ;
#1898 =( LENGTH_UNIT ( ) NAMED_UNIT ( * ) SI_UNIT ( $, .METRE. ) );
#1899 = DIRECTION ( 'NONE',  ( 0.0000000000000000000, 1.000000000000000000, -4.686621519688160736E-17 ) ) ;
#1900 = CYLINDRICAL_SURFACE ( 'NONE', #1347, 0.01968503937007873988 ) ;
#1901 = VECTOR ( 'NONE', #1705, 39.37007874015748143 ) ;
#1902 = ORIENTED_EDGE ( 'NONE', *, *, #465, .T. ) ;
#1903 = CIRCLE ( 'NONE', #1409, 0.2066929133858270429 ) ;
#1904 = CARTESIAN_POINT ( 'NONE',  ( 0.6692913385826771977, -1.622888448736176310E-14, 3.534328341803140359E-14 ) ) ;
#1905 = CIRCLE ( 'NONE', #3706, 0.01968503937007873988 ) ;
#1906 = AXIS2_PLACEMENT_3D ( 'NONE', #3033, #1073, #644 ) ;
#1907 = SURFACE_SIDE_STYLE ('',( #2672 ) ) ;
#1908 = VECTOR ( 'NONE', #4149, 39.37007874015748143 ) ;
#1909 = EDGE_CURVE ( 'NONE', #3562, #2827, #3273, .T. ) ;
#1910 = ORIENTED_EDGE ( 'NONE', *, *, #1218, .T. ) ;
#1911 = VECTOR ( 'NONE', #2129, 39.37007874015748143 ) ;
#1912 = ORIENTED_EDGE ( 'NONE', *, *, #4929, .F. ) ;
#1913 = CARTESIAN_POINT ( 'NONE',  ( 0.6496062992125984925, -6.767788094473169913E-16, 8.162156788789669915E-16 ) ) ;
#1914 = LINE ( 'NONE', #1307, #226 ) ;
#1915 = ORIENTED_EDGE ( 'NONE', *, *, #1524, .F. ) ;
#1916 =( CONVERSION_BASED_UNIT ( 'INCH', #304 ) LENGTH_UNIT ( ) NAMED_UNIT ( #4922 ) );
#1917 = EDGE_CURVE ( 'NONE', #659, #3083, #3610, .T. ) ;
#1918 = CIRCLE ( 'NONE', #3220, 0.2165354330708433861 ) ;
#1919 = VECTOR ( 'NONE', #3067, 39.37007874015748143 ) ;
#1920 = UNCERTAINTY_MEASURE_WITH_UNIT (LENGTH_MEASURE( 1.000000000000000082E-05 ), #1702, 'distance_accuracy_value', 'NONE');
#1921 = ORIENTED_EDGE ( 'NONE', *, *, #3386, .T. ) ;
#1922 = COLOUR_RGB ( '',0.7607843137254901578, 0.7607843137254901578, 0.0000000000000000000 ) ;
#1923 = CARTESIAN_POINT ( 'NONE',  ( 0.3110236220472441526, -0.06959712413253542340, 0.06959712413253622831 ) ) ;
#1924 = CARTESIAN_POINT ( 'NONE',  ( 0.6692913385826771977, -0.1353122744573582725, -0.2952755905511810774 ) ) ;
#1925 = ORIENTED_EDGE ( 'NONE', *, *, #3436, .T. ) ;
#1926 =( LENGTH_UNIT ( ) NAMED_UNIT ( * ) SI_UNIT ( $, .METRE. ) );
#1927 = EDGE_CURVE ( 'NONE', #80, #1891, #926, .T. ) ;
#1928 = CARTESIAN_POINT ( 'NONE',  ( 0.7283464566929134243, 0.1353122744573582725, -0.2952755905511810774 ) ) ;
#1929 = PRESENTATION_STYLE_ASSIGNMENT (( #321 ) ) ;
#1930 = CARTESIAN_POINT ( 'NONE',  ( 0.9842519685039372579, 0.06959712413253542340, 0.04991208476245669046 ) ) ;
#1931 = ORIENTED_EDGE ( 'NONE', *, *, #1536, .T. ) ;
#1932 =( LENGTH_UNIT ( ) NAMED_UNIT ( * ) SI_UNIT ( $, .METRE. ) );
#1933 =( BOUNDED_CURVE ( )  B_SPLINE_CURVE ( 2, ( #3641, #3722, #4057 ),
 .UNSPECIFIED., .F., .T. ) 
 B_SPLINE_CURVE_WITH_KNOTS ( ( 3, 3 ),
 ( 0.0000000000000000000, 1.000000000000000000 ),
 .UNSPECIFIED. ) 
 CURVE ( )  GEOMETRIC_REPRESENTATION_ITEM ( )  RATIONAL_B_SPLINE_CURVE ( ( 1.000000000000000000, 1.035714285714300020, 1.035714285714300020 ) ) 
 REPRESENTATION_ITEM ( '' )  );
#1934 = ORIENTED_EDGE ( 'NONE', *, *, #408, .F. ) ;
#1935 = DIRECTION ( 'NONE',  ( 1.000000000000000000, 0.0000000000000000000, 0.0000000000000000000 ) ) ;
#1936 = EDGE_LOOP ( 'NONE', ( #2471, #4915, #23, #4070 ) ) ;
#1937 = CARTESIAN_POINT ( 'NONE',  ( 0.5590551181102362266, -8.537024980200822558E-18, 0.0000000000000000000 ) ) ;
#1938 = CYLINDRICAL_SURFACE ( 'NONE', #3107, 0.01968503937007873988 ) ;
#1939 = EDGE_CURVE ( 'NONE', #5123, #3924, #3798, .T. ) ;
#1940 = ORIENTED_EDGE ( 'NONE', *, *, #529, .F. ) ;
#1941 = VERTEX_POINT ( 'NONE', #1688 ) ;
#1942 = CARTESIAN_POINT ( 'NONE',  ( 0.05905511811023622659, 0.06959712413253542340, 0.06959712413253464625 ) ) ;
#1943 = CYLINDRICAL_SURFACE ( 'NONE', #3853, 0.03149606299212598381 ) ;
#1944 = EDGE_CURVE ( 'NONE', #4784, #1262, #1820, .T. ) ;
#1945 = FACE_OUTER_BOUND ( 'NONE', #1270, .T. ) ;
#1946 = LENGTH_MEASURE_WITH_UNIT ( LENGTH_MEASURE( 0.02539999999999999897 ), #1971 );
#1947 = LENGTH_MEASURE_WITH_UNIT ( LENGTH_MEASURE( 0.02539999999999999897 ), #3028 );
#1948 = CARTESIAN_POINT ( 'NONE',  ( 0.5629921259844093973, 2.057423020228398169E-15, -2.150721192864290211E-17 ) ) ;
#1949 = ORIENTED_EDGE ( 'NONE', *, *, #3828, .F. ) ;
#1950 = DIRECTION ( 'NONE',  ( 0.0000000000000000000, 0.0000000000000000000, 1.000000000000000000 ) ) ;
#1951 =( NAMED_UNIT ( * ) SI_UNIT ( $, .STERADIAN. ) SOLID_ANGLE_UNIT ( ) );
#1952 = AXIS2_PLACEMENT_3D ( 'NONE', #908, #488, #4068 ) ;
#1953 = FILL_AREA_STYLE_COLOUR ( '', #4865 ) ;
#1954 = MECHANICAL_DESIGN_GEOMETRIC_PRESENTATION_REPRESENTATION (  '', ( #3509 ), #364 ) ;
#1955 = EDGE_LOOP ( 'NONE', ( #4440, #1199, #3432, #742 ) ) ;
#1956 = CARTESIAN_POINT ( 'NONE',  ( 0.05905511811023622659, -0.06959712413253542340, -0.04991208476245481002 ) ) ;
#1957 = VERTEX_POINT ( 'NONE', #3826 ) ;
#1958 = AXIS2_PLACEMENT_3D ( 'NONE', #5001, #2628, #5068 ) ;
#1959 =( NAMED_UNIT ( * ) SI_UNIT ( $, .STERADIAN. ) SOLID_ANGLE_UNIT ( ) );
#1960 = FILL_AREA_STYLE_COLOUR ( '', #4122 ) ;
#1961 = PRESENTATION_LAYER_ASSIGNMENT (  '', '', ( #3030 ) ) ;
#1962 = UNCERTAINTY_MEASURE_WITH_UNIT (LENGTH_MEASURE( 1.000000000000000082E-05 ), #2344, 'distance_accuracy_value', 'NONE');
#1963 = ORIENTED_EDGE ( 'NONE', *, *, #2979, .F. ) ;
#1964 = DIRECTION ( 'NONE',  ( 0.0000000000000000000, 0.0000000000000000000, -1.000000000000000000 ) ) ;
#1965 = VERTEX_POINT ( 'NONE', #1866 ) ;
#1966 = DIRECTION ( 'NONE',  ( -1.000000000000000000, 0.0000000000000000000, -3.166558725989409619E-16 ) ) ;
#1967 = AXIS2_PLACEMENT_3D ( 'NONE', #57, #4034, #3590 ) ;
#1968 = EDGE_CURVE ( 'NONE', #1262, #1941, #2629, .T. ) ;
#1969 = DIRECTION ( 'NONE',  ( 0.0000000000000000000, 0.0000000000000000000, 1.000000000000000000 ) ) ;
#1970 = CIRCLE ( 'NONE', #2052, 0.01968503937007875029 ) ;
#1971 =( LENGTH_UNIT ( ) NAMED_UNIT ( * ) SI_UNIT ( $, .METRE. ) );
#1972 = CARTESIAN_POINT ( 'NONE',  ( 0.7480314960629921295, -3.628235616585349371E-16, -8.229692080913592674E-15 ) ) ;
#1973 = CIRCLE ( 'NONE', #2627, 0.03149606299212598381 ) ;
#1974 = EDGE_CURVE ( 'NONE', #1137, #2798, #5004, .T. ) ;
#1975 = ORIENTED_EDGE ( 'NONE', *, *, #5117, .T. ) ;
#1976 = SHAPE_DEFINITION_REPRESENTATION ( #4489, #691 ) ;
#1977 = AXIS2_PLACEMENT_3D ( 'NONE', #4164, #2661, #2999 ) ;
#1978 = EDGE_CURVE ( 'NONE', #4549, #3337, #2217, .T. ) ;
#1979 = AXIS2_PLACEMENT_3D ( 'NONE', #3743, #203, #4627 ) ;
#1980 = ORIENTED_EDGE ( 'NONE', *, *, #1183, .F. ) ;
#1981 = ORIENTED_EDGE ( 'NONE', *, *, #2511, .T. ) ;
#1982 = CARTESIAN_POINT ( 'NONE',  ( 0.5787401574803149318, 0.1784093389286181275, 0.2100482318025000128 ) ) ;
#1983 = MECHANICAL_DESIGN_GEOMETRIC_PRESENTATION_REPRESENTATION (  '', ( #4302 ), #4043 ) ;
#1984 = CARTESIAN_POINT ( 'NONE',  ( 0.6496062992125984925, -0.2941524306248700649, 0.08106422609020866310 ) ) ;
#1985 = STYLED_ITEM ( 'NONE', ( #1775 ), #3631 ) ;
#1986 = COLOUR_RGB ( '',0.7607843137254901578, 0.7607843137254901578, 0.0000000000000000000 ) ;
#1987 = CARTESIAN_POINT ( 'NONE',  ( -0.01968503937007873988, -0.02165354330708661734, 0.1619445968598673402 ) ) ;
#1988 = ORIENTED_EDGE ( 'NONE', *, *, #2750, .T. ) ;
#1989 =( NAMED_UNIT ( * ) PLANE_ANGLE_UNIT ( ) SI_UNIT ( $, .RADIAN. ) );
#1990 =( BOUNDED_CURVE ( )  B_SPLINE_CURVE ( 2, ( #4785, #894, #3925 ),
 .UNSPECIFIED., .F., .F. ) 
 B_SPLINE_CURVE_WITH_KNOTS ( ( 3, 3 ),
 ( 0.0000000000000000000, 1.000000000000000000 ),
 .UNSPECIFIED. ) 
 CURVE ( )  GEOMETRIC_REPRESENTATION_ITEM ( )  RATIONAL_B_SPLINE_CURVE ( ( 1.035714285714300020, 1.035714285714300020, 1.000000000000000000 ) ) 
 REPRESENTATION_ITEM ( '' )  );
#1991 = CARTESIAN_POINT ( 'NONE',  ( 0.3110236220472441526, -2.252707466650492196E-15, 0.1377952755905511861 ) ) ;
#1992 = ORIENTED_EDGE ( 'NONE', *, *, #4850, .F. ) ;
#1993 = CIRCLE ( 'NONE', #1833, 0.2952755905511536549 ) ;
#1994 = DIRECTION ( 'NONE',  ( 0.0000000000000000000, -0.3363774080760311702, 0.9417272637744174002 ) ) ;
#1995 = DIMENSIONAL_EXPONENTS ( 1.000000000000000000, 0.0000000000000000000, 0.0000000000000000000, 0.0000000000000000000, 0.0000000000000000000, 0.0000000000000000000, 0.0000000000000000000 ) ;
#1996 = VERTEX_POINT ( 'NONE', #3799 ) ;
#1997 = AXIS2_PLACEMENT_3D ( 'NONE', #92, #4423, #860 ) ;
#1998 = DIRECTION ( 'NONE',  ( 0.0000000000000000000, 0.0000000000000000000, -1.000000000000000000 ) ) ;
#1999 = DIRECTION ( 'NONE',  ( 1.000000000000000000, 8.307818714404804452E-16, -4.297021452344600607E-15 ) ) ;
#2000 = DIRECTION ( 'NONE',  ( 1.000000000000000000, 1.541394104371931318E-16, 8.445140798567606539E-16 ) ) ;
#2001 = AXIS2_PLACEMENT_3D ( 'NONE', #2904, #1312, #3595 ) ;
#2002 = ORIENTED_EDGE ( 'NONE', *, *, #113, .T. ) ;
#2003 = CARTESIAN_POINT ( 'NONE',  ( 0.0000000000000000000, 5.544660704800984679E-18, -0.1811023622047244486 ) ) ;
#2004 = CIRCLE ( 'NONE', #746, 0.03149606299212598381 ) ;
#2005 = DIRECTION ( 'NONE',  ( 1.000000000000000000, 0.0000000000000000000, 0.0000000000000000000 ) ) ;
#2006 = CARTESIAN_POINT ( 'NONE',  ( 0.5787401574803149318, -0.1408961573052086302, 0.2423167256136338488 ) ) ;
#2007 = DIRECTION ( 'NONE',  ( 0.0000000000000000000, 1.604619215278546562E-14, -1.000000000000000000 ) ) ;
#2008 = ADVANCED_FACE ( 'NONE', ( #2560 ), #237, .T. ) ;
#2009 = CARTESIAN_POINT ( 'NONE',  ( 0.6567380015085433342, -0.3083058047388701484, 0.05654986302622835859 ) ) ;
#2010 = DIRECTION ( 'NONE',  ( 1.000000000000000000, 0.0000000000000000000, -0.0000000000000000000 ) ) ;
#2011 = CARTESIAN_POINT ( 'NONE',  ( 0.4881889763779532210, -9.595616077745724481E-15, -2.783070143545468339E-15 ) ) ;
#2012 = LENGTH_MEASURE_WITH_UNIT ( LENGTH_MEASURE( 0.02539999999999999897 ), #4751 );
#2013 = EDGE_LOOP ( 'NONE', ( #101, #340 ) ) ;
#2014 = FACE_OUTER_BOUND ( 'NONE', #525, .T. ) ;
#2015 = CYLINDRICAL_SURFACE ( 'NONE', #2057, 0.01968503937007873988 ) ;
#2016 = ORIENTED_EDGE ( 'NONE', *, *, #2632, .T. ) ;
#2017 = DIRECTION ( 'NONE',  ( -1.000000000000000000, -0.0000000000000000000, -0.0000000000000000000 ) ) ;
#2018 = CARTESIAN_POINT ( 'NONE',  ( 0.7283464566929134243, 5.807939008632297609E-17, 0.0000000000000000000 ) ) ;
#2019 = CARTESIAN_POINT ( 'NONE',  ( 0.9645669291338585527, 0.06959712413253590912, 0.04991208476245669046 ) ) ;
#2020 = DIRECTION ( 'NONE',  ( -1.000000000000000000, 5.553524461286867561E-14, 0.0000000000000000000 ) ) ;
#2021 = CARTESIAN_POINT ( 'NONE',  ( 0.7283464566929134243, 6.231994087446635113E-16, -9.057310782947853548E-17 ) ) ;
#2022 = ORIENTED_EDGE ( 'NONE', *, *, #2718, .T. ) ;
#2023 =( CONVERSION_BASED_UNIT ( 'INCH', #55 ) LENGTH_UNIT ( ) NAMED_UNIT ( #178 ) );
#2024 = CARTESIAN_POINT ( 'NONE',  ( 0.01968503937007873988, -0.09358160885042914046, 0.2125984251968504046 ) ) ;
#2025 = SHAPE_DEFINITION_REPRESENTATION ( #164, #2451 ) ;
#2026 = CARTESIAN_POINT ( 'NONE',  ( 0.7283464566929134243, 0.3233722997634527752, 0.03045392815166693065 ) ) ;
#2027 = EDGE_CURVE ( 'NONE', #1768, #2341, #1154, .T. ) ;
#2028 = PRESENTATION_STYLE_ASSIGNMENT (( #4839 ) ) ;
#2029 = CARTESIAN_POINT ( 'NONE',  ( 0.6496062992125984925, -0.2941524306248700649, 0.08106422609020866310 ) ) ;
#2030 = SURFACE_SIDE_STYLE ('',( #3312 ) ) ;
#2031 = VECTOR ( 'NONE', #189, 39.37007874015748854 ) ;
#2032 = EDGE_CURVE ( 'NONE', #3109, #3562, #1566, .T. ) ;
#2033 = ADVANCED_FACE ( 'NONE', ( #4141 ), #5092, .T. ) ;
#2034 = SURFACE_SIDE_STYLE ('',( #4728 ) ) ;
#2035 = VECTOR ( 'NONE', #1822, 39.37007874015748143 ) ;
#2036 = EDGE_LOOP ( 'NONE', ( #626, #4907, #808, #2760, #517, #1230, #2500, #772, #2780, #1266, #3031, #4383 ) ) ;
#2037 = FACE_OUTER_BOUND ( 'NONE', #3480, .T. ) ;
#2038 = ORIENTED_EDGE ( 'NONE', *, *, #4537, .T. ) ;
#2039 = MECHANICAL_DESIGN_GEOMETRIC_PRESENTATION_REPRESENTATION (  '', ( #3024 ), #4520 ) ;
#2040 = EDGE_CURVE ( 'NONE', #1137, #1845, #555, .T. ) ;
#2041 = CARTESIAN_POINT ( 'NONE',  ( 0.5590551181102362266, -5.181974162981899064E-15, 8.793135729606847419E-15 ) ) ;
#2042 = MANIFOLD_SOLID_BREP ( 'S1', #1040 ) ;
#2043 = SURFACE_STYLE_USAGE ( .BOTH. , #842 ) ;
#2044 = FACE_OUTER_BOUND ( 'NONE', #3124, .T. ) ;
#2045 = PRESENTATION_LAYER_ASSIGNMENT (  '', '', ( #4276 ) ) ;
#2046 = DIRECTION ( 'NONE',  ( -1.000000000000000000, -0.0000000000000000000, -0.0000000000000000000 ) ) ;
#2047 = DIRECTION ( 'NONE',  ( -1.000000000000000000, -0.0000000000000000000, -0.0000000000000000000 ) ) ;
#2048 = CARTESIAN_POINT ( 'NONE',  ( 0.8661417322834645827, 0.06959712413253590912, -0.08928216350261497514 ) ) ;
#2049 = ORIENTED_EDGE ( 'NONE', *, *, #2505, .T. ) ;
#2050 = CARTESIAN_POINT ( 'NONE',  ( 0.5789595594094487652, 7.911708888547633248E-16, -6.849973388808793940E-16 ) ) ;
#2051 = DIRECTION ( 'NONE',  ( 7.434529182757774977E-16, 0.6473710298263832819, 0.7621750125407732446 ) ) ;
#2052 = AXIS2_PLACEMENT_3D ( 'NONE', #75, #2765, #5136 ) ;
#2053 = DIRECTION ( 'NONE',  ( 0.0000000000000000000, 0.0000000000000000000, 1.000000000000000000 ) ) ;
#2054 = DIRECTION ( 'NONE',  ( 0.0000000000000000000, 0.0000000000000000000, 1.000000000000000000 ) ) ;
#2055 = EDGE_CURVE ( 'NONE', #3581, #11, #1329, .T. ) ;
#2056 = LINE ( 'NONE', #1678, #3792 ) ;
#2057 = AXIS2_PLACEMENT_3D ( 'NONE', #4500, #445, #2913 ) ;
#2058 = CIRCLE ( 'NONE', #1665, 0.2362204724409450174 ) ;
#2059 = CYLINDRICAL_SURFACE ( 'NONE', #112, 0.03149606299212598381 ) ;
#2060 = VERTEX_POINT ( 'NONE', #263 ) ;
#2061 = DIRECTION ( 'NONE',  ( -1.000000000000000000, 0.0000000000000000000, 0.0000000000000000000 ) ) ;
#2062 = ADVANCED_FACE ( 'NONE', ( #1896 ), #4460, .T. ) ;
#2063 = SURFACE_STYLE_USAGE ( .BOTH. , #3712 ) ;
#2064 = ORIENTED_EDGE ( 'NONE', *, *, #3194, .F. ) ;
#2065 = AXIS2_PLACEMENT_3D ( 'NONE', #2602, #2545, #1779 ) ;
#2066 = DIRECTION ( 'NONE',  ( 1.000000000000000000, -1.667205104354457787E-16, 4.667532549390347064E-16 ) ) ;
#2067 = CARTESIAN_POINT ( 'NONE',  ( 0.4685039370078740717, 0.7935388322121653681, -0.3139412368761141936 ) ) ;
#2068 = CARTESIAN_POINT ( 'NONE',  ( 0.9645669291338583307, 0.06959712413253542340, 0.06959712413253542340 ) ) ;
#2069 = VECTOR ( 'NONE', #1274, 39.37007874015748143 ) ;
#2070 = CARTESIAN_POINT ( 'NONE',  ( 0.9645669291338583307, 6.489504908949526730E-16, -6.731789023108484611E-17 ) ) ;
#2071 = CIRCLE ( 'NONE', #3629, 0.02165354330708871983 ) ;
#2072 = EDGE_CURVE ( 'NONE', #2837, #1475, #3044, .T. ) ;
#2073 = ORIENTED_EDGE ( 'NONE', *, *, #3302, .F. ) ;
#2074 =( GEOMETRIC_REPRESENTATION_CONTEXT ( 3 ) GLOBAL_UNCERTAINTY_ASSIGNED_CONTEXT ( ( #2580 ) ) GLOBAL_UNIT_ASSIGNED_CONTEXT ( ( #948, #924, #475 ) ) REPRESENTATION_CONTEXT ( 'NONE', 'WORKASPACE' ) );
#2075 = ORIENTED_EDGE ( 'NONE', *, *, #3934, .T. ) ;
#2076 = SURFACE_SIDE_STYLE ('',( #3958 ) ) ;
#2077 = DIRECTION ( 'NONE',  ( 0.0000000000000000000, 1.000000000000000000, 1.126868825980896992E-17 ) ) ;
#2078 = COLOUR_RGB ( '',0.7607843137254901578, 0.7607843137254901578, 0.0000000000000000000 ) ;
#2079 = CIRCLE ( 'NONE', #3973, 0.03149606299212598381 ) ;
#2080 = FACE_OUTER_BOUND ( 'NONE', #3987, .T. ) ;
#2081 = EDGE_CURVE ( 'NONE', #2403, #429, #2903, .T. ) ;
#2082 = FACE_OUTER_BOUND ( 'NONE', #2013, .T. ) ;
#2083 = AXIS2_PLACEMENT_3D ( 'NONE', #1643, #1565, #2770 ) ;
#2084 = SURFACE_STYLE_USAGE ( .BOTH. , #1316 ) ;
#2085 = ORIENTED_EDGE ( 'NONE', *, *, #1884, .T. ) ;
#2086 = DIRECTION ( 'NONE',  ( 1.000000000000000000, 0.0000000000000000000, 0.0000000000000000000 ) ) ;
#2087 = LINE ( 'NONE', #544, #1901 ) ;
#2088 = VERTEX_POINT ( 'NONE', #1924 ) ;
#2089 = LINE ( 'NONE', #1707, #2982 ) ;
#2090 = EDGE_CURVE ( 'NONE', #157, #770, #3902, .T. ) ;
#2091 = DIRECTION ( 'NONE',  ( 1.000000000000000000, 0.0000000000000000000, 0.0000000000000000000 ) ) ;
#2092 = DIRECTION ( 'NONE',  ( 0.0000000000000000000, -0.7121173314702535784, -0.7020604719108496372 ) ) ;
#2093 = CARTESIAN_POINT ( 'NONE',  ( 0.1456692913385826960, 0.02165354330708661734, 0.1377952755905511861 ) ) ;
#2094 = CARTESIAN_POINT ( 'NONE',  ( 0.6692913385826847472, 4.507549189546033226E-15, 5.085519469096300026E-16 ) ) ;
#2095 =( CONVERSION_BASED_UNIT ( 'INCH', #505 ) LENGTH_UNIT ( ) NAMED_UNIT ( #3116 ) );
#2096 = ORIENTED_EDGE ( 'NONE', *, *, #145, .F. ) ;
#2097 = CARTESIAN_POINT ( 'NONE',  ( 0.5787401574803149318, 0.1394043614906653739, 0.2431780143287362583 ) ) ;
#2098 = EDGE_CURVE ( 'NONE', #587, #1091, #2715, .T. ) ;
#2099 = FILL_AREA_STYLE_COLOUR ( '', #2526 ) ;
#2100 = DIRECTION ( 'NONE',  ( -1.000000000000000000, 0.0000000000000000000, 0.0000000000000000000 ) ) ;
#2101 = PLANE ( 'NONE',  #1645 ) ;
#2102 = CARTESIAN_POINT ( 'NONE',  ( 0.8661417322834645827, 0.06959712413253542340, 0.03810106114040984204 ) ) ;
#2103 = CARTESIAN_POINT ( 'NONE',  ( 0.5616870083223195476, 1.660943241620114374E-13, 0.2926437003390974789 ) ) ;
#2104 = DIRECTION ( 'NONE',  ( 1.000000000000000000, 4.336808689942015271E-16, 4.336808689942017736E-16 ) ) ;
#2105 = DIRECTION ( 'NONE',  ( 0.0000000000000000000, 0.4999999999999844014, 0.8660254037844474784 ) ) ;
#2106 = EDGE_CURVE ( 'NONE', #4240, #3475, #2374, .T. ) ;
#2107 = VERTEX_POINT ( 'NONE', #4754 ) ;
#2108 = UNCERTAINTY_MEASURE_WITH_UNIT (LENGTH_MEASURE( 1.000000000000000082E-05 ), #3909, 'distance_accuracy_value', 'NONE');
#2109 = ORIENTED_EDGE ( 'NONE', *, *, #4058, .T. ) ;
#2110 = AXIS2_PLACEMENT_3D ( 'NONE', #270, #766, #3433 ) ;
#2111 = ORIENTED_EDGE ( 'NONE', *, *, #380, .F. ) ;
#2112 = DIRECTION ( 'NONE',  ( 0.0000000000000000000, 0.0000000000000000000, 1.000000000000000000 ) ) ;
#2113 = VECTOR ( 'NONE', #3488, 39.37007874015748143 ) ;
#2114 = FILL_AREA_STYLE_COLOUR ( '', #110 ) ;
#2115 = ORIENTED_EDGE ( 'NONE', *, *, #4420, .F. ) ;
#2116 = DIRECTION ( 'NONE',  ( -2.312964634635744929E-16, 9.629649721936187476E-33, -1.000000000000000000 ) ) ;
#2117 = CARTESIAN_POINT ( 'NONE',  ( -1.136448765364330462E-16, -3.032960542342103792E-32, 0.2066929133858267098 ) ) ;
#2118 = DIRECTION ( 'NONE',  ( 0.0000000000000000000, 0.0000000000000000000, 1.000000000000000000 ) ) ;
#2119 = EDGE_LOOP ( 'NONE', ( #2964, #4473, #2386, #3156 ) ) ;
#2120 = ADVANCED_FACE ( 'NONE', ( #3091 ), #1068, .T. ) ;
#2121 = CONICAL_SURFACE ( 'NONE', #536, 0.2952755905511808554, 0.7853981633974344012 ) ;
#2122 =( BOUNDED_CURVE ( )  B_SPLINE_CURVE ( 2, ( #464, #1648, #4444 ),
 .UNSPECIFIED., .F., .T. ) 
 B_SPLINE_CURVE_WITH_KNOTS ( ( 3, 3 ),
 ( 0.0000000000000000000, 1.000000000000000000 ),
 .UNSPECIFIED. ) 
 CURVE ( )  GEOMETRIC_REPRESENTATION_ITEM ( )  RATIONAL_B_SPLINE_CURVE ( ( 1.032786885245899899, 1.020663065298099914, 1.000000000000000000 ) ) 
 REPRESENTATION_ITEM ( '' )  );
#2123 = EDGE_LOOP ( 'NONE', ( #3291, #630 ) ) ;
#2124 = DIRECTION ( 'NONE',  ( -1.000000000000000000, 6.938893903907229955E-15, -6.938893903907229955E-15 ) ) ;
#2125 = COLOUR_RGB ( '',0.7607843137254901578, 0.7607843137254901578, 0.0000000000000000000 ) ;
#2126 = DIRECTION ( 'NONE',  ( 0.0000000000000000000, 1.065814103640149963E-14, -1.000000000000000000 ) ) ;
#2127 = SURFACE_STYLE_FILL_AREA ( #3672 ) ;
#2128 = EDGE_CURVE ( 'NONE', #4957, #2603, #3617, .T. ) ;
#2129 = DIRECTION ( 'NONE',  ( 0.0000000000000000000, 0.0000000000000000000, -1.000000000000000000 ) ) ;
#2130 = CARTESIAN_POINT ( 'NONE',  ( 0.3110236220472441526, -0.06959712413253542340, 0.08928216350261607148 ) ) ;
#2131 = AXIS2_PLACEMENT_3D ( 'NONE', #2067, #4376, #1685 ) ;
#2132 = CARTESIAN_POINT ( 'NONE',  ( 0.7408997937670472878, 0.2031265203306811262, -0.2387257275249528299 ) ) ;
#2133 = FACE_OUTER_BOUND ( 'NONE', #4343, .T. ) ;
#2134 = ADVANCED_FACE ( 'NONE', ( #5055, #4731 ), #2402, .F. ) ;
#2135 = CONICAL_SURFACE ( 'NONE', #3946, 0.2165354330708666730, 0.7853981633974352894 ) ;
#2136 = ORIENTED_EDGE ( 'NONE', *, *, #2438, .T. ) ;
#2137 = ORIENTED_EDGE ( 'NONE', *, *, #48, .T. ) ;
#2138 = LINE ( 'NONE', #4522, #4477 ) ;
#2139 = FILL_AREA_STYLE ('',( #68 ) ) ;
#2140 = ORIENTED_EDGE ( 'NONE', *, *, #2996, .T. ) ;
#2141 = SURFACE_STYLE_USAGE ( .BOTH. , #4849 ) ;
#2142 = TOROIDAL_SURFACE ( 'NONE', #5021, 0.2165354330708661457, 0.03543307086614178036 ) ;
#2143 =( LENGTH_UNIT ( ) NAMED_UNIT ( * ) SI_UNIT ( $, .METRE. ) );
#2144 = ORIENTED_EDGE ( 'NONE', *, *, #2511, .F. ) ;
#2145 = CARTESIAN_POINT ( 'NONE',  ( -0.03937007874015747977, 6.181466372770866908E-18, 0.2066929133858268208 ) ) ;
#2146 = SURFACE_STYLE_USAGE ( .BOTH. , #1357 ) ;
#2147 = DIRECTION ( 'NONE',  ( 1.000000000000000000, 0.0000000000000000000, -0.0000000000000000000 ) ) ;
#2148 = ORIENTED_EDGE ( 'NONE', *, *, #172, .F. ) ;
#2149 = VECTOR ( 'NONE', #2236, 39.37007874015748143 ) ;
#2150 = AXIS2_PLACEMENT_3D ( 'NONE', #2667, #1485, #4591 ) ;
#2151 = AXIS2_PLACEMENT_3D ( 'NONE', #2068, #3640, #2868 ) ;
#2152 = SURFACE_SIDE_STYLE ('',( #930 ) ) ;
#2153 = AXIS2_PLACEMENT_3D ( 'NONE', #3244, #3319, #2475 ) ;
#2154 = PRESENTATION_STYLE_ASSIGNMENT (( #557 ) ) ;
#2155 = CARTESIAN_POINT ( 'NONE',  ( 0.05905511811023622659, 0.06959712413253542340, -0.08928216350261515555 ) ) ;
#2156 =( BOUNDED_CURVE ( )  B_SPLINE_CURVE ( 2, ( #1057, #2660, #236 ),
 .UNSPECIFIED., .F., .T. ) 
 B_SPLINE_CURVE_WITH_KNOTS ( ( 3, 3 ),
 ( 0.3589780885300900004, 1.000000000000000000 ),
 .UNSPECIFIED. ) 
 CURVE ( )  GEOMETRIC_REPRESENTATION_ITEM ( )  RATIONAL_B_SPLINE_CURVE ( ( 1.027272727269199937, 1.046296296296300055, 1.046296296296300055 ) ) 
 REPRESENTATION_ITEM ( '' )  );
#2157 = LENGTH_MEASURE_WITH_UNIT ( LENGTH_MEASURE( 0.02539999999999999897 ), #4933 );
#2158 = VECTOR ( 'NONE', #2180, 39.37007874015748143 ) ;
#2159 = FILL_AREA_STYLE ('',( #534 ) ) ;
#2160 = AXIS2_PLACEMENT_3D ( 'NONE', #2011, #335, #3577 ) ;
#2161 = ADVANCED_FACE ( 'NONE', ( #782 ), #2759, .T. ) ;
#2162 = DIRECTION ( 'NONE',  ( -1.000000000000000000, 0.0000000000000000000, 0.0000000000000000000 ) ) ;
#2163 = CARTESIAN_POINT ( 'NONE',  ( 0.5590551181102362266, -0.007127417435679527652, -0.2951895565497638096 ) ) ;
#2164 = VECTOR ( 'NONE', #1600, 39.37007874015748143 ) ;
#2165 = ORIENTED_EDGE ( 'NONE', *, *, #568, .F. ) ;
#2166 = EDGE_CURVE ( 'NONE', #3602, #4355, #2389, .T. ) ;
#2167 = ORIENTED_EDGE ( 'NONE', *, *, #1045, .T. ) ;
#2168 = ORIENTED_EDGE ( 'NONE', *, *, #1753, .F. ) ;
#2169 = SURFACE_SIDE_STYLE ('',( #3041 ) ) ;
#2170 = UNCERTAINTY_MEASURE_WITH_UNIT (LENGTH_MEASURE( 1.000000000000000082E-05 ), #3351, 'distance_accuracy_value', 'NONE');
#2171 = SURFACE_SIDE_STYLE ('',( #4554 ) ) ;
#2172 = ORIENTED_EDGE ( 'NONE', *, *, #3992, .F. ) ;
#2173 = CARTESIAN_POINT ( 'NONE',  ( 0.5629921259843306824, 0.05839526367789370231, -0.2125984251967676930 ) ) ;
#2174 = DIRECTION ( 'NONE',  ( 1.000000000000000000, 8.307818714404804452E-16, -4.297021452344600607E-15 ) ) ;
#2175 = ORIENTED_EDGE ( 'NONE', *, *, #4717, .T. ) ;
#2176 = LINE ( 'NONE', #2196, #617 ) ;
#2177 = CARTESIAN_POINT ( 'NONE',  ( 0.5590551181102362266, -5.922987931263330771E-14, 4.966841133480838348E-14 ) ) ;
#2178 = DIRECTION ( 'NONE',  ( -1.000000000000000000, -0.0000000000000000000, -0.0000000000000000000 ) ) ;
#2179 = DIRECTION ( 'NONE',  ( 0.0000000000000000000, -1.734723475976870203E-15, -1.000000000000000000 ) ) ;
#2180 = DIRECTION ( 'NONE',  ( 1.000000000000000000, 0.0000000000000000000, 0.0000000000000000000 ) ) ;
#2181 = DIRECTION ( 'NONE',  ( 0.0000000000000000000, 0.0000000000000000000, -1.000000000000000000 ) ) ;
#2182 = ADVANCED_FACE ( 'NONE', ( #426 ), #2015, .T. ) ;
#2183 = ORIENTED_EDGE ( 'NONE', *, *, #2421, .F. ) ;
#2184 = EDGE_LOOP ( 'NONE', ( #1087, #3922, #2496, #4879 ) ) ;
#2185 = DIRECTION ( 'NONE',  ( 0.0000000000000000000, 0.0000000000000000000, 1.000000000000000000 ) ) ;
#2186 = DIRECTION ( 'NONE',  ( 1.470104640658202385E-15, -0.9417272637744029673, -0.3363774080760716934 ) ) ;
#2187 = ORIENTED_EDGE ( 'NONE', *, *, #1568, .T. ) ;
#2188 = EDGE_CURVE ( 'NONE', #4458, #824, #4938, .T. ) ;
#2189 =( CONVERSION_BASED_UNIT ( 'INCH', #3345 ) LENGTH_UNIT ( ) NAMED_UNIT ( #2677 ) );
#2190 = ORIENTED_EDGE ( 'NONE', *, *, #632, .F. ) ;
#2191 = DIRECTION ( 'NONE',  ( 1.000000000000000000, 0.0000000000000000000, 0.0000000000000000000 ) ) ;
#2192 =( CONVERSION_BASED_UNIT ( 'INCH', #1008 ) LENGTH_UNIT ( ) NAMED_UNIT ( #3141 ) );
#2193 = ORIENTED_EDGE ( 'NONE', *, *, #1505, .F. ) ;
#2194 = EDGE_CURVE ( 'NONE', #4217, #3885, #2087, .T. ) ;
#2195 = AXIS2_PLACEMENT_3D ( 'NONE', #3353, #3276, #4588 ) ;
#2196 = CARTESIAN_POINT ( 'NONE',  ( 0.9842519685039372579, 0.06959712413253542340, -0.08928216350261417023 ) ) ;
#2197 = CARTESIAN_POINT ( 'NONE',  ( -0.01968503937007873988, 6.181466372770866908E-18, 9.556300923451989085E-17 ) ) ;
#2198 = AXIS2_PLACEMENT_3D ( 'NONE', #74, #3981, #4002 ) ;
#2199 = LINE ( 'NONE', #763, #2465 ) ;
#2200 = SURFACE_STYLE_USAGE ( .BOTH. , #3029 ) ;
#2201 = LINE ( 'NONE', #3779, #1827 ) ;
#2202 = CARTESIAN_POINT ( 'NONE',  ( 0.6692913385826771977, 0.1880600253060984162, -0.2648216623995157670 ) ) ;
#2203 = CARTESIAN_POINT ( 'NONE',  ( 0.5590551181102362266, -0.2520779461861181181, 0.1537673028375551310 ) ) ;
#2204 =( BOUNDED_CURVE ( )  B_SPLINE_CURVE ( 2, ( #2952, #2513, #4464 ),
 .UNSPECIFIED., .F., .F. ) 
 B_SPLINE_CURVE_WITH_KNOTS ( ( 3, 3 ),
 ( 0.0000000000000000000, 1.000000000000000000 ),
 .UNSPECIFIED. ) 
 CURVE ( )  GEOMETRIC_REPRESENTATION_ITEM ( )  RATIONAL_B_SPLINE_CURVE ( ( 1.000000000000000000, 1.020663065298099914, 1.032786885245899899 ) ) 
 REPRESENTATION_ITEM ( '' )  );
#2205 = ORIENTED_EDGE ( 'NONE', *, *, #3094, .T. ) ;
#2206 = CONICAL_SURFACE ( 'NONE', #5011, 0.1633858267716535584, 0.7853981633974490562 ) ;
#2207 = UNCERTAINTY_MEASURE_WITH_UNIT (LENGTH_MEASURE( 1.000000000000000082E-05 ), #2813, 'distance_accuracy_value', 'NONE');
#2208 = CARTESIAN_POINT ( 'NONE',  ( -0.01968503937007873988, 6.181466372770866908E-18, 9.556300923451989085E-17 ) ) ;
#2209 = EDGE_LOOP ( 'NONE', ( #3449, #2946 ) ) ;
#2210 = FILL_AREA_STYLE ('',( #701 ) ) ;
#2211 = FACE_OUTER_BOUND ( 'NONE', #1346, .T. ) ;
#2212 = ORIENTED_EDGE ( 'NONE', *, *, #3285, .F. ) ;
#2213 = DIRECTION ( 'NONE',  ( 1.000000000000000000, 2.731204408203333205E-17, 3.527484379777770382E-18 ) ) ;
#2214 =( GEOMETRIC_REPRESENTATION_CONTEXT ( 3 ) GLOBAL_UNCERTAINTY_ASSIGNED_CONTEXT ( ( #4699 ) ) GLOBAL_UNIT_ASSIGNED_CONTEXT ( ( #3777, #1014, #4590 ) ) REPRESENTATION_CONTEXT ( 'NONE', 'WORKASPACE' ) );
#2215 = UNCERTAINTY_MEASURE_WITH_UNIT (LENGTH_MEASURE( 1.000000000000000082E-05 ), #2856, 'distance_accuracy_value', 'NONE');
#2216 = SURFACE_STYLE_USAGE ( .BOTH. , #260 ) ;
#2217 = CIRCLE ( 'NONE', #392, 0.2165354330708433861 ) ;
#2218 = ADVANCED_FACE ( 'NONE', ( #2037 ), #1269, .T. ) ;
#2219 = VERTEX_POINT ( 'NONE', #4424 ) ;
#2220 = CARTESIAN_POINT ( 'NONE',  ( 0.9645669291338583307, 6.489504908949526730E-16, -6.731789023108484611E-17 ) ) ;
#2221 = DIRECTION ( 'NONE',  ( -3.771137991253909838E-16, 1.224646799147352221E-16, 1.000000000000000000 ) ) ;
#2222 = ORIENTED_EDGE ( 'NONE', *, *, #2499, .T. ) ;
#2223 = CARTESIAN_POINT ( 'NONE',  ( 0.5787401574803149318, 0.2803005187958739763, 0.0008612887151000390637 ) ) ;
#2224 = AXIS2_PLACEMENT_3D ( 'NONE', #4919, #3820, #4523 ) ;
#2225 = ADVANCED_FACE ( 'NONE', ( #2473 ), #302, .T. ) ;
#2226 = CYLINDRICAL_SURFACE ( 'NONE', #379, 0.2125984251968505157 ) ;
#2227 = CIRCLE ( 'NONE', #5100, 0.2952755905514630741 ) ;
#2228 = CIRCLE ( 'NONE', #4709, 0.2204724409447066102 ) ;
#2229 = DIRECTION ( 'NONE',  ( -1.000000000000000000, 1.387778780781445991E-14, -1.387778780781445991E-14 ) ) ;
#2230 = CIRCLE ( 'NONE', #1744, 0.03149606299212598381 ) ;
#2231 = CIRCLE ( 'NONE', #4385, 0.2952755905512573498 ) ;
#2232 = ORIENTED_EDGE ( 'NONE', *, *, #465, .F. ) ;
#2233 = DIRECTION ( 'NONE',  ( 0.0000000000000000000, -0.9640608694027962278, 0.2656814635730623264 ) ) ;
#2234 = AXIS2_PLACEMENT_3D ( 'NONE', #2220, #2998, #4661 ) ;
#2235 = COLOUR_RGB ( '',0.2509803921568627416, 0.2509803921568627416, 0.2509803921568627416 ) ;
#2236 = DIRECTION ( 'NONE',  ( 0.0000000000000000000, 0.0000000000000000000, -1.000000000000000000 ) ) ;
#2237 = AXIS2_PLACEMENT_3D ( 'NONE', #2472, #4807, #4846 ) ;
#2238 = ORIENTED_EDGE ( 'NONE', *, *, #2850, .T. ) ;
#2239 =( NAMED_UNIT ( * ) PLANE_ANGLE_UNIT ( ) SI_UNIT ( $, .RADIAN. ) );
#2240 = VERTEX_POINT ( 'NONE', #1629 ) ;
#2241 = CARTESIAN_POINT ( 'NONE',  ( 0.4685039370078740717, -0.2711117742252126539, 0.04948290388367323350 ) ) ;
#2242 = ORIENTED_EDGE ( 'NONE', *, *, #2532, .F. ) ;
#2243 = MECHANICAL_DESIGN_GEOMETRIC_PRESENTATION_REPRESENTATION (  '', ( #3645 ), #2899 ) ;
#2244 = DIRECTION ( 'NONE',  ( -1.000000000000000000, 0.0000000000000000000, 0.0000000000000000000 ) ) ;
#2245 = PRESENTATION_LAYER_ASSIGNMENT (  '', '', ( #1265 ) ) ;
#2246 = CARTESIAN_POINT ( 'NONE',  ( 0.5590551181102362266, 0.1925322880287716476, -0.2238727148219606389 ) ) ;
#2247 = ORIENTED_EDGE ( 'NONE', *, *, #4837, .T. ) ;
#2248 = FACE_OUTER_BOUND ( 'NONE', #2036, .T. ) ;
#2249 = CARTESIAN_POINT ( 'NONE',  ( 0.6496062992125984925, 8.399642367166930422E-18, -9.195586275692106601E-16 ) ) ;
#2250 = ORIENTED_EDGE ( 'NONE', *, *, #9, .F. ) ;
#2251 =( NAMED_UNIT ( * ) SI_UNIT ( $, .STERADIAN. ) SOLID_ANGLE_UNIT ( ) );
#2252 = ADVANCED_FACE ( 'NONE', ( #3265 ), #4449, .T. ) ;
#2253 = DIRECTION ( 'NONE',  ( -1.000000000000000000, -0.0000000000000000000, -0.0000000000000000000 ) ) ;
#2254 = DIRECTION ( 'NONE',  ( 0.0000000000000000000, 0.0000000000000000000, 1.000000000000000000 ) ) ;
#2255 = ADVANCED_FACE ( 'NONE', ( #652 ), #968, .T. ) ;
#2256 = ADVANCED_FACE ( 'NONE', ( #2211 ), #4544, .T. ) ;
#2257 = ORIENTED_EDGE ( 'NONE', *, *, #3794, .T. ) ;
#2258 =( LENGTH_UNIT ( ) NAMED_UNIT ( * ) SI_UNIT ( $, .METRE. ) );
#2259 =( NAMED_UNIT ( * ) SI_UNIT ( $, .STERADIAN. ) SOLID_ANGLE_UNIT ( ) );
#2260 = DIMENSIONAL_EXPONENTS ( 1.000000000000000000, 0.0000000000000000000, 0.0000000000000000000, 0.0000000000000000000, 0.0000000000000000000, 0.0000000000000000000, 0.0000000000000000000 ) ;
#2261 = CYLINDRICAL_SURFACE ( 'NONE', #2885, 0.2322834645669288878 ) ;
#2262 = ORIENTED_EDGE ( 'NONE', *, *, #1758, .T. ) ;
#2263 = UNCERTAINTY_MEASURE_WITH_UNIT (LENGTH_MEASURE( 1.000000000000000082E-05 ), #4334, 'distance_accuracy_value', 'NONE');
#2264 = DIRECTION ( 'NONE',  ( 1.000000000000000000, 0.0000000000000000000, 0.0000000000000000000 ) ) ;
#2265 = VERTEX_POINT ( 'NONE', #2241 ) ;
#2266 = CARTESIAN_POINT ( 'NONE',  ( 0.9842519685039369248, -0.01968503937007809110, -6.304937774098582459E-17 ) ) ;
#2267 = ORIENTED_EDGE ( 'NONE', *, *, #1086, .T. ) ;
#2268 = DIRECTION ( 'NONE',  ( 0.0000000000000000000, 0.2519435379326118718, -0.9677419354838346921 ) ) ;
#2269 = UNCERTAINTY_MEASURE_WITH_UNIT (LENGTH_MEASURE( 1.000000000000000082E-05 ), #2694, 'distance_accuracy_value', 'NONE');
#2270 = CARTESIAN_POINT ( 'NONE',  ( 0.5590551181102362266, 0.1925322880287716476, -0.2238727148219606389 ) ) ;
#2271 = ORIENTED_EDGE ( 'NONE', *, *, #4816, .F. ) ;
#2272 = CARTESIAN_POINT ( 'NONE',  ( 0.5629921259843306824, 0.05839526368384646143, 0.2125984251951299198 ) ) ;
#2273 = CARTESIAN_POINT ( 'NONE',  ( 0.7480314960629921295, 0.2557161625347756373, 0.1476377952755906220 ) ) ;
#2274 = ORIENTED_EDGE ( 'NONE', *, *, #2973, .T. ) ;
#2275 = ORIENTED_EDGE ( 'NONE', *, *, #4904, .T. ) ;
#2276 =( NAMED_UNIT ( * ) SI_UNIT ( $, .STERADIAN. ) SOLID_ANGLE_UNIT ( ) );
#2277 = EDGE_CURVE ( 'NONE', #256, #2832, #4207, .T. ) ;
#2278 = FACE_OUTER_BOUND ( 'NONE', #4977, .T. ) ;
#2279 = CARTESIAN_POINT ( 'NONE',  ( 0.7283464566929134243, 5.807939008632297609E-17, 0.0000000000000000000 ) ) ;
#2280 = DIRECTION ( 'NONE',  ( -1.000000000000000000, -4.762584701235739047E-14, 0.0000000000000000000 ) ) ;
#2281 =( GEOMETRIC_REPRESENTATION_CONTEXT ( 3 ) GLOBAL_UNCERTAINTY_ASSIGNED_CONTEXT ( ( #4404 ) ) GLOBAL_UNIT_ASSIGNED_CONTEXT ( ( #3184, #832, #3593 ) ) REPRESENTATION_CONTEXT ( 'NONE', 'WORKASPACE' ) );
#2282 = ORIENTED_EDGE ( 'NONE', *, *, #854, .F. ) ;
#2283 = DIRECTION ( 'NONE',  ( 0.0000000000000000000, 0.0000000000000000000, -1.000000000000000000 ) ) ;
#2284 =( GEOMETRIC_REPRESENTATION_CONTEXT ( 3 ) GLOBAL_UNCERTAINTY_ASSIGNED_CONTEXT ( ( #4299 ) ) GLOBAL_UNIT_ASSIGNED_CONTEXT ( ( #953, #2896, #163 ) ) REPRESENTATION_CONTEXT ( 'NONE', 'WORKASPACE' ) );
#2285 = FILL_AREA_STYLE ('',( #4255 ) ) ;
#2286 = EDGE_CURVE ( 'NONE', #3818, #770, #1905, .T. ) ;
#2287 = DIRECTION ( 'NONE',  ( -1.000000000000000000, 0.0000000000000000000, 0.0000000000000000000 ) ) ;
#2288 =( BOUNDED_CURVE ( )  B_SPLINE_CURVE ( 2, ( #3264, #2447, #496 ),
 .UNSPECIFIED., .F., .F. ) 
 B_SPLINE_CURVE_WITH_KNOTS ( ( 3, 3 ),
 ( 0.0000000000000000000, 1.000000000000000000 ),
 .UNSPECIFIED. ) 
 CURVE ( )  GEOMETRIC_REPRESENTATION_ITEM ( )  RATIONAL_B_SPLINE_CURVE ( ( 1.000000000000000000, 1.020663065298099914, 1.032786885245899899 ) ) 
 REPRESENTATION_ITEM ( '' )  );
#2289 = ORIENTED_EDGE ( 'NONE', *, *, #2277, .F. ) ;
#2290 = EDGE_CURVE ( 'NONE', #3892, #1522, #4792, .T. ) ;
#2291 = CARTESIAN_POINT ( 'NONE',  ( 0.7408997937670472878, -0.2031265203306811262, -0.2387257275249488331 ) ) ;
#2292 = ORIENTED_EDGE ( 'NONE', *, *, #3769, .T. ) ;
#2293 =( LENGTH_UNIT ( ) NAMED_UNIT ( * ) SI_UNIT ( $, .METRE. ) );
#2294 = CARTESIAN_POINT ( 'NONE',  ( 0.3110236220472441526, -0.06959712413253542340, 0.04991208476245637821 ) ) ;
#2295 = AXIS2_PLACEMENT_3D ( 'NONE', #1078, #2769, #1950 ) ;
#2296 = DIRECTION ( 'NONE',  ( 1.000000000000000000, 0.0000000000000000000, 0.0000000000000000000 ) ) ;
#2297 = ORIENTED_EDGE ( 'NONE', *, *, #2349, .F. ) ;
#2298 = CARTESIAN_POINT ( 'NONE',  ( 0.7283464566929134243, -0.06959712413253542340, 0.1010931871246614350 ) ) ;
#2299 =( GEOMETRIC_REPRESENTATION_CONTEXT ( 3 ) GLOBAL_UNCERTAINTY_ASSIGNED_CONTEXT ( ( #2323 ) ) GLOBAL_UNIT_ASSIGNED_CONTEXT ( ( #4812, #4759, #1709 ) ) REPRESENTATION_CONTEXT ( 'NONE', 'WORKASPACE' ) );
#2300 = VERTEX_POINT ( 'NONE', #150 ) ;
#2301 = FILL_AREA_STYLE_COLOUR ( '', #3930 ) ;
#2302 = DIRECTION ( 'NONE',  ( -1.000000000000000000, 7.715190224800170096E-16, 9.782701856712201146E-15 ) ) ;
#2303 = FILL_AREA_STYLE ('',( #3098 ) ) ;
#2304 = DIRECTION ( 'NONE',  ( 0.0000000000000000000, 0.4028767567459166643, -0.9152542372881382615 ) ) ;
#2305 =( CONVERSION_BASED_UNIT ( 'INCH', #4665 ) LENGTH_UNIT ( ) NAMED_UNIT ( #4103 ) );
#2306 = AXIS2_PLACEMENT_3D ( 'NONE', #2094, #504, #476 ) ;
#2307 = EDGE_LOOP ( 'NONE', ( #4855, #1743, #1132, #3643 ) ) ;
#2308 = CARTESIAN_POINT ( 'NONE',  ( 0.6496062992125984925, -6.767788094473169913E-16, 0.2125984251968513206 ) ) ;
#2309 = STYLED_ITEM ( 'NONE', ( #1448 ), #2255 ) ;
#2310 = PRESENTATION_STYLE_ASSIGNMENT (( #4279 ) ) ;
#2311 = CIRCLE ( 'NONE', #2065, 0.3051181102362278685 ) ;
#2312 = AXIS2_PLACEMENT_3D ( 'NONE', #562, #1411, #191 ) ;
#2313 = EDGE_CURVE ( 'NONE', #3405, #1345, #559, .T. ) ;
#2314 = VERTEX_POINT ( 'NONE', #2552 ) ;
#2315 = CARTESIAN_POINT ( 'NONE',  ( -6.199602650411811492E-17, 9.947430203385829444E-12, 0.2125984251968504046 ) ) ;
#2316 = ORIENTED_EDGE ( 'NONE', *, *, #1978, .T. ) ;
#2317 = DIRECTION ( 'NONE',  ( 0.0000000000000000000, 1.000000000000000000, 0.0000000000000000000 ) ) ;
#2318 = LINE ( 'NONE', #4748, #395 ) ;
#2319 =( BOUNDED_CURVE ( )  B_SPLINE_CURVE ( 2, ( #1, #4864, #2103 ),
 .UNSPECIFIED., .F., .F. ) 
 B_SPLINE_CURVE_WITH_KNOTS ( ( 3, 3 ),
 ( 0.0000000000000000000, 0.06709463595255328594 ),
 .UNSPECIFIED. ) 
 CURVE ( )  GEOMETRIC_REPRESENTATION_ITEM ( )  RATIONAL_B_SPLINE_CURVE ( ( 1.000000000000000000, 1.002396236998306378, 1.004631699347555474 ) ) 
 REPRESENTATION_ITEM ( '' )  );
#2320 = DIRECTION ( 'NONE',  ( -3.771137991253929066E-16, 1.000000000000000000, -3.999791741928371470E-32 ) ) ;
#2321 = VECTOR ( 'NONE', #4515, 39.37007874015748143 ) ;
#2322 = EDGE_CURVE ( 'NONE', #3646, #1345, #2963, .T. ) ;
#2323 = UNCERTAINTY_MEASURE_WITH_UNIT (LENGTH_MEASURE( 1.000000000000000082E-05 ), #4812, 'distance_accuracy_value', 'NONE');
#2324 =( CONVERSION_BASED_UNIT ( 'INCH', #4674 ) LENGTH_UNIT ( ) NAMED_UNIT ( #390 ) );
#2325 = EDGE_LOOP ( 'NONE', ( #2193, #2659, #2860, #151, #1395, #4291, #51, #293 ) ) ;
#2326 = CIRCLE ( 'NONE', #741, 0.01968503937007873988 ) ;
#2327 = ORIENTED_EDGE ( 'NONE', *, *, #4532, .T. ) ;
#2328 = CARTESIAN_POINT ( 'NONE',  ( 0.8661417322834645827, -0.06959712413253495156, 0.08928216350261340695 ) ) ;
#2329 = STYLED_ITEM ( 'NONE', ( #2729 ), #4787 ) ;
#2330 = UNCERTAINTY_MEASURE_WITH_UNIT (LENGTH_MEASURE( 1.000000000000000082E-05 ), #3049, 'distance_accuracy_value', 'NONE');
#2331 = SURFACE_SIDE_STYLE ('',( #4613 ) ) ;
#2332 = DIRECTION ( 'NONE',  ( 1.000000000000000000, 0.0000000000000000000, 0.0000000000000000000 ) ) ;
#2333 = CARTESIAN_POINT ( 'NONE',  ( 0.6692913385826771977, 0.1353122744573582725, 0.2952755905511810774 ) ) ;
#2334 = VECTOR ( 'NONE', #4711, 39.37007874015748143 ) ;
#2335 = DIRECTION ( 'NONE',  ( 0.0000000000000000000, -0.9417272637744114050, -0.3363774080760479901 ) ) ;
#2336 = ORIENTED_EDGE ( 'NONE', *, *, #2469, .F. ) ;
#2337 = LINE ( 'NONE', #3911, #4175 ) ;
#2338 = FACE_OUTER_BOUND ( 'NONE', #2691, .T. ) ;
#2339 = SURFACE_STYLE_USAGE ( .BOTH. , #5013 ) ;
#2340 = ORIENTED_EDGE ( 'NONE', *, *, #2106, .T. ) ;
#2341 = VERTEX_POINT ( 'NONE', #1839 ) ;
#2342 = CARTESIAN_POINT ( 'NONE',  ( 0.4833829516259448567, 0.06642192152459448773, -0.2125984251968504046 ) ) ;
#2343 = EDGE_CURVE ( 'NONE', #1394, #2827, #1569, .T. ) ;
#2344 =( CONVERSION_BASED_UNIT ( 'INCH', #303 ) LENGTH_UNIT ( ) NAMED_UNIT ( #1531 ) );
#2345 = PRESENTATION_STYLE_ASSIGNMENT (( #2369 ) ) ;
#2346 = ORIENTED_EDGE ( 'NONE', *, *, #3079, .F. ) ;
#2347 = SURFACE_SIDE_STYLE ('',( #838 ) ) ;
#2348 =( BOUNDED_CURVE ( )  B_SPLINE_CURVE ( 2, ( #4659, #3089, #4632 ),
 .UNSPECIFIED., .F., .F. ) 
 B_SPLINE_CURVE_WITH_KNOTS ( ( 3, 3 ),
 ( 0.0000000000000000000, 1.000000000000000000 ),
 .UNSPECIFIED. ) 
 CURVE ( )  GEOMETRIC_REPRESENTATION_ITEM ( )  RATIONAL_B_SPLINE_CURVE ( ( 1.035714285714300020, 1.035714285714300020, 1.000000000000000000 ) ) 
 REPRESENTATION_ITEM ( '' )  );
#2349 = EDGE_CURVE ( 'NONE', #3337, #1836, #4947, .T. ) ;
#2350 = CARTESIAN_POINT ( 'NONE',  ( 0.4881889763779528879, -0.007127417435679527652, -0.2951895565497638096 ) ) ;
#2351 = ORIENTED_EDGE ( 'NONE', *, *, #535, .F. ) ;
#2352 = CARTESIAN_POINT ( 'NONE',  ( 0.5590551181102334510, -5.925228900320633741E-15, -4.111431230464715838E-14 ) ) ;
#2353 =( NAMED_UNIT ( * ) SI_UNIT ( $, .STERADIAN. ) SOLID_ANGLE_UNIT ( ) );
#2354 = CARTESIAN_POINT ( 'NONE',  ( -0.01968503937007873988, -0.02165354330708661734, 0.1498699362252086664 ) ) ;
#2355 = CARTESIAN_POINT ( 'NONE',  ( 0.5789595594094487652, -6.507430113552172318E-16, -0.2125984251968510708 ) ) ;
#2356 = CARTESIAN_POINT ( 'NONE',  ( 0.7480314960629921295, 0.07687253618020473134, 0.2952755905511771917 ) ) ;
#2357 = ORIENTED_EDGE ( 'NONE', *, *, #3833, .T. ) ;
#2358 = FILL_AREA_STYLE ('',( #3365 ) ) ;
#2359 =( CONVERSION_BASED_UNIT ( 'INCH', #4436 ) LENGTH_UNIT ( ) NAMED_UNIT ( #5128 ) );
#2360 = DIRECTION ( 'NONE',  ( 1.000000000000000000, 0.0000000000000000000, 0.0000000000000000000 ) ) ;
#2361 = DIMENSIONAL_EXPONENTS ( 1.000000000000000000, 0.0000000000000000000, 0.0000000000000000000, 0.0000000000000000000, 0.0000000000000000000, 0.0000000000000000000, 0.0000000000000000000 ) ;
#2362 =( NAMED_UNIT ( * ) SI_UNIT ( $, .STERADIAN. ) SOLID_ANGLE_UNIT ( ) );
#2363 = CIRCLE ( 'NONE', #4180, 0.2066929133858267931 ) ;
#2364 = EDGE_LOOP ( 'NONE', ( #1355, #1572, #1570, #3771 ) ) ;
#2365 = LINE ( 'NONE', #386, #4638 ) ;
#2366 = ORIENTED_EDGE ( 'NONE', *, *, #2128, .F. ) ;
#2367 = CARTESIAN_POINT ( 'NONE',  ( 0.8661417322834645827, 0.1640853131089133887, -0.02489106484384370072 ) ) ;
#2368 = CONICAL_SURFACE ( 'NONE', #24, 0.3248031496062991907, 0.7853981633974482790 ) ;
#2369 = SURFACE_STYLE_USAGE ( .BOTH. , #2397 ) ;
#2370 = AXIS2_PLACEMENT_3D ( 'NONE', #2909, #174, #915 ) ;
#2371 = SURFACE_SIDE_STYLE ('',( #2444 ) ) ;
#2372 = ORIENTED_EDGE ( 'NONE', *, *, #4214, .T. ) ;
#2373 = DIRECTION ( 'NONE',  ( -1.000000000000000000, -0.0000000000000000000, -0.0000000000000000000 ) ) ;
#2374 = LINE ( 'NONE', #2682, #640 ) ;
#2375 = VERTEX_POINT ( 'NONE', #3393 ) ;
#2376 = DIRECTION ( 'NONE',  ( -4.336808689942017736E-16, 0.0000000000000000000, 1.000000000000000000 ) ) ;
#2377 = MECHANICAL_DESIGN_GEOMETRIC_PRESENTATION_REPRESENTATION (  '', ( #3272 ), #4928 ) ;
#2378 = EDGE_CURVE ( 'NONE', #4232, #425, #2318, .T. ) ;
#2379 = VERTEX_POINT ( 'NONE', #1601 ) ;
#2380 = FACE_OUTER_BOUND ( 'NONE', #1081, .T. ) ;
#2381 = AXIS2_PLACEMENT_3D ( 'NONE', #46, #1999, #1663 ) ;
#2382 = DIRECTION ( 'NONE',  ( 0.0000000000000000000, 0.0000000000000000000, 1.000000000000000000 ) ) ;
#2383 = CARTESIAN_POINT ( 'NONE',  ( 1.239050206828582734E-16, -9.946953889268898237E-12, -0.2125984251968504046 ) ) ;
#2384 = CIRCLE ( 'NONE', #121, 0.3248031496064085477 ) ;
#2385 = EDGE_CURVE ( 'NONE', #4458, #3602, #2730, .T. ) ;
#2386 = ORIENTED_EDGE ( 'NONE', *, *, #3230, .T. ) ;
#2387 = CYLINDRICAL_SURFACE ( 'NONE', #195, 0.01968503937007803212 ) ;
#2388 = DIMENSIONAL_EXPONENTS ( 1.000000000000000000, 0.0000000000000000000, 0.0000000000000000000, 0.0000000000000000000, 0.0000000000000000000, 0.0000000000000000000, 0.0000000000000000000 ) ;
#2389 = CIRCLE ( 'NONE', #128, 0.1830708661417322636 ) ;
#2390 = COLOUR_RGB ( '',0.7607843137254901578, 0.7607843137254901578, 0.0000000000000000000 ) ;
#2391 = DIRECTION ( 'NONE',  ( 0.0000000000000000000, -0.4028767567459164978, 0.9152542372881382615 ) ) ;
#2392 = DIRECTION ( 'NONE',  ( 0.0000000000000000000, 0.9955947168474833520, 0.09376118485481715892 ) ) ;
#2393 =( NAMED_UNIT ( * ) SI_UNIT ( $, .STERADIAN. ) SOLID_ANGLE_UNIT ( ) );
#2394 = AXIS2_PLACEMENT_3D ( 'NONE', #460, #3619, #3282 ) ;
#2395 = PRESENTATION_LAYER_ASSIGNMENT (  '', '', ( #4302 ) ) ;
#2396 = EDGE_LOOP ( 'NONE', ( #4176, #1324 ) ) ;
#2397 = SURFACE_SIDE_STYLE ('',( #3523 ) ) ;
#2398 = PRESENTATION_LAYER_ASSIGNMENT (  '', '', ( #1985 ) ) ;
#2399 = AXIS2_PLACEMENT_3D ( 'NONE', #3563, #2017, #341 ) ;
#2400 = ORIENTED_EDGE ( 'NONE', *, *, #439, .T. ) ;
#2401 = SURFACE_STYLE_FILL_AREA ( #4295 ) ;
#2402 = PLANE ( 'NONE',  #3950 ) ;
#2403 = VERTEX_POINT ( 'NONE', #3866 ) ;
#2404 = AXIS2_PLACEMENT_3D ( 'NONE', #4082, #1737, #1379 ) ;
#2405 = DIRECTION ( 'NONE',  ( 1.000000000000000000, 1.691018892601527203E-15, 9.264919724629178510E-15 ) ) ;
#2406 = EDGE_LOOP ( 'NONE', ( #4324, #1518 ) ) ;
#2407 = LINE ( 'NONE', #1684, #1214 ) ;
#2408 = LINE ( 'NONE', #3586, #2878 ) ;
#2409 = CARTESIAN_POINT ( 'NONE',  ( 0.5787401574803149318, 0.2711117742252480700, -0.04948290388348032531 ) ) ;
#2410 = DIRECTION ( 'NONE',  ( 0.7071067811865566766, 8.659560562354819459E-17, 0.7071067811865382469 ) ) ;
#2411 = ADVANCED_FACE ( 'NONE', ( #1575 ), #750, .T. ) ;
#2412 = ORIENTED_EDGE ( 'NONE', *, *, #575, .T. ) ;
#2413 = CARTESIAN_POINT ( 'NONE',  ( 0.05905511811023622659, 0.06959712413253542340, 0.08928216350261340695 ) ) ;
#2414 = ITEM_DEFINED_TRANSFORMATION ( 'NONE', 'NONE', #4064,  #3233 ) ;
#2415 = CARTESIAN_POINT ( 'NONE',  ( -0.03937007874015747977, 0.3409548833797008127, 0.0000000000000000000 ) ) ;
#2416 = ADVANCED_FACE ( 'NONE', ( #3114 ), #4260, .T. ) ;
#2417 = ADVANCED_FACE ( 'NONE', ( #360 ), #167, .T. ) ;
#2418 = CARTESIAN_POINT ( 'NONE',  ( 0.3110236220472441526, -0.4901574803149605919, -0.4901574803149605919 ) ) ;
#2419 = DIRECTION ( 'NONE',  ( 1.000000000000000000, 0.0000000000000000000, 0.0000000000000000000 ) ) ;
#2420 = SPHERICAL_SURFACE ( 'NONE', #155, 0.01968503937007873988 ) ;
#2421 = EDGE_CURVE ( 'NONE', #2088, #4721, #1914, .T. ) ;
#2422 = DIRECTION ( 'NONE',  ( 5.819717467793479028E-15, 0.9640608694027966719, 0.2656814635730610497 ) ) ;
#2423 = ORIENTED_EDGE ( 'NONE', *, *, #3836, .T. ) ;
#2424 = CYLINDRICAL_SURFACE ( 'NONE', #2984, 0.03149606299212598381 ) ;
#2425 = ORIENTED_EDGE ( 'NONE', *, *, #1441, .T. ) ;
#2426 = FACE_OUTER_BOUND ( 'NONE', #1867, .T. ) ;
#2427 = DIRECTION ( 'NONE',  ( 0.0000000000000000000, -0.7605117634994609244, -0.6493241544705848911 ) ) ;
#2428 =( CONVERSION_BASED_UNIT ( 'INCH', #4027 ) LENGTH_UNIT ( ) NAMED_UNIT ( #1803 ) );
#2429 = CARTESIAN_POINT ( 'NONE',  ( 0.8661417322834645827, 0.06959712413253542340, -0.03810106114040846814 ) ) ;
#2430 = DIRECTION ( 'NONE',  ( 0.0000000000000000000, -0.3363774080760480456, 0.9417272637744115160 ) ) ;
#2431 = CARTESIAN_POINT ( 'NONE',  ( 0.5787401574803149318, -0.1784093389286220410, -0.2100482318025000128 ) ) ;
#2432 = ORIENTED_EDGE ( 'NONE', *, *, #73, .F. ) ;
#2433 = ADVANCED_FACE ( 'NONE', ( #3753 ), #86, .T. ) ;
#2434 = FACE_OUTER_BOUND ( 'NONE', #4770, .T. ) ;
#2435 = PRODUCT_CONTEXT ( 'NONE', #4857, 'mechanical' ) ;
#2436 = CARTESIAN_POINT ( 'NONE',  ( 0.5590551181102362266, -6.453990885031821484E-15, -2.236700544812615379E-14 ) ) ;
#2437 = ORIENTED_EDGE ( 'NONE', *, *, #3762, .T. ) ;
#2438 = EDGE_CURVE ( 'NONE', #2503, #1359, #3422, .T. ) ;
#2439 = AXIS2_PLACEMENT_3D ( 'NONE', #169, #1854, #4538 ) ;
#2440 = CARTESIAN_POINT ( 'NONE',  ( 0.4881889763779528879, -4.210460720235045422E-14, 4.306929102511314828E-14 ) ) ;
#2441 = FACE_OUTER_BOUND ( 'NONE', #1320, .T. ) ;
#2442 = AXIS2_PLACEMENT_3D ( 'NONE', #1904, #326, #5113 ) ;
#2443 = EDGE_CURVE ( 'NONE', #3873, #1056, #1387, .T. ) ;
#2444 = SURFACE_STYLE_FILL_AREA ( #1651 ) ;
#2445 = VECTOR ( 'NONE', #2866, 39.37007874015748143 ) ;
#2446 = VERTEX_POINT ( 'NONE', #4066 ) ;
#2447 = CARTESIAN_POINT ( 'NONE',  ( 0.7408997937670472878, -0.1051792844081889805, -0.2952755905511811885 ) ) ;
#2448 = SURFACE_STYLE_FILL_AREA ( #1681 ) ;
#2449 = ORIENTED_EDGE ( 'NONE', *, *, #1255, .T. ) ;
#2450 = AXIS2_PLACEMENT_3D ( 'NONE', #4976, #3068, #3823 ) ;
#2451 = SHAPE_REPRESENTATION ( 'CDM1209 HOUSING', ( #3233 ), #3978 ) ;
#2452 = PLANE ( 'NONE',  #2198 ) ;
#2453 = FACE_OUTER_BOUND ( 'NONE', #249, .T. ) ;
#2454 = CARTESIAN_POINT ( 'NONE',  ( 0.05905511811023622659, 0.06959712413253542340, 0.04991208476245591330 ) ) ;
#2455 = FILL_AREA_STYLE ('',( #3299 ) ) ;
#2456 = VECTOR ( 'NONE', #2568, 39.37007874015748143 ) ;
#2457 = DIRECTION ( 'NONE',  ( -1.000000000000000000, -0.0000000000000000000, -0.0000000000000000000 ) ) ;
#2458 = CARTESIAN_POINT ( 'NONE',  ( 0.05905511811023622659, -0.06959712413253542340, -0.08928216350261448941 ) ) ;
#2459 = ORIENTED_EDGE ( 'NONE', *, *, #1917, .T. ) ;
#2460 = CIRCLE ( 'NONE', #3275, 0.01968503937007875029 ) ;
#2461 = EDGE_LOOP ( 'NONE', ( #325, #2327, #3861, #2675 ) ) ;
#2462 = DIRECTION ( 'NONE',  ( 1.000000000000000000, 0.0000000000000000000, 0.0000000000000000000 ) ) ;
#2463 = CYLINDRICAL_SURFACE ( 'NONE', #1892, 0.1811023622047244486 ) ;
#2464 = EDGE_LOOP ( 'NONE', ( #1021, #2683 ) ) ;
#2465 = VECTOR ( 'NONE', #1613, 39.37007874015748143 ) ;
#2466 = CARTESIAN_POINT ( 'NONE',  ( 0.3110236220472441526, -0.06959712413253542340, -0.06959712413253464625 ) ) ;
#2467 = DIRECTION ( 'NONE',  ( 1.000000000000000000, 0.0000000000000000000, 0.0000000000000000000 ) ) ;
#2468 = COLOUR_RGB ( '',0.7607843137254901578, 0.7607843137254901578, 0.0000000000000000000 ) ;
#2469 = EDGE_CURVE ( 'NONE', #4294, #1768, #512, .T. ) ;
#2470 = AXIS2_PLACEMENT_3D ( 'NONE', #4990, #3389, #197 ) ;
#2471 = ORIENTED_EDGE ( 'NONE', *, *, #4373, .T. ) ;
#2472 = CARTESIAN_POINT ( 'NONE',  ( 0.7480314960629921295, 5.544660704800984679E-18, 0.0000000000000000000 ) ) ;
#2473 = FACE_OUTER_BOUND ( 'NONE', #3550, .T. ) ;
#2474 = ORIENTED_EDGE ( 'NONE', *, *, #5059, .T. ) ;
#2475 = DIRECTION ( 'NONE',  ( 0.0000000000000000000, 0.0000000000000000000, -1.000000000000000000 ) ) ;
#2476 = EDGE_CURVE ( 'NONE', #2815, #201, #1716, .T. ) ;
#2477 =( GEOMETRIC_REPRESENTATION_CONTEXT ( 3 ) GLOBAL_UNCERTAINTY_ASSIGNED_CONTEXT ( ( #4134 ) ) GLOBAL_UNIT_ASSIGNED_CONTEXT ( ( #107, #1337, #2924 ) ) REPRESENTATION_CONTEXT ( 'NONE', 'WORKASPACE' ) );
#2478 = CARTESIAN_POINT ( 'NONE',  ( 0.7480314960629921295, 3.457495116981333290E-16, -8.246766130873994381E-15 ) ) ;
#2479 = CARTESIAN_POINT ( 'NONE',  ( 0.4881889763779695413, -2.702992849231184397E-13, -8.281341082043808035E-14 ) ) ;
#2480 = AXIS2_PLACEMENT_3D ( 'NONE', #4882, #4028, #1789 ) ;
#2481 = CARTESIAN_POINT ( 'NONE',  ( 0.9842519685039370358, -0.06959712413253542340, 0.06959712413253542340 ) ) ;
#2482 = ADVANCED_BREP_SHAPE_REPRESENTATION ( '', ( #324, #3233 ), #3899 ) ;
#2483 = CIRCLE ( 'NONE', #2976, 0.2755905511811027608 ) ;
#2484 = CARTESIAN_POINT ( 'NONE',  ( 0.7283464566929134243, 6.231994087446635113E-16, -9.057310782947853548E-17 ) ) ;
#2485 = CARTESIAN_POINT ( 'NONE',  ( 0.0000000000000000000, 0.0000000000000000000, 0.0000000000000000000 ) ) ;
#2486 = VERTEX_POINT ( 'NONE', #3280 ) ;
#2487 = CARTESIAN_POINT ( 'NONE',  ( -0.03937007874015747977, -0.3409548833797008127, 3.496765431890276493E-17 ) ) ;
#2488 = MECHANICAL_DESIGN_GEOMETRIC_PRESENTATION_REPRESENTATION (  '', ( #1176 ), #323 ) ;
#2489 = CARTESIAN_POINT ( 'NONE',  ( 0.5590551181102362266, -5.181974162981899064E-15, 8.793135729606847419E-15 ) ) ;
#2490 = DIMENSIONAL_EXPONENTS ( 1.000000000000000000, 0.0000000000000000000, 0.0000000000000000000, 0.0000000000000000000, 0.0000000000000000000, 0.0000000000000000000, 0.0000000000000000000 ) ;
#2491 = DIRECTION ( 'NONE',  ( 1.000000000000000000, -1.541394104371959914E-16, -8.445140798567639080E-16 ) ) ;
#2492 = EDGE_CURVE ( 'NONE', #1957, #4784, #1074, .T. ) ;
#2493 = AXIS2_PLACEMENT_3D ( 'NONE', #1937, #5124, #3492 ) ;
#2494 = ORIENTED_EDGE ( 'NONE', *, *, #73, .T. ) ;
#2495 = CARTESIAN_POINT ( 'NONE',  ( 0.7480314960629921295, -0.2557161625347756928, 0.1476377952755905110 ) ) ;
#2496 = ORIENTED_EDGE ( 'NONE', *, *, #2949, .F. ) ;
#2497 = DIRECTION ( 'NONE',  ( -1.000000000000000000, 6.938893903907280442E-15, -6.938893903907210234E-15 ) ) ;
#2498 = ORIENTED_EDGE ( 'NONE', *, *, #1852, .T. ) ;
#2499 = EDGE_CURVE ( 'NONE', #684, #3539, #2231, .T. ) ;
#2500 = ORIENTED_EDGE ( 'NONE', *, *, #1284, .F. ) ;
#2501 = DIRECTION ( 'NONE',  ( 0.0000000000000000000, 1.000000000000000000, 0.0000000000000000000 ) ) ;
#2502 =( LENGTH_UNIT ( ) NAMED_UNIT ( * ) SI_UNIT ( $, .METRE. ) );
#2503 = VERTEX_POINT ( 'NONE', #533 ) ;
#2504 = SURFACE_STYLE_FILL_AREA ( #499 ) ;
#2505 = EDGE_CURVE ( 'NONE', #3459, #143, #56, .T. ) ;
#2506 = ORIENTED_EDGE ( 'NONE', *, *, #4078, .F. ) ;
#2507 = DIRECTION ( 'NONE',  ( 0.0000000000000000000, 0.0000000000000000000, -1.000000000000000000 ) ) ;
#2508 = CARTESIAN_POINT ( 'NONE',  ( 0.5590551181102362266, -0.2901456022643937871, -0.05480149507067716419 ) ) ;
#2509 = PLANE ( 'NONE',  #4293 ) ;
#2510 = CARTESIAN_POINT ( 'NONE',  ( 0.4685039370078740717, -2.936736593189082911E-15, 3.325171229788220556E-15 ) ) ;
#2511 = EDGE_CURVE ( 'NONE', #2603, #4957, #2972, .T. ) ;
#2512 = CARTESIAN_POINT ( 'NONE',  ( 0.5590551181102362266, 3.069060480382195743E-15, 2.031811945287795608E-15 ) ) ;
#2513 = CARTESIAN_POINT ( 'NONE',  ( 0.7408997937670472878, -0.3083058047388701484, -0.05654986302623227906 ) ) ;
#2514 = DIRECTION ( 'NONE',  ( 1.000000000000000000, 0.0000000000000000000, 0.0000000000000000000 ) ) ;
#2515 = CARTESIAN_POINT ( 'NONE',  ( 0.3110236220472441526, -0.06959712413253542340, -0.06959712413253464625 ) ) ;
#2516 = DIRECTION ( 'NONE',  ( 0.0000000000000000000, 0.0000000000000000000, 1.000000000000000000 ) ) ;
#2517 = CARTESIAN_POINT ( 'NONE',  ( 0.6692913385826771977, 1.344099386984862280E-17, 0.0000000000000000000 ) ) ;
#2518 = ORIENTED_EDGE ( 'NONE', *, *, #851, .F. ) ;
#2519 = PRESENTATION_STYLE_ASSIGNMENT (( #1701 ) ) ;
#2520 = EDGE_LOOP ( 'NONE', ( #2167, #4071, #2292, #545 ) ) ;
#2521 = DIRECTION ( 'NONE',  ( 6.938893903907228378E-15, -2.664535259099995860E-15, 1.000000000000000000 ) ) ;
#2522 = VERTEX_POINT ( 'NONE', #1039 ) ;
#2523 = CARTESIAN_POINT ( 'NONE',  ( 0.4881889763779529434, 0.04110356893272047035, 0.2125984251968504046 ) ) ;
#2524 = CARTESIAN_POINT ( 'NONE',  ( -0.01968503937007873988, 6.181466372770866908E-18, 9.556300923451989085E-17 ) ) ;
#2525 = ORIENTED_EDGE ( 'NONE', *, *, #3320, .T. ) ;
#2526 = COLOUR_RGB ( '',0.2509803921568627416, 0.2509803921568627416, 0.2509803921568627416 ) ;
#2527 = UNCERTAINTY_MEASURE_WITH_UNIT (LENGTH_MEASURE( 1.000000000000000082E-05 ), #3216, 'distance_accuracy_value', 'NONE');
#2528 = VERTEX_POINT ( 'NONE', #2617 ) ;
#2529 = FACE_OUTER_BOUND ( 'NONE', #238, .T. ) ;
#2530 = DIRECTION ( 'NONE',  ( -1.000000000000000000, 1.909299283380273184E-16, 4.031196689117466017E-16 ) ) ;
#2531 = ORIENTED_EDGE ( 'NONE', *, *, #3302, .T. ) ;
#2532 = EDGE_CURVE ( 'NONE', #4234, #201, #3626, .T. ) ;
#2533 = VERTEX_POINT ( 'NONE', #639 ) ;
#2534 =( LENGTH_UNIT ( ) NAMED_UNIT ( * ) SI_UNIT ( $, .METRE. ) );
#2535 = COLOUR_RGB ( '',0.7607843137254901578, 0.7607843137254901578, 0.0000000000000000000 ) ;
#2536 = CYLINDRICAL_SURFACE ( 'NONE', #799, 0.01968503937007803212 ) ;
#2537 = CARTESIAN_POINT ( 'NONE',  ( 0.8661417322834645827, 0.06959712413253542340, -0.06959712413253504870 ) ) ;
#2538 = DIRECTION ( 'NONE',  ( 0.0000000000000000000, -0.9417272637744167341, -0.3363774080760331131 ) ) ;
#2539 = CIRCLE ( 'NONE', #115, 0.3051181102362277575 ) ;
#2540 = EDGE_CURVE ( 'NONE', #2314, #4240, #4502, .T. ) ;
#2541 = DIRECTION ( 'NONE',  ( -1.000000000000000000, 8.084403522249294421E-16, 2.887683947641054933E-16 ) ) ;
#2542 =( GEOMETRIC_REPRESENTATION_CONTEXT ( 3 ) GLOBAL_UNCERTAINTY_ASSIGNED_CONTEXT ( ( #657 ) ) GLOBAL_UNIT_ASSIGNED_CONTEXT ( ( #3131, #2749, #382 ) ) REPRESENTATION_CONTEXT ( 'NONE', 'WORKASPACE' ) );
#2543 = CARTESIAN_POINT ( 'NONE',  ( 0.5590551181102362266, -8.537024980200822558E-18, 0.0000000000000000000 ) ) ;
#2544 =( NAMED_UNIT ( * ) PLANE_ANGLE_UNIT ( ) SI_UNIT ( $, .RADIAN. ) );
#2545 = DIRECTION ( 'NONE',  ( 1.000000000000000000, 0.0000000000000000000, 0.0000000000000000000 ) ) ;
#2546 = AXIS2_PLACEMENT_3D ( 'NONE', #2640, #612, #1899 ) ;
#2547 = EDGE_LOOP ( 'NONE', ( #3976, #1368, #2449, #576, #1373 ) ) ;
#2548 = CARTESIAN_POINT ( 'NONE',  ( 0.8661417322834645827, 0.06959712413253590912, -0.04991208476245747455 ) ) ;
#2549 = ORIENTED_EDGE ( 'NONE', *, *, #3471, .F. ) ;
#2550 = CARTESIAN_POINT ( 'NONE',  ( 0.7283464566929134243, 5.807939008632297609E-17, 0.0000000000000000000 ) ) ;
#2551 = AXIS2_PLACEMENT_3D ( 'NONE', #3478, #1608, #4326 ) ;
#2552 = CARTESIAN_POINT ( 'NONE',  ( 0.5741873909565953227, -0.2801433177048223144, 2.389334648846104426E-16 ) ) ;
#2553 = VERTEX_POINT ( 'NONE', #3005 ) ;
#2554 = DIMENSIONAL_EXPONENTS ( 1.000000000000000000, 0.0000000000000000000, 0.0000000000000000000, 0.0000000000000000000, 0.0000000000000000000, 0.0000000000000000000, 0.0000000000000000000 ) ;
#2555 = AXIS2_PLACEMENT_3D ( 'NONE', #3143, #4292, #3554 ) ;
#2556 =( GEOMETRIC_REPRESENTATION_CONTEXT ( 3 ) GLOBAL_UNCERTAINTY_ASSIGNED_CONTEXT ( ( #336 ) ) GLOBAL_UNIT_ASSIGNED_CONTEXT ( ( #1656, #2862, #3634 ) ) REPRESENTATION_CONTEXT ( 'NONE', 'WORKASPACE' ) );
#2557 = FILL_AREA_STYLE_COLOUR ( '', #5000 ) ;
#2558 = ORIENTED_EDGE ( 'NONE', *, *, #4626, .F. ) ;
#2559 = CARTESIAN_POINT ( 'NONE',  ( 0.7283464566929134243, -0.1880600253060984162, -0.2648216623995157670 ) ) ;
#2560 = FACE_OUTER_BOUND ( 'NONE', #2915, .T. ) ;
#2561 = ORIENTED_EDGE ( 'NONE', *, *, #4193, .T. ) ;
#2562 = CIRCLE ( 'NONE', #4211, 0.2755905511810978759 ) ;
#2563 = CIRCLE ( 'NONE', #406, 0.3248031496064086587 ) ;
#2564 = ORIENTED_EDGE ( 'NONE', *, *, #4686, .T. ) ;
#2565 = CIRCLE ( 'NONE', #734, 0.2125984251968504046 ) ;
#2566 = FACE_OUTER_BOUND ( 'NONE', #114, .T. ) ;
#2567 = CIRCLE ( 'NONE', #725, 0.03149606299212598381 ) ;
#2568 = DIRECTION ( 'NONE',  ( -1.000000000000000000, 0.0000000000000000000, 0.0000000000000000000 ) ) ;
#2569 = ADVANCED_FACE ( 'NONE', ( #3486 ), #5107, .T. ) ;
#2570 = CARTESIAN_POINT ( 'NONE',  ( 0.7408997937670472878, -0.2031265203306811262, 0.2387257275249528299 ) ) ;
#2571 = CIRCLE ( 'NONE', #573, 0.01968503937007984317 ) ;
#2572 = LINE ( 'NONE', #193, #4298 ) ;
#2573 = DIRECTION ( 'NONE',  ( 0.0000000000000000000, 1.000000000000000000, 0.0000000000000000000 ) ) ;
#2574 = EDGE_CURVE ( 'NONE', #2783, #4845, #484, .T. ) ;
#2575 = EDGE_CURVE ( 'NONE', #1475, #3935, #3456, .T. ) ;
#2576 = CARTESIAN_POINT ( 'NONE',  ( 0.7283464566929134243, 0.1880600253060984162, -0.2648216623995157670 ) ) ;
#2577 = CARTESIAN_POINT ( 'NONE',  ( 0.5590551181102362266, -4.268512490100411279E-18, -4.268512490100411279E-18 ) ) ;
#2578 = AXIS2_PLACEMENT_3D ( 'NONE', #2991, #3341, #4578 ) ;
#2579 = ORIENTED_EDGE ( 'NONE', *, *, #2865, .F. ) ;
#2580 = UNCERTAINTY_MEASURE_WITH_UNIT (LENGTH_MEASURE( 1.000000000000000082E-05 ), #948, 'distance_accuracy_value', 'NONE');
#2581 = FACE_OUTER_BOUND ( 'NONE', #551, .T. ) ;
#2582 = EDGE_CURVE ( 'NONE', #1091, #3848, #987, .T. ) ;
#2583 = ORIENTED_EDGE ( 'NONE', *, *, #3411, .F. ) ;
#2584 = VECTOR ( 'NONE', #1638, 39.37007874015748143 ) ;
#2585 = DIRECTION ( 'NONE',  ( -1.000000000000000000, 6.938893903907280442E-15, -6.938893903907209445E-15 ) ) ;
#2586 = EDGE_LOOP ( 'NONE', ( #2494, #4697, #4880, #4178 ) ) ;
#2587 = CARTESIAN_POINT ( 'NONE',  ( 0.4881889763779529434, -0.04110356894152362300, 0.2125984251951496262 ) ) ;
#2588 = UNCERTAINTY_MEASURE_WITH_UNIT (LENGTH_MEASURE( 1.000000000000000082E-05 ), #1916, 'distance_accuracy_value', 'NONE');
#2589 = EDGE_LOOP ( 'NONE', ( #2022, #3016, #3301, #4852, #4752, #2623, #3843, #1856, #17, #4847, #1934, #4374, #674 ) ) ;
#2590 = CARTESIAN_POINT ( 'NONE',  ( 0.3110236220472441526, 0.06959712413253542340, 0.08928216350261340695 ) ) ;
#2591 = DIRECTION ( 'NONE',  ( 1.000000000000000000, 0.0000000000000000000, 3.771137991253912796E-16 ) ) ;
#2592 = ORIENTED_EDGE ( 'NONE', *, *, #1944, .T. ) ;
#2593 = ORIENTED_EDGE ( 'NONE', *, *, #3934, .F. ) ;
#2594 = DIRECTION ( 'NONE',  ( 0.0000000000000000000, -0.2519435379326118718, 0.9677419354838346921 ) ) ;
#2595 = DIMENSIONAL_EXPONENTS ( 1.000000000000000000, 0.0000000000000000000, 0.0000000000000000000, 0.0000000000000000000, 0.0000000000000000000, 0.0000000000000000000, 0.0000000000000000000 ) ;
#2596 = CARTESIAN_POINT ( 'NONE',  ( 0.7480314960629921295, 0.2941524306248700649, 0.08106422609020866310 ) ) ;
#2597 = CARTESIAN_POINT ( 'NONE',  ( 0.8661417322834645827, 0.02489106484384488380, -0.02489106484384370072 ) ) ;
#2598 = SPHERICAL_SURFACE ( 'NONE', #2810, 0.01968503937007873988 ) ;
#2599 = CARTESIAN_POINT ( 'NONE',  ( 0.5629921259843306824, -0.05839526367789763667, 0.2125984251967716621 ) ) ;
#2600 = ADVANCED_FACE ( 'NONE', ( #3832 ), #1659, .T. ) ;
#2601 = CARTESIAN_POINT ( 'NONE',  ( 0.6988188976377954775, 0.1353122744573582725, -0.2952755905511810774 ) ) ;
#2602 = CARTESIAN_POINT ( 'NONE',  ( 0.6496062992125984925, -3.457495116981333290E-16, 8.246766130873994381E-15 ) ) ;
#2603 = VERTEX_POINT ( 'NONE', #4985 ) ;
#2604 = ORIENTED_EDGE ( 'NONE', *, *, #2343, .F. ) ;
#2605 = FACE_OUTER_BOUND ( 'NONE', #361, .T. ) ;
#2606 = FILL_AREA_STYLE ('',( #2653 ) ) ;
#2607 = ORIENTED_EDGE ( 'NONE', *, *, #3588, .T. ) ;
#2608 = FACE_OUTER_BOUND ( 'NONE', #2461, .T. ) ;
#2609 = ADVANCED_FACE ( 'NONE', ( #3883 ), #2598, .T. ) ;
#2610 = DIRECTION ( 'NONE',  ( -1.387778780781445676E-14, 4.336808689942017736E-16, 1.000000000000000000 ) ) ;
#2611 = PRESENTATION_LAYER_ASSIGNMENT (  '', '', ( #4991 ) ) ;
#2612 = ORIENTED_EDGE ( 'NONE', *, *, #4663, .T. ) ;
#2613 = DIRECTION ( 'NONE',  ( 1.000000000000000000, 0.0000000000000000000, 0.0000000000000000000 ) ) ;
#2614 = EDGE_LOOP ( 'NONE', ( #2990, #4097 ) ) ;
#2615 = DIMENSIONAL_EXPONENTS ( 1.000000000000000000, 0.0000000000000000000, 0.0000000000000000000, 0.0000000000000000000, 0.0000000000000000000, 0.0000000000000000000, 0.0000000000000000000 ) ;
#2616 = DIRECTION ( 'NONE',  ( 0.0000000000000000000, -0.9640608694027962278, 0.2656814635730623264 ) ) ;
#2617 = CARTESIAN_POINT ( 'NONE',  ( 0.7480314960629921295, -0.2172798944446771852, -0.2142113644609763834 ) ) ;
#2618 = DIRECTION ( 'NONE',  ( -1.000000000000000000, 0.0000000000000000000, 0.0000000000000000000 ) ) ;
#2619 =( BOUNDED_CURVE ( )  B_SPLINE_CURVE ( 2, ( #4773, #2342, #3575 ),
 .UNSPECIFIED., .F., .F. ) 
 B_SPLINE_CURVE_WITH_KNOTS ( ( 3, 3 ),
 ( 0.0000000000000000000, 0.8573395951174399565 ),
 .UNSPECIFIED. ) 
 CURVE ( )  GEOMETRIC_REPRESENTATION_ITEM ( )  RATIONAL_B_SPLINE_CURVE ( ( 1.045871559632999936, 1.034288193365699993, 1.008849557522099927 ) ) 
 REPRESENTATION_ITEM ( '' )  );
#2620 = COLOUR_RGB ( '',0.7607843137254901578, 0.7607843137254901578, 0.0000000000000000000 ) ;
#2621 = CYLINDRICAL_SURFACE ( 'NONE', #5025, 0.3248031496060185819 ) ;
#2622 = ORIENTED_EDGE ( 'NONE', *, *, #4603, .F. ) ;
#2623 = ORIENTED_EDGE ( 'NONE', *, *, #3557, .T. ) ;
#2624 = EDGE_CURVE ( 'NONE', #4496, #1682, #4631, .T. ) ;
#2625 = ORIENTED_EDGE ( 'NONE', *, *, #1927, .T. ) ;
#2626 = DIRECTION ( 'NONE',  ( 0.0000000000000000000, 1.000000000000000000, -4.686621519688160736E-17 ) ) ;
#2627 = AXIS2_PLACEMENT_3D ( 'NONE', #4005, #3326, #3690 ) ;
#2628 = DIRECTION ( 'NONE',  ( -1.000000000000000000, -7.715190224798957223E-16, -9.782701856712095439E-15 ) ) ;
#2629 = CIRCLE ( 'NONE', #44, 0.2165354330708666453 ) ;
#2630 = ORIENTED_EDGE ( 'NONE', *, *, #594, .T. ) ;
#2631 = DIRECTION ( 'NONE',  ( 0.0000000000000000000, 0.0000000000000000000, -1.000000000000000000 ) ) ;
#2632 = EDGE_CURVE ( 'NONE', #1805, #607, #950, .T. ) ;
#2633 =( NAMED_UNIT ( * ) PLANE_ANGLE_UNIT ( ) SI_UNIT ( $, .RADIAN. ) );
#2634 = EDGE_CURVE ( 'NONE', #3112, #4575, #4470, .T. ) ;
#2635 = ORIENTED_EDGE ( 'NONE', *, *, #3869, .T. ) ;
#2636 = AXIS2_PLACEMENT_3D ( 'NONE', #4580, #3342, #4601 ) ;
#2637 = ORIENTED_EDGE ( 'NONE', *, *, #3890, .T. ) ;
#2638 = CARTESIAN_POINT ( 'NONE',  ( 0.6496062992125984925, 0.2172798944446771852, 0.2142113644609763834 ) ) ;
#2639 = COLOUR_RGB ( '',0.7607843137254901578, 0.7607843137254901578, 0.0000000000000000000 ) ;
#2640 = CARTESIAN_POINT ( 'NONE',  ( 0.7283464566929134243, -1.701450374994314482E-16, 9.395671748265965567E-17 ) ) ;
#2641 = CARTESIAN_POINT ( 'NONE',  ( 0.7283464566929134243, 0.0000000000000000000, 2.306351827984412328E-16 ) ) ;
#2642 = AXIS2_PLACEMENT_3D ( 'NONE', #896, #1249, #2507 ) ;
#2643 = ORIENTED_EDGE ( 'NONE', *, *, #821, .F. ) ;
#2644 = SURFACE_STYLE_USAGE ( .BOTH. , #4227 ) ;
#2645 =( CONVERSION_BASED_UNIT ( 'INCH', #295 ) LENGTH_UNIT ( ) NAMED_UNIT ( #3878 ) );
#2646 = AXIS2_PLACEMENT_3D ( 'NONE', #3835, #1832, #3388 ) ;
#2647 =( GEOMETRIC_REPRESENTATION_CONTEXT ( 3 ) GLOBAL_UNCERTAINTY_ASSIGNED_CONTEXT ( ( #2588 ) ) GLOBAL_UNIT_ASSIGNED_CONTEXT ( ( #1916, #912, #4093 ) ) REPRESENTATION_CONTEXT ( 'NONE', 'WORKASPACE' ) );
#2648 = CARTESIAN_POINT ( 'NONE',  ( 0.5787401574803149318, 0.09270243530559843514, -0.2595311356826299209 ) ) ;
#2649 =( BOUNDED_CURVE ( )  B_SPLINE_CURVE ( 2, ( #1484, #4645, #1100 ),
 .UNSPECIFIED., .F., .T. ) 
 B_SPLINE_CURVE_WITH_KNOTS ( ( 3, 3 ),
 ( 0.0000000000000000000, 0.9329053640474385123 ),
 .UNSPECIFIED. ) 
 CURVE ( )  GEOMETRIC_REPRESENTATION_ITEM ( )  RATIONAL_B_SPLINE_CURVE ( ( 1.035714285714300020, 1.035714285714300020, 1.004631699347556140 ) ) 
 REPRESENTATION_ITEM ( '' )  );
#2650 = ORIENTED_EDGE ( 'NONE', *, *, #2668, .F. ) ;
#2651 = ORIENTED_EDGE ( 'NONE', *, *, #3734, .F. ) ;
#2652 = CARTESIAN_POINT ( 'NONE',  ( 0.7283464566929134243, 4.542550991964857435E-14, 9.911486002013155582E-14 ) ) ;
#2653 = FILL_AREA_STYLE_COLOUR ( '', #4466 ) ;
#2654 = ORIENTED_EDGE ( 'NONE', *, *, #1124, .T. ) ;
#2655 = CIRCLE ( 'NONE', #1591, 0.2322834645669288045 ) ;
#2656 =( LENGTH_UNIT ( ) NAMED_UNIT ( * ) SI_UNIT ( $, .METRE. ) );
#2657 = EDGE_CURVE ( 'NONE', #4411, #3856, #2228, .T. ) ;
#2658 =( NAMED_UNIT ( * ) PLANE_ANGLE_UNIT ( ) SI_UNIT ( $, .RADIAN. ) );
#2659 = ORIENTED_EDGE ( 'NONE', *, *, #2, .F. ) ;
#2660 = CARTESIAN_POINT ( 'NONE',  ( 0.5708661417322835607, 0.02866676580815590361, 0.2125984251968504046 ) ) ;
#2661 = DIRECTION ( 'NONE',  ( -1.000000000000000000, -0.0000000000000000000, -0.0000000000000000000 ) ) ;
#2662 = VERTEX_POINT ( 'NONE', #2825 ) ;
#2663 = CARTESIAN_POINT ( 'NONE',  ( 0.7283464566929134243, 0.06959712413253542340, -0.03810106114040846120 ) ) ;
#2664 = EDGE_CURVE ( 'NONE', #5066, #3885, #3802, .T. ) ;
#2665 = LENGTH_MEASURE_WITH_UNIT ( LENGTH_MEASURE( 0.02539999999999999897 ), #980 );
#2666 = FACE_OUTER_BOUND ( 'NONE', #467, .T. ) ;
#2667 = CARTESIAN_POINT ( 'NONE',  ( 0.7283464566929134243, 5.807939008632297609E-17, 0.0000000000000000000 ) ) ;
#2668 = EDGE_CURVE ( 'NONE', #143, #1140, #819, .T. ) ;
#2669 = ORIENTED_EDGE ( 'NONE', *, *, #1593, .T. ) ;
#2670 = DIRECTION ( 'NONE',  ( 0.0000000000000000000, 0.0000000000000000000, 1.000000000000000000 ) ) ;
#2671 = DIRECTION ( 'NONE',  ( 0.0000000000000000000, 4.336808689941774668E-16, 1.000000000000000000 ) ) ;
#2672 = SURFACE_STYLE_FILL_AREA ( #4651 ) ;
#2673 = ORIENTED_EDGE ( 'NONE', *, *, #666, .F. ) ;
#2674 = CARTESIAN_POINT ( 'NONE',  ( -1.315928760983464552E-16, 0.04472041484887795404, 0.2125984251968504046 ) ) ;
#2675 = ORIENTED_EDGE ( 'NONE', *, *, #2378, .T. ) ;
#2676 =( NAMED_UNIT ( * ) SI_UNIT ( $, .STERADIAN. ) SOLID_ANGLE_UNIT ( ) );
#2677 = DIMENSIONAL_EXPONENTS ( 1.000000000000000000, 0.0000000000000000000, 0.0000000000000000000, 0.0000000000000000000, 0.0000000000000000000, 0.0000000000000000000, 0.0000000000000000000 ) ;
#2678 = SURFACE_SIDE_STYLE ('',( #1111 ) ) ;
#2679 = LINE ( 'NONE', #4262, #4359 ) ;
#2680 = ORIENTED_EDGE ( 'NONE', *, *, #1968, .T. ) ;
#2681 = CARTESIAN_POINT ( 'NONE',  ( -0.03937007874015747977, 6.181466372770866908E-18, 0.1830708661417324024 ) ) ;
#2682 = CARTESIAN_POINT ( 'NONE',  ( 0.5236220472440944462, -0.2901456022643937871, -0.05480149507067716419 ) ) ;
#2683 = ORIENTED_EDGE ( 'NONE', *, *, #2343, .T. ) ;
#2684 = DIRECTION ( 'NONE',  ( 1.000000000000000000, 3.771137991253928573E-16, 3.771137991253909345E-16 ) ) ;
#2685 = DIRECTION ( 'NONE',  ( 0.0000000000000000000, -0.6473710298265451524, -0.7621750125406359100 ) ) ;
#2686 = LENGTH_MEASURE_WITH_UNIT ( LENGTH_MEASURE( 0.02539999999999999897 ), #1099 );
#2687 = LINE ( 'NONE', #3737, #4570 ) ;
#2688 = FILL_AREA_STYLE_COLOUR ( '', #3880 ) ;
#2689 = EDGE_CURVE ( 'NONE', #1726, #1719, #3072, .T. ) ;
#2690 = AXIS2_PLACEMENT_3D ( 'NONE', #4333, #1070, #825 ) ;
#2691 = EDGE_LOOP ( 'NONE', ( #4422, #2474, #1370, #4678 ) ) ;
#2692 = PRESENTATION_STYLE_ASSIGNMENT (( #2644 ) ) ;
#2693 = COLOUR_RGB ( '',0.7607843137254901578, 0.7607843137254901578, 0.0000000000000000000 ) ;
#2694 =( CONVERSION_BASED_UNIT ( 'INCH', #4256 ) LENGTH_UNIT ( ) NAMED_UNIT ( #2848 ) );
#2695 = EDGE_CURVE ( 'NONE', #2874, #1191, #1578, .T. ) ;
#2696 = PRODUCT_DEFINITION ( 'UNKNOWN', '', #3076, #1172 ) ;
#2697 = FACE_OUTER_BOUND ( 'NONE', #3511, .T. ) ;
#2698 = AXIS2_PLACEMENT_3D ( 'NONE', #922, #3372, #1815 ) ;
#2699 = EDGE_LOOP ( 'NONE', ( #4317, #1869, #800, #1479 ) ) ;
#2700 =( GEOMETRIC_REPRESENTATION_CONTEXT ( 3 ) GLOBAL_UNCERTAINTY_ASSIGNED_CONTEXT ( ( #2527 ) ) GLOBAL_UNIT_ASSIGNED_CONTEXT ( ( #3216, #3971, #2836 ) ) REPRESENTATION_CONTEXT ( 'NONE', 'WORKASPACE' ) );
#2701 = CARTESIAN_POINT ( 'NONE',  ( 0.4881889763779528879, 0.007127417435679133870, 0.2951895565497638096 ) ) ;
#2702 = ORIENTED_EDGE ( 'NONE', *, *, #2792, .F. ) ;
#2703 = CARTESIAN_POINT ( 'NONE',  ( 0.7283464566929134243, -0.1353122744573582725, -0.2952755905511810774 ) ) ;
#2704 = ORIENTED_EDGE ( 'NONE', *, *, #4821, .F. ) ;
#2705 = VECTOR ( 'NONE', #3988, 39.37007874015748854 ) ;
#2706 = FILL_AREA_STYLE_COLOUR ( '', #2125 ) ;
#2707 = ORIENTED_EDGE ( 'NONE', *, *, #2286, .F. ) ;
#2708 =( BOUNDED_CURVE ( )  B_SPLINE_CURVE ( 2, ( #448, #45, #3225 ),
 .UNSPECIFIED., .F., .F. ) 
 B_SPLINE_CURVE_WITH_KNOTS ( ( 3, 3 ),
 ( 0.0000000000000000000, 1.000000000000000000 ),
 .UNSPECIFIED. ) 
 CURVE ( )  GEOMETRIC_REPRESENTATION_ITEM ( )  RATIONAL_B_SPLINE_CURVE ( ( 1.000000000000000000, 1.020663065298099914, 1.032786885245899899 ) ) 
 REPRESENTATION_ITEM ( '' )  );
#2709 = CIRCLE ( 'NONE', #36, 0.01968503937007984317 ) ;
#2710 =( NAMED_UNIT ( * ) PLANE_ANGLE_UNIT ( ) SI_UNIT ( $, .RADIAN. ) );
#2711 = ORIENTED_EDGE ( 'NONE', *, *, #1124, .F. ) ;
#2712 = CARTESIAN_POINT ( 'NONE',  ( 0.5787401574803149318, -2.791607168525668798E-15, -1.933636158015486189E-15 ) ) ;
#2713 = SURFACE_STYLE_USAGE ( .BOTH. , #4681 ) ;
#2714 = CARTESIAN_POINT ( 'NONE',  ( 0.6496062992125984925, 0.07687253618020473134, -0.2952755905511771917 ) ) ;
#2715 = CIRCLE ( 'NONE', #2551, 0.3248031496063403245 ) ;
#2716 = ORIENTED_EDGE ( 'NONE', *, *, #2027, .F. ) ;
#2717 = CONICAL_SURFACE ( 'NONE', #3957, 0.2952755905511808554, 0.7853981633974344012 ) ;
#2718 = EDGE_CURVE ( 'NONE', #1359, #2107, #1590, .T. ) ;
#2719 = LENGTH_MEASURE_WITH_UNIT ( LENGTH_MEASURE( 0.02539999999999999897 ), #252 );
#2720 = CYLINDRICAL_SURFACE ( 'NONE', #3199, 0.01968503937007873988 ) ;
#2721 = CIRCLE ( 'NONE', #648, 0.01968503937007873988 ) ;
#2722 = MECHANICAL_DESIGN_GEOMETRIC_PRESENTATION_REPRESENTATION (  '', ( #3959 ), #2477 ) ;
#2723 = VERTEX_POINT ( 'NONE', #2048 ) ;
#2724 = ADVANCED_FACE ( 'NONE', ( #3613 ), #378, .F. ) ;
#2725 = VECTOR ( 'NONE', #1935, 39.37007874015748143 ) ;
#2726 = PRESENTATION_LAYER_ASSIGNMENT (  '', '', ( #4950 ) ) ;
#2727 = CARTESIAN_POINT ( 'NONE',  ( -1.295041002872638075E-16, -0.04472041484887795404, 0.2125984251968504046 ) ) ;
#2728 = ORIENTED_EDGE ( 'NONE', *, *, #1758, .F. ) ;
#2729 = PRESENTATION_STYLE_ASSIGNMENT (( #3865 ) ) ;
#2730 = LINE ( 'NONE', #803, #4625 ) ;
#2731 = VERTEX_POINT ( 'NONE', #2431 ) ;
#2732 = VECTOR ( 'NONE', #3825, 39.37007874015748143 ) ;
#2733 = ADVANCED_FACE ( 'NONE', ( #52 ), #4712, .F. ) ;
#2734 = ORIENTED_EDGE ( 'NONE', *, *, #2756, .F. ) ;
#2735 = AXIS2_PLACEMENT_3D ( 'NONE', #5054, #2631, #283 ) ;
#2736 = DIRECTION ( 'NONE',  ( 0.0000000000000000000, 0.0000000000000000000, 1.000000000000000000 ) ) ;
#2737 = CARTESIAN_POINT ( 'NONE',  ( -0.03937007874015747977, 6.181466372770866908E-18, 9.556300923451989085E-17 ) ) ;
#2738 = ORIENTED_EDGE ( 'NONE', *, *, #1310, .T. ) ;
#2739 = SURFACE_STYLE_FILL_AREA ( #1610 ) ;
#2740 = CONICAL_SURFACE ( 'NONE', #1180, 0.3248031496062992463, 0.7853981633974482790 ) ;
#2741 = ORIENTED_EDGE ( 'NONE', *, *, #1878, .F. ) ;
#2742 =( BOUNDED_CURVE ( )  B_SPLINE_CURVE ( 2, ( #4065, #1695, #3253 ),
 .UNSPECIFIED., .F., .F. ) 
 B_SPLINE_CURVE_WITH_KNOTS ( ( 3, 3 ),
 ( 0.0000000000000000000, 1.000000000000000000 ),
 .UNSPECIFIED. ) 
 CURVE ( )  GEOMETRIC_REPRESENTATION_ITEM ( )  RATIONAL_B_SPLINE_CURVE ( ( 1.032786885245899899, 1.020663065298099914, 1.000000000000000000 ) ) 
 REPRESENTATION_ITEM ( '' )  );
#2743 = CARTESIAN_POINT ( 'NONE',  ( 0.5629921259843306824, 0.05839526367789370231, -0.2125984251967676930 ) ) ;
#2744 = CARTESIAN_POINT ( 'NONE',  ( 0.9842519685039369248, 0.06959712413253542340, 0.08928216350261417023 ) ) ;
#2745 = DIRECTION ( 'NONE',  ( -1.000000000000000000, -0.0000000000000000000, -0.0000000000000000000 ) ) ;
#2746 = ORIENTED_EDGE ( 'NONE', *, *, #2128, .T. ) ;
#2747 = DIMENSIONAL_EXPONENTS ( 1.000000000000000000, 0.0000000000000000000, 0.0000000000000000000, 0.0000000000000000000, 0.0000000000000000000, 0.0000000000000000000, 0.0000000000000000000 ) ;
#2748 =( NAMED_UNIT ( * ) PLANE_ANGLE_UNIT ( ) SI_UNIT ( $, .RADIAN. ) );
#2749 =( NAMED_UNIT ( * ) PLANE_ANGLE_UNIT ( ) SI_UNIT ( $, .RADIAN. ) );
#2750 = EDGE_CURVE ( 'NONE', #1056, #1193, #1492, .T. ) ;
#2751 = ORIENTED_EDGE ( 'NONE', *, *, #8, .T. ) ;
#2752 = DIRECTION ( 'NONE',  ( 0.0000000000000000000, 0.5789969263969022562, 0.8153297242361154940 ) ) ;
#2753 = VERTEX_POINT ( 'NONE', #1276 ) ;
#2754 = CARTESIAN_POINT ( 'NONE',  ( 0.5590551181102362266, -5.181974162981899064E-15, 8.793135729606847419E-15 ) ) ;
#2755 = ORIENTED_EDGE ( 'NONE', *, *, #3471, .T. ) ;
#2756 = EDGE_CURVE ( 'NONE', #4288, #5027, #4666, .T. ) ;
#2757 = DIRECTION ( 'NONE',  ( 0.0000000000000000000, 0.0000000000000000000, 1.000000000000000000 ) ) ;
#2758 = EDGE_LOOP ( 'NONE', ( #443, #4660, #4688, #1692 ) ) ;
#2759 = CYLINDRICAL_SURFACE ( 'NONE', #719, 0.02165354330708871983 ) ;
#2760 = ORIENTED_EDGE ( 'NONE', *, *, #3501, .F. ) ;
#2761 = CARTESIAN_POINT ( 'NONE',  ( 0.05905511811023622659, 0.06959712413253542340, -0.06959712413253542340 ) ) ;
#2762 = EDGE_CURVE ( 'NONE', #2901, #1031, #1437, .T. ) ;
#2763 = VERTEX_POINT ( 'NONE', #4486 ) ;
#2764 = CARTESIAN_POINT ( 'NONE',  ( 0.5590551181064847830, -1.053643464717626553E-11, -5.689187842940562656E-11 ) ) ;
#2765 = DIRECTION ( 'NONE',  ( 1.000000000000000000, 0.0000000000000000000, 0.0000000000000000000 ) ) ;
#2766 = DIRECTION ( 'NONE',  ( -1.387778780781496163E-14, -0.7605117634994269515, -0.6493241544706246371 ) ) ;
#2767 = EDGE_LOOP ( 'NONE', ( #273, #783 ) ) ;
#2768 = FACE_BOUND ( 'NONE', #4920, .T. ) ;
#2769 = DIRECTION ( 'NONE',  ( -1.000000000000000000, 0.0000000000000000000, 0.0000000000000000000 ) ) ;
#2770 = DIRECTION ( 'NONE',  ( 1.000000000000000000, 0.0000000000000000000, 0.0000000000000000000 ) ) ;
#2771 = ADVANCED_FACE ( 'NONE', ( #127 ), #899, .T. ) ;
#2772 = SURFACE_STYLE_USAGE ( .BOTH. , #1907 ) ;
#2773 = AXIS2_PLACEMENT_3D ( 'NONE', #4649, #4618, #2670 ) ;
#2774 = ORIENTED_EDGE ( 'NONE', *, *, #439, .F. ) ;
#2775 = DIRECTION ( 'NONE',  ( -1.000000000000000000, 0.0000000000000000000, 0.0000000000000000000 ) ) ;
#2776 = ORIENTED_EDGE ( 'NONE', *, *, #1034, .F. ) ;
#2777 = DIRECTION ( 'NONE',  ( 0.0000000000000000000, 0.0000000000000000000, 1.000000000000000000 ) ) ;
#2778 = AXIS2_PLACEMENT_3D ( 'NONE', #2764, #473, #4452 ) ;
#2779 = DIMENSIONAL_EXPONENTS ( 1.000000000000000000, 0.0000000000000000000, 0.0000000000000000000, 0.0000000000000000000, 0.0000000000000000000, 0.0000000000000000000, 0.0000000000000000000 ) ;
#2780 = ORIENTED_EDGE ( 'NONE', *, *, #692, .F. ) ;
#2781 =( GEOMETRIC_REPRESENTATION_CONTEXT ( 3 ) GLOBAL_UNCERTAINTY_ASSIGNED_CONTEXT ( ( #3152 ) ) GLOBAL_UNIT_ASSIGNED_CONTEXT ( ( #2324, #2658, #4239 ) ) REPRESENTATION_CONTEXT ( 'NONE', 'WORKASPACE' ) );
#2782 = EDGE_CURVE ( 'NONE', #1393, #2060, #2563, .T. ) ;
#2783 = VERTEX_POINT ( 'NONE', #4856 ) ;
#2784 = DIRECTION ( 'NONE',  ( 0.0000000000000000000, 0.0000000000000000000, -1.000000000000000000 ) ) ;
#2785 = ORIENTED_EDGE ( 'NONE', *, *, #1697, .F. ) ;
#2786 = DIRECTION ( 'NONE',  ( 4.956352788509887953E-15, -0.9417272637743904218, -0.3363774080761067764 ) ) ;
#2787 = CIRCLE ( 'NONE', #540, 0.1633858267716535584 ) ;
#2788 = ORIENTED_EDGE ( 'NONE', *, *, #1207, .F. ) ;
#2789 = UNCERTAINTY_MEASURE_WITH_UNIT (LENGTH_MEASURE( 1.000000000000000082E-05 ), #4398, 'distance_accuracy_value', 'NONE');
#2790 = DIRECTION ( 'NONE',  ( 0.0000000000000000000, 3.783355322129639654E-17, 1.000000000000000000 ) ) ;
#2791 = EDGE_CURVE ( 'NONE', #1300, #4253, #4390, .T. ) ;
#2792 = EDGE_CURVE ( 'NONE', #3885, #5066, #315, .T. ) ;
#2793 = PLANE ( 'NONE',  #2131 ) ;
#2794 = CARTESIAN_POINT ( 'NONE',  ( 0.2460629921259844533, -0.09358160885042914046, 0.2125984251968504046 ) ) ;
#2795 = DIRECTION ( 'NONE',  ( 1.000000000000000000, 0.0000000000000000000, 0.0000000000000000000 ) ) ;
#2796 = CARTESIAN_POINT ( 'NONE',  ( 0.4685039370078738497, -1.476905321574742309E-15, 2.680625843783058098E-15 ) ) ;
#2797 = VECTOR ( 'NONE', #4883, 39.37007874015748143 ) ;
#2798 = VERTEX_POINT ( 'NONE', #1480 ) ;
#2799 = FILL_AREA_STYLE_COLOUR ( '', #3679 ) ;
#2800 = EDGE_CURVE ( 'NONE', #5102, #3525, #1067, .T. ) ;
#2801 = CARTESIAN_POINT ( 'NONE',  ( 0.6496062992125984925, 8.399642367166930422E-18, -9.195586275692106601E-16 ) ) ;
#2802 = APPLICATION_PROTOCOL_DEFINITION ( 'draft international standard', 'automotive_design', 1998, #454 ) ;
#2803 = VECTOR ( 'NONE', #125, 39.37007874015748854 ) ;
#2804 = DIRECTION ( 'NONE',  ( 0.0000000000000000000, -4.336808689942017736E-16, 1.000000000000000000 ) ) ;
#2805 = AXIS2_PLACEMENT_3D ( 'NONE', #228, #4208, #2186 ) ;
#2806 = ORIENTED_EDGE ( 'NONE', *, *, #138, .F. ) ;
#2807 = CARTESIAN_POINT ( 'NONE',  ( 0.5629921259841732528, -0.05839526367794094924, -0.2125984251969330885 ) ) ;
#2808 = CARTESIAN_POINT ( 'NONE',  ( 0.7283464566929134243, 0.3233722997634527752, -0.03045392815166653860 ) ) ;
#2809 = CONICAL_SURFACE ( 'NONE', #1906, 0.2322834645669291653, 0.7853981633974482790 ) ;
#2810 = AXIS2_PLACEMENT_3D ( 'NONE', #3054, #613, #3778 ) ;
#2811 = AXIS2_PLACEMENT_3D ( 'NONE', #2510, #4084, #4191 ) ;
#2812 = VERTEX_POINT ( 'NONE', #3023 ) ;
#2813 =( CONVERSION_BASED_UNIT ( 'INCH', #3171 ) LENGTH_UNIT ( ) NAMED_UNIT ( #2490 ) );
#2814 = CARTESIAN_POINT ( 'NONE',  ( 0.9842519685039370358, 0.06959712413253542340, -0.06959712413253542340 ) ) ;
#2815 = VERTEX_POINT ( 'NONE', #3378 ) ;
#2816 = VECTOR ( 'NONE', #1442, 39.37007874015748143 ) ;
#2817 = COLOUR_RGB ( '',0.7607843137254901578, 0.7607843137254901578, 0.0000000000000000000 ) ;
#2818 = ADVANCED_FACE ( 'NONE', ( #4244 ), #3295, .T. ) ;
#2819 = STYLED_ITEM ( 'NONE', ( #623 ), #4635 ) ;
#2820 = CYLINDRICAL_SURFACE ( 'NONE', #4098, 0.2952755905511712520 ) ;
#2821 = FACE_BOUND ( 'NONE', #3785, .T. ) ;
#2822 = CARTESIAN_POINT ( 'NONE',  ( 0.3110236220472441526, -0.02165354330708661734, 0.1377952755905511861 ) ) ;
#2823 = CARTESIAN_POINT ( 'NONE',  ( 0.6692913385826771977, 4.542550991964857435E-14, 9.911486002013155582E-14 ) ) ;
#2824 = PLANE ( 'NONE',  #3310 ) ;
#2825 = CARTESIAN_POINT ( 'NONE',  ( 0.5708661417322835607, -0.2125984251968504046, 4.630250836719562987E-18 ) ) ;
#2826 = ADVANCED_FACE ( 'NONE', ( #610 ), #3481, .T. ) ;
#2827 = VERTEX_POINT ( 'NONE', #2663 ) ;
#2828 = CARTESIAN_POINT ( 'NONE',  ( 0.5236220472440944462, 0.007127417435679133870, 0.2951895565497638096 ) ) ;
#2829 = CIRCLE ( 'NONE', #4151, 0.01968503937007802518 ) ;
#2830 = SURFACE_SIDE_STYLE ('',( #3618 ) ) ;
#2831 = EDGE_CURVE ( 'NONE', #3876, #3873, #487, .T. ) ;
#2832 = VERTEX_POINT ( 'NONE', #2328 ) ;
#2833 = DIRECTION ( 'NONE',  ( -0.7071067811865563435, 1.350078470592824355E-16, 0.7071067811865385799 ) ) ;
#2834 = PRESENTATION_STYLE_ASSIGNMENT (( #1756 ) ) ;
#2835 = DIRECTION ( 'NONE',  ( -1.000000000000000000, 0.0000000000000000000, 0.0000000000000000000 ) ) ;
#2836 =( NAMED_UNIT ( * ) SI_UNIT ( $, .STERADIAN. ) SOLID_ANGLE_UNIT ( ) );
#2837 = VERTEX_POINT ( 'NONE', #4704 ) ;
#2838 = LINE ( 'NONE', #941, #580 ) ;
#2839 = EDGE_LOOP ( 'NONE', ( #4637, #3482, #4808, #929 ) ) ;
#2840 = DIRECTION ( 'NONE',  ( 0.0000000000000000000, 0.0000000000000000000, 1.000000000000000000 ) ) ;
#2841 =( LENGTH_UNIT ( ) NAMED_UNIT ( * ) SI_UNIT ( $, .METRE. ) );
#2842 = CARTESIAN_POINT ( 'NONE',  ( 0.5236220472440944462, -0.04110356893272047035, 0.2125984251968504046 ) ) ;
#2843 = FACE_OUTER_BOUND ( 'NONE', #4927, .T. ) ;
#2844 = CARTESIAN_POINT ( 'NONE',  ( 0.9645669291338583307, -0.06959712413253542340, -0.06959712413253542340 ) ) ;
#2845 = ORIENTED_EDGE ( 'NONE', *, *, #1783, .F. ) ;
#2846 =( BOUNDED_CURVE ( )  B_SPLINE_CURVE ( 2, ( #1080, #2727, #2315 ),
 .UNSPECIFIED., .F., .T. ) 
 B_SPLINE_CURVE_WITH_KNOTS ( ( 3, 3 ),
 ( 0.0000000000000000000, 1.000000000000000000 ),
 .UNSPECIFIED. ) 
 CURVE ( )  GEOMETRIC_REPRESENTATION_ITEM ( )  RATIONAL_B_SPLINE_CURVE ( ( 1.000000000000000000, 1.046296296296300055, 1.046296296296300055 ) ) 
 REPRESENTATION_ITEM ( '' )  );
#2847 = EDGE_LOOP ( 'NONE', ( #4076, #3121, #584, #4986, #3680 ) ) ;
#2848 = DIMENSIONAL_EXPONENTS ( 1.000000000000000000, 0.0000000000000000000, 0.0000000000000000000, 0.0000000000000000000, 0.0000000000000000000, 0.0000000000000000000, 0.0000000000000000000 ) ;
#2849 = CARTESIAN_POINT ( 'NONE',  ( 0.5590551181102357825, 1.451294246634139749E-15, 1.237868622129119302E-16 ) ) ;
#2850 = EDGE_CURVE ( 'NONE', #3910, #859, #1418, .T. ) ;
#2851 =( NAMED_UNIT ( * ) PLANE_ANGLE_UNIT ( ) SI_UNIT ( $, .RADIAN. ) );
#2852 = CARTESIAN_POINT ( 'NONE',  ( 0.4881889763779528879, -0.2901456022643937871, -0.05480149507067716419 ) ) ;
#2853 = CIRCLE ( 'NONE', #1952, 0.2204724409446717215 ) ;
#2854 = ADVANCED_FACE ( 'NONE', ( #1530 ), #314, .T. ) ;
#2855 = CARTESIAN_POINT ( 'NONE',  ( 0.4881889763779556080, 4.997574423409561736E-14, -4.837078353781786008E-14 ) ) ;
#2856 =( CONVERSION_BASED_UNIT ( 'INCH', #3678 ) LENGTH_UNIT ( ) NAMED_UNIT ( #597 ) );
#2857 = STYLED_ITEM ( 'NONE', ( #1382 ), #363 ) ;
#2858 = CARTESIAN_POINT ( 'NONE',  ( 0.7480314960629921295, 0.2172798944446771852, 0.2142113644609763834 ) ) ;
#2859 = MECHANICAL_DESIGN_GEOMETRIC_PRESENTATION_REPRESENTATION (  '', ( #4438 ), #3596 ) ;
#2860 = ORIENTED_EDGE ( 'NONE', *, *, #3230, .F. ) ;
#2861 = FACE_OUTER_BOUND ( 'NONE', #1628, .T. ) ;
#2862 =( NAMED_UNIT ( * ) PLANE_ANGLE_UNIT ( ) SI_UNIT ( $, .RADIAN. ) );
#2863 = ORIENTED_EDGE ( 'NONE', *, *, #181, .F. ) ;
#2864 = VECTOR ( 'NONE', #3117, 39.37007874015748143 ) ;
#2865 = EDGE_CURVE ( 'NONE', #69, #2088, #1268, .T. ) ;
#2866 = DIRECTION ( 'NONE',  ( 0.0000000000000000000, 1.000000000000000000, 0.0000000000000000000 ) ) ;
#2867 = CARTESIAN_POINT ( 'NONE',  ( 0.5590551181102362266, -0.09761331423562205623, -0.2786742098926378031 ) ) ;
#2868 = DIRECTION ( 'NONE',  ( -1.387778780781445676E-14, 0.0000000000000000000, 1.000000000000000000 ) ) ;
#2869 = CARTESIAN_POINT ( 'NONE',  ( 0.3110236220472441526, -0.06959712413253542340, -0.04991208476245481002 ) ) ;
#2870 = AXIS2_PLACEMENT_3D ( 'NONE', #2801, #826, #2077 ) ;
#2871 = DIRECTION ( 'NONE',  ( 0.0000000000000000000, 0.9417272637744078523, 0.3363774080760578711 ) ) ;
#2872 = VERTEX_POINT ( 'NONE', #5057 ) ;
#2873 = CIRCLE ( 'NONE', #2955, 0.03149606299212379112 ) ;
#2874 = VERTEX_POINT ( 'NONE', #3923 ) ;
#2875 = CARTESIAN_POINT ( 'NONE',  ( 0.01968503937007873988, 0.09358160885042914046, -0.2125984251968504046 ) ) ;
#2876 = FACE_OUTER_BOUND ( 'NONE', #1052, .T. ) ;
#2877 = FILL_AREA_STYLE_COLOUR ( '', #2639 ) ;
#2878 = VECTOR ( 'NONE', #2020, 39.37007874015748143 ) ;
#2879 = FACE_OUTER_BOUND ( 'NONE', #3589, .T. ) ;
#2880 = EDGE_CURVE ( 'NONE', #119, #2872, #2483, .T. ) ;
#2881 = ORIENTED_EDGE ( 'NONE', *, *, #4603, .T. ) ;
#2882 = VECTOR ( 'NONE', #4702, 39.37007874015748143 ) ;
#2883 = EDGE_CURVE ( 'NONE', #1006, #3727, #817, .T. ) ;
#2884 = ORIENTED_EDGE ( 'NONE', *, *, #4850, .T. ) ;
#2885 = AXIS2_PLACEMENT_3D ( 'NONE', #4894, #4574, #1367 ) ;
#2886 =( NAMED_UNIT ( * ) SI_UNIT ( $, .STERADIAN. ) SOLID_ANGLE_UNIT ( ) );
#2887 = ORIENTED_EDGE ( 'NONE', *, *, #1939, .T. ) ;
#2888 = ORIENTED_EDGE ( 'NONE', *, *, #951, .T. ) ;
#2889 = ADVANCED_FACE ( 'NONE', ( #4371 ), #4297, .F. ) ;
#2890 = ORIENTED_EDGE ( 'NONE', *, *, #1697, .T. ) ;
#2891 = VECTOR ( 'NONE', #3661, 39.37007874015748143 ) ;
#2892 = DIRECTION ( 'NONE',  ( 1.453789313443536958E-17, 9.357417822656866121E-11, 1.000000000000000000 ) ) ;
#2893 = MECHANICAL_DESIGN_GEOMETRIC_PRESENTATION_REPRESENTATION (  '', ( #4950 ), #4799 ) ;
#2894 = CARTESIAN_POINT ( 'NONE',  ( 0.4881889763779529434, -4.268512490100411279E-18, -4.268512490100411279E-18 ) ) ;
#2895 = COLOUR_RGB ( '',0.7607843137254901578, 0.7607843137254901578, 0.0000000000000000000 ) ;
#2896 =( NAMED_UNIT ( * ) PLANE_ANGLE_UNIT ( ) SI_UNIT ( $, .RADIAN. ) );
#2897 = CARTESIAN_POINT ( 'NONE',  ( 1.239050206828582734E-16, -9.946953889268898237E-12, -0.2125984251968504046 ) ) ;
#2898 = CARTESIAN_POINT ( 'NONE',  ( 0.7283464566929134243, -4.542550991964857435E-14, -9.911486002013155582E-14 ) ) ;
#2899 =( GEOMETRIC_REPRESENTATION_CONTEXT ( 3 ) GLOBAL_UNCERTAINTY_ASSIGNED_CONTEXT ( ( #4072 ) ) GLOBAL_UNIT_ASSIGNED_CONTEXT ( ( #4092, #1700, #4069 ) ) REPRESENTATION_CONTEXT ( 'NONE', 'WORKASPACE' ) );
#2900 = CARTESIAN_POINT ( 'NONE',  ( 0.6567380015085433342, 0.2031265203306811262, 0.2387257275249528299 ) ) ;
#2901 = VERTEX_POINT ( 'NONE', #735 ) ;
#2902 =( LENGTH_UNIT ( ) NAMED_UNIT ( * ) SI_UNIT ( $, .METRE. ) );
#2903 =( BOUNDED_CURVE ( )  B_SPLINE_CURVE ( 2, ( #3528, #3875, #2350 ),
 .UNSPECIFIED., .F., .F. ) 
 B_SPLINE_CURVE_WITH_KNOTS ( ( 3, 3 ),
 ( 0.9329053640474386233, 1.000000000000000000 ),
 .UNSPECIFIED. ) 
 CURVE ( )  GEOMETRIC_REPRESENTATION_ITEM ( )  RATIONAL_B_SPLINE_CURVE ( ( 1.004631699347556140, 1.002396236998306822, 1.000000000000000000 ) ) 
 REPRESENTATION_ITEM ( '' )  );
#2904 = CARTESIAN_POINT ( 'NONE',  ( -0.03937007874015747977, -0.6200787401574803237, -0.6200787401574803237 ) ) ;
#2905 = EDGE_CURVE ( 'NONE', #1470, #3744, #4639, .T. ) ;
#2906 = CARTESIAN_POINT ( 'NONE',  ( 0.0000000000000000000, 0.0000000000000000000, 0.0000000000000000000 ) ) ;
#2907 = CYLINDRICAL_SURFACE ( 'NONE', #1160, 0.2066929133858267931 ) ;
#2908 = ORIENTED_EDGE ( 'NONE', *, *, #4156, .F. ) ;
#2909 = CARTESIAN_POINT ( 'NONE',  ( 0.4881889763779529434, -8.537024980200822558E-18, -2.241517757694136822E-48 ) ) ;
#2910 = ORIENTED_EDGE ( 'NONE', *, *, #8, .F. ) ;
#2911 = CARTESIAN_POINT ( 'NONE',  ( 0.5590551181102362266, -0.04110356893271653600, -0.2125984251968504046 ) ) ;
#2912 = EDGE_CURVE ( 'NONE', #3000, #3856, #1033, .T. ) ;
#2913 = DIRECTION ( 'NONE',  ( -6.938893903907228378E-15, 0.0000000000000000000, 1.000000000000000000 ) ) ;
#2914 = EDGE_LOOP ( 'NONE', ( #2863, #3827 ) ) ;
#2915 = EDGE_LOOP ( 'NONE', ( #1584, #2183, #2579, #3582, #309, #4676, #1912, #4000 ) ) ;
#2916 = CARTESIAN_POINT ( 'NONE',  ( 0.4881889763779528879, 0.04110356893272047035, 0.2125984251968504046 ) ) ;
#2917 = DIRECTION ( 'NONE',  ( 0.0000000000000000000, 0.5000000000000006661, 0.8660254037844382635 ) ) ;
#2918 = ADVANCED_FACE ( 'NONE', ( #5073 ), #428, .T. ) ;
#2919 =( NAMED_UNIT ( * ) SI_UNIT ( $, .STERADIAN. ) SOLID_ANGLE_UNIT ( ) );
#2920 = VERTEX_POINT ( 'NONE', #5133 ) ;
#2921 = CARTESIAN_POINT ( 'NONE',  ( 0.6496062992125984925, 0.2557161625347756373, -0.1476377952755905387 ) ) ;
#2922 = CARTESIAN_POINT ( 'NONE',  ( 0.6496062992125984925, 0.2941524306248700649, -0.08106422609020866310 ) ) ;
#2923 = CARTESIAN_POINT ( 'NONE',  ( 0.7480314960629921295, -0.2172798944446771852, 0.2142113644609763834 ) ) ;
#2924 =( NAMED_UNIT ( * ) SI_UNIT ( $, .STERADIAN. ) SOLID_ANGLE_UNIT ( ) );
#2925 = DIRECTION ( 'NONE',  ( 0.0000000000000000000, 4.336808689941774668E-16, 1.000000000000000000 ) ) ;
#2926 = CARTESIAN_POINT ( 'NONE',  ( 0.5236220472440944462, 0.04110356893272047035, 0.2125984251968504046 ) ) ;
#2927 = ADVANCED_FACE ( 'NONE', ( #1555 ), #1169, .T. ) ;
#2928 = DIRECTION ( 'NONE',  ( 0.0000000000000000000, -0.8660254037844382635, 0.5000000000000006661 ) ) ;
#2929 = CARTESIAN_POINT ( 'NONE',  ( 0.5590551181102362266, -0.2952755905511807999, 1.237868622129119302E-16 ) ) ;
#2930 = EDGE_LOOP ( 'NONE', ( #4499, #224, #2262, #1781 ) ) ;
#2931 = CARTESIAN_POINT ( 'NONE',  ( 0.5590551181102362266, -8.537024980200822558E-18, 0.2952755905511808554 ) ) ;
#2932 = ORIENTED_EDGE ( 'NONE', *, *, #138, .T. ) ;
#2933 = FACE_OUTER_BOUND ( 'NONE', #2839, .T. ) ;
#2934 = VECTOR ( 'NONE', #1754, 39.37007874015748143 ) ;
#2935 =( CONVERSION_BASED_UNIT ( 'INCH', #578 ) LENGTH_UNIT ( ) NAMED_UNIT ( #2388 ) );
#2936 = ORIENTED_EDGE ( 'NONE', *, *, #3665, .T. ) ;
#2937 = CARTESIAN_POINT ( 'NONE',  ( 0.3110236220472441526, -2.252707466650492196E-15, 0.1377952755905511861 ) ) ;
#2938 = EDGE_CURVE ( 'NONE', #117, #1897, #5111, .T. ) ;
#2939 = CIRCLE ( 'NONE', #3850, 0.01968503937007873988 ) ;
#2940 = APPLICATION_CONTEXT ( 'automotive_design' ) ;
#2941 =( NAMED_UNIT ( * ) SI_UNIT ( $, .STERADIAN. ) SOLID_ANGLE_UNIT ( ) );
#2942 = EDGE_LOOP ( 'NONE', ( #4817, #42, #4215, #2289 ) ) ;
#2943 = DIRECTION ( 'NONE',  ( 0.0000000000000000000, 3.061616997868426775E-17, 1.000000000000000000 ) ) ;
#2944 = FACE_OUTER_BOUND ( 'NONE', #1581, .T. ) ;
#2945 = CARTESIAN_POINT ( 'NONE',  ( 0.3110236220472441526, -0.02165354330708661734, 0.1619445968598671459 ) ) ;
#2946 = ORIENTED_EDGE ( 'NONE', *, *, #1285, .T. ) ;
#2947 = AXIS2_PLACEMENT_3D ( 'NONE', #3176, #4758, #2790 ) ;
#2948 = EDGE_CURVE ( 'NONE', #3459, #4411, #183, .T. ) ;
#2949 = EDGE_CURVE ( 'NONE', #368, #3713, #2071, .T. ) ;
#2950 = AXIS2_PLACEMENT_3D ( 'NONE', #37, #3919, #2757 ) ;
#2951 = DIMENSIONAL_EXPONENTS ( 1.000000000000000000, 0.0000000000000000000, 0.0000000000000000000, 0.0000000000000000000, 0.0000000000000000000, 0.0000000000000000000, 0.0000000000000000000 ) ;
#2952 = CARTESIAN_POINT ( 'NONE',  ( 0.7283464566929134243, -0.3233722997634527752, -0.03045392815166693065 ) ) ;
#2953 = ADVANCED_FACE ( 'NONE', ( #1321 ), #3221, .T. ) ;
#2954 = CARTESIAN_POINT ( 'NONE',  ( 0.6496062992125984925, -2.031811945287795845E-14, 3.575714581353549769E-17 ) ) ;
#2955 = AXIS2_PLACEMENT_3D ( 'NONE', #4222, #2253, #1872 ) ;
#2956 = FACE_OUTER_BOUND ( 'NONE', #1431, .T. ) ;
#2957 = DIRECTION ( 'NONE',  ( 0.0000000000000000000, 0.9826264396687245384, 0.1855943966394633382 ) ) ;
#2958 = CIRCLE ( 'NONE', #1399, 0.2362204724409450174 ) ;
#2959 = ORIENTED_EDGE ( 'NONE', *, *, #5033, .T. ) ;
#2960 = FILL_AREA_STYLE_COLOUR ( '', #2535 ) ;
#2961 = ORIENTED_EDGE ( 'NONE', *, *, #958, .F. ) ;
#2962 = LENGTH_MEASURE_WITH_UNIT ( LENGTH_MEASURE( 0.02539999999999999897 ), #3039 );
#2963 = LINE ( 'NONE', #999, #2967 ) ;
#2964 = ORIENTED_EDGE ( 'NONE', *, *, #5080, .F. ) ;
#2965 = FILL_AREA_STYLE_COLOUR ( '', #4558 ) ;
#2966 =( GEOMETRIC_REPRESENTATION_CONTEXT ( 3 ) GLOBAL_UNCERTAINTY_ASSIGNED_CONTEXT ( ( #1028 ) ) GLOBAL_UNIT_ASSIGNED_CONTEXT ( ( #3494, #4341, #4698 ) ) REPRESENTATION_CONTEXT ( 'NONE', 'WORKASPACE' ) );
#2967 = VECTOR ( 'NONE', #2585, 39.37007874015748143 ) ;
#2968 = VERTEX_POINT ( 'NONE', #4053 ) ;
#2969 = SURFACE_STYLE_FILL_AREA ( #1402 ) ;
#2970 = VERTEX_POINT ( 'NONE', #1732 ) ;
#2971 = CONICAL_SURFACE ( 'NONE', #4465, 0.3248031496062992463, 0.7853981633974482790 ) ;
#2972 = CIRCLE ( 'NONE', #3379, 0.01968503937007873988 ) ;
#2973 = EDGE_CURVE ( 'NONE', #659, #1116, #2567, .T. ) ;
#2974 = AXIS2_PLACEMENT_3D ( 'NONE', #4513, #4150, #4569 ) ;
#2975 = CARTESIAN_POINT ( 'NONE',  ( 0.3110236220472441526, -0.02165354330708661734, 0.1377952755905511861 ) ) ;
#2976 = AXIS2_PLACEMENT_3D ( 'NONE', #2712, #1143, #1994 ) ;
#2977 = DIRECTION ( 'NONE',  ( -1.000000000000000000, -0.0000000000000000000, -0.0000000000000000000 ) ) ;
#2978 = DIRECTION ( 'NONE',  ( -1.000000000000000000, -6.938893903907229955E-15, 6.938893903907228378E-15 ) ) ;
#2979 = EDGE_CURVE ( 'NONE', #4267, #4884, #2089, .T. ) ;
#2980 = AXIS2_PLACEMENT_3D ( 'NONE', #2070, #503, #4853 ) ;
#2981 = CARTESIAN_POINT ( 'NONE',  ( 0.5787401574803149318, 5.975917486140575174E-17, 0.0000000000000000000 ) ) ;
#2982 = VECTOR ( 'NONE', #4478, 39.37007874015748143 ) ;
#2983 = CARTESIAN_POINT ( 'NONE',  ( 0.5787401574803151538, -3.517254291842738968E-15, -1.489710859045043589E-15 ) ) ;
#2984 = AXIS2_PLACEMENT_3D ( 'NONE', #1371, #3292, #918 ) ;
#2985 = EDGE_CURVE ( 'NONE', #3420, #3581, #1234, .T. ) ;
#2986 = DIMENSIONAL_EXPONENTS ( 1.000000000000000000, 0.0000000000000000000, 0.0000000000000000000, 0.0000000000000000000, 0.0000000000000000000, 0.0000000000000000000, 0.0000000000000000000 ) ;
#2987 = FACE_OUTER_BOUND ( 'NONE', #1069, .T. ) ;
#2988 = CONICAL_SURFACE ( 'NONE', #1843, 0.3248031496062992463, 0.7853981633974482790 ) ;
#2989 = VERTEX_POINT ( 'NONE', #1027 ) ;
#2990 = ORIENTED_EDGE ( 'NONE', *, *, #2883, .F. ) ;
#2991 = CARTESIAN_POINT ( 'NONE',  ( 0.8661417322834645827, -0.06959712413253582586, -0.06959712413253504870 ) ) ;
#2992 = VERTEX_POINT ( 'NONE', #230 ) ;
#2993 = CARTESIAN_POINT ( 'NONE',  ( 0.5708661417322835607, 6.508949523027362694E-18, 0.0000000000000000000 ) ) ;
#2994 = UNCERTAINTY_MEASURE_WITH_UNIT (LENGTH_MEASURE( 1.000000000000000082E-05 ), #1351, 'distance_accuracy_value', 'NONE');
#2995 = CARTESIAN_POINT ( 'NONE',  ( 0.6692913385826771977, -2.806290851491614486E-13, 3.909676308136918217E-17 ) ) ;
#2996 = EDGE_CURVE ( 'NONE', #399, #1726, #823, .T. ) ;
#2997 = ORIENTED_EDGE ( 'NONE', *, *, #4373, .F. ) ;
#2998 = DIRECTION ( 'NONE',  ( -1.000000000000000000, 1.387778780781456088E-14, -1.387778780781442047E-14 ) ) ;
#2999 = DIRECTION ( 'NONE',  ( 0.0000000000000000000, 0.0000000000000000000, -1.000000000000000000 ) ) ;
#3000 = VERTEX_POINT ( 'NONE', #4657 ) ;
#3001 =( NAMED_UNIT ( * ) SI_UNIT ( $, .STERADIAN. ) SOLID_ANGLE_UNIT ( ) );
#3002 = ORIENTED_EDGE ( 'NONE', *, *, #4420, .T. ) ;
#3003 =( NAMED_UNIT ( * ) PLANE_ANGLE_UNIT ( ) SI_UNIT ( $, .RADIAN. ) );
#3004 = FACE_OUTER_BOUND ( 'NONE', #1125, .T. ) ;
#3005 = CARTESIAN_POINT ( 'NONE',  ( 0.7283464566929134243, -0.06959712413253542340, 0.03810106114040943959 ) ) ;
#3006 = DIRECTION ( 'NONE',  ( -1.000000000000000000, -0.0000000000000000000, -0.0000000000000000000 ) ) ;
#3007 = DIRECTION ( 'NONE',  ( 1.000000000000000000, 0.0000000000000000000, 0.0000000000000000000 ) ) ;
#3008 = EDGE_CURVE ( 'NONE', #3810, #3892, #3011, .T. ) ;
#3009 = CARTESIAN_POINT ( 'NONE',  ( 0.5590551181102362266, -4.268512490114969768E-18, -0.2165354330708657293 ) ) ;
#3010 = APPLICATION_CONTEXT ( 'automotive_design' ) ;
#3011 =( BOUNDED_CURVE ( )  B_SPLINE_CURVE ( 2, ( #2587, #1472, #4975 ),
 .UNSPECIFIED., .F., .T. ) 
 B_SPLINE_CURVE_WITH_KNOTS ( ( 3, 3 ),
 ( 0.0000000000000000000, 0.8573395951173899965 ),
 .UNSPECIFIED. ) 
 CURVE ( )  GEOMETRIC_REPRESENTATION_ITEM ( )  RATIONAL_B_SPLINE_CURVE ( ( 1.045871559632999936, 1.034288193365699993, 1.008849557522099927 ) ) 
 REPRESENTATION_ITEM ( '' )  );
#3012 = ORIENTED_EDGE ( 'NONE', *, *, #692, .T. ) ;
#3013 = EDGE_CURVE ( 'NONE', #2533, #4925, #1002, .T. ) ;
#3014 = ORIENTED_EDGE ( 'NONE', *, *, #3949, .T. ) ;
#3015 = CARTESIAN_POINT ( 'NONE',  ( 0.05905511811023622659, -0.06959712413253542340, -0.06959712413253542340 ) ) ;
#3016 = ORIENTED_EDGE ( 'NONE', *, *, #789, .T. ) ;
#3017 =( CONVERSION_BASED_UNIT ( 'INCH', #1396 ) LENGTH_UNIT ( ) NAMED_UNIT ( #2554 ) );
#3018 = AXIS2_PLACEMENT_3D ( 'NONE', #2983, #2541, #3387 ) ;
#3019 = ORIENTED_EDGE ( 'NONE', *, *, #4286, .F. ) ;
#3020 = PLANE ( 'NONE',  #3381 ) ;
#3021 = DIRECTION ( 'NONE',  ( 0.0000000000000000000, 0.9640608694027931191, 0.2656814635730739838 ) ) ;
#3022 = ORIENTED_EDGE ( 'NONE', *, *, #2762, .T. ) ;
#3023 = CARTESIAN_POINT ( 'NONE',  ( 0.4881889763779528879, -0.09761331423562205623, -0.2786742098926378031 ) ) ;
#3024 = STYLED_ITEM ( 'NONE', ( #5035 ), #424 ) ;
#3025 = FILL_AREA_STYLE_COLOUR ( '', #2693 ) ;
#3026 = CARTESIAN_POINT ( 'NONE',  ( 0.8661417322834645827, -0.06959712413253538177, -0.08928216350261226897 ) ) ;
#3027 = AXIS2_PLACEMENT_3D ( 'NONE', #3607, #1295, #1587 ) ;
#3028 =( LENGTH_UNIT ( ) NAMED_UNIT ( * ) SI_UNIT ( $, .METRE. ) );
#3029 = SURFACE_SIDE_STYLE ('',( #4170 ) ) ;
#3030 = STYLED_ITEM ( 'NONE', ( #4177 ), #893 ) ;
#3031 = ORIENTED_EDGE ( 'NONE', *, *, #3250, .F. ) ;
#3032 = DIRECTION ( 'NONE',  ( 1.000000000000000000, 0.0000000000000000000, 0.0000000000000000000 ) ) ;
#3033 = CARTESIAN_POINT ( 'NONE',  ( 0.5511811023622048555, -6.452634889963791778E-17, -1.004025603264732435E-32 ) ) ;
#3034 = EDGE_CURVE ( 'NONE', #684, #5064, #1427, .T. ) ;
#3035 = ORIENTED_EDGE ( 'NONE', *, *, #945, .T. ) ;
#3036 = COLOUR_RGB ( '',0.7607843137254901578, 0.7607843137254901578, 0.0000000000000000000 ) ;
#3037 = CARTESIAN_POINT ( 'NONE',  ( 0.6496062992125984925, 3.457495116981333290E-16, -8.246766130873994381E-15 ) ) ;
#3038 = EDGE_LOOP ( 'NONE', ( #1657, #2887, #1921, #1703 ) ) ;
#3039 =( LENGTH_UNIT ( ) NAMED_UNIT ( * ) SI_UNIT ( $, .METRE. ) );
#3040 = VERTEX_POINT ( 'NONE', #3791 ) ;
#3041 = SURFACE_STYLE_FILL_AREA ( #180 ) ;
#3042 = UNCERTAINTY_MEASURE_WITH_UNIT (LENGTH_MEASURE( 1.000000000000000082E-05 ), #2192, 'distance_accuracy_value', 'NONE');
#3043 = CARTESIAN_POINT ( 'NONE',  ( 0.5708661417322835607, -0.02866676580552323869, -0.2125984251968504046 ) ) ;
#3044 = CIRCLE ( 'NONE', #3284, 0.01968503937007873988 ) ;
#3045 = EDGE_LOOP ( 'NONE', ( #365, #349, #3416, #4366, #3689, #2673, #2073 ) ) ;
#3046 = DIRECTION ( 'NONE',  ( 1.000000000000000000, -8.307818714404406078E-16, 4.297021452344752068E-15 ) ) ;
#3047 = ORIENTED_EDGE ( 'NONE', *, *, #4167, .F. ) ;
#3048 = EDGE_CURVE ( 'NONE', #1116, #175, #3417, .T. ) ;
#3049 =( CONVERSION_BASED_UNIT ( 'INCH', #266 ) LENGTH_UNIT ( ) NAMED_UNIT ( #2615 ) );
#3050 = CARTESIAN_POINT ( 'NONE',  ( 0.7283464566929134243, 0.1353122744573582725, 0.2952755905511810774 ) ) ;
#3051 = VECTOR ( 'NONE', #171, 39.37007874015748143 ) ;
#3052 = VECTOR ( 'NONE', #2410, 39.37007874015748854 ) ;
#3053 = LINE ( 'NONE', #3507, #3473 ) ;
#3054 = CARTESIAN_POINT ( 'NONE',  ( 0.9645669291338583307, -0.06959712413253542340, 0.06959712413253522911 ) ) ;
#3055 = AXIS2_PLACEMENT_3D ( 'NONE', #4455, #4483, #1356 ) ;
#3056 = EDGE_LOOP ( 'NONE', ( #446, #4157, #1429, #1113 ) ) ;
#3057 =( NAMED_UNIT ( * ) SI_UNIT ( $, .STERADIAN. ) SOLID_ANGLE_UNIT ( ) );
#3058 = AXIS2_PLACEMENT_3D ( 'NONE', #1862, #2213, #4550 ) ;
#3059 = LINE ( 'NONE', #1201, #3212 ) ;
#3060 = CIRCLE ( 'NONE', #829, 0.3248031496064085477 ) ;
#3061 = EDGE_LOOP ( 'NONE', ( #2612, #3127, #787, #4781 ) ) ;
#3062 = EDGE_CURVE ( 'NONE', #607, #4547, #1488, .T. ) ;
#3063 = CARTESIAN_POINT ( 'NONE',  ( 0.8661417322834645827, -0.06959712413253582586, -0.03810106114041125758 ) ) ;
#3064 = ORIENTED_EDGE ( 'NONE', *, *, #984, .T. ) ;
#3065 = PLANE ( 'NONE',  #3066 ) ;
#3066 = AXIS2_PLACEMENT_3D ( 'NONE', #2367, #2010, #3164 ) ;
#3067 = DIRECTION ( 'NONE',  ( -1.000000000000000000, 0.0000000000000000000, 0.0000000000000000000 ) ) ;
#3068 = DIRECTION ( 'NONE',  ( -1.000000000000000000, -0.0000000000000000000, -0.0000000000000000000 ) ) ;
#3069 = EDGE_CURVE ( 'NONE', #111, #5123, #3396, .T. ) ;
#3070 = ORIENTED_EDGE ( 'NONE', *, *, #951, .F. ) ;
#3071 = CARTESIAN_POINT ( 'NONE',  ( 0.9842519685039369248, -0.06959712413253542340, -0.08928216350261347634 ) ) ;
#3072 =( BOUNDED_CURVE ( )  B_SPLINE_CURVE ( 2, ( #2383, #4409, #3508 ),
 .UNSPECIFIED., .F., .F. ) 
 B_SPLINE_CURVE_WITH_KNOTS ( ( 3, 3 ),
 ( 0.0000000000000000000, 1.000000000000000000 ),
 .UNSPECIFIED. ) 
 CURVE ( )  GEOMETRIC_REPRESENTATION_ITEM ( )  RATIONAL_B_SPLINE_CURVE ( ( 1.046296296296300055, 1.046296296296300055, 1.000000000000000000 ) ) 
 REPRESENTATION_ITEM ( '' )  );
#3073 = DIRECTION ( 'NONE',  ( -1.000000000000000000, 1.387778780781445991E-14, -1.387778780781445991E-14 ) ) ;
#3074 = ORIENTED_EDGE ( 'NONE', *, *, #3013, .F. ) ;
#3075 = CARTESIAN_POINT ( 'NONE',  ( 0.5787401574803149318, 0.2711117742252480700, -0.04948290388348032531 ) ) ;
#3076 = PRODUCT_DEFINITION_FORMATION_WITH_SPECIFIED_SOURCE ( 'ANY', '', #3189, .NOT_KNOWN. ) ;
#3077 = DIMENSIONAL_EXPONENTS ( 1.000000000000000000, 0.0000000000000000000, 0.0000000000000000000, 0.0000000000000000000, 0.0000000000000000000, 0.0000000000000000000, 0.0000000000000000000 ) ;
#3078 = CARTESIAN_POINT ( 'NONE',  ( 0.7283464566929134243, -0.3233722997634527752, -0.03045392815166693065 ) ) ;
#3079 = EDGE_CURVE ( 'NONE', #1009, #2989, #3620, .T. ) ;
#3080 = CARTESIAN_POINT ( 'NONE',  ( 0.3110236220472441526, -0.06959712413253542340, -0.06959712413253464625 ) ) ;
#3081 = SURFACE_STYLE_USAGE ( .BOTH. , #3356 ) ;
#3082 = CARTESIAN_POINT ( 'NONE',  ( 0.5236220472440944462, -0.007127417435679527652, -0.2951895565497638096 ) ) ;
#3083 = VERTEX_POINT ( 'NONE', #4921 ) ;
#3084 =( CONVERSION_BASED_UNIT ( 'INCH', #3886 ) LENGTH_UNIT ( ) NAMED_UNIT ( #4912 ) );
#3085 = SURFACE_SIDE_STYLE ('',( #3887 ) ) ;
#3086 = ORIENTED_EDGE ( 'NONE', *, *, #3277, .F. ) ;
#3087 = EDGE_LOOP ( 'NONE', ( #1158, #914 ) ) ;
#3088 = UNCERTAINTY_MEASURE_WITH_UNIT (LENGTH_MEASURE( 1.000000000000000082E-05 ), #3125, 'distance_accuracy_value', 'NONE');
#3089 = CARTESIAN_POINT ( 'NONE',  ( 0.4685039370078740162, 0.2174143163667519862, 0.1769184492761101679 ) ) ;
#3090 = ORIENTED_EDGE ( 'NONE', *, *, #656, .F. ) ;
#3091 = FACE_OUTER_BOUND ( 'NONE', #4099, .T. ) ;
#3092 = ORIENTED_EDGE ( 'NONE', *, *, #4658, .T. ) ;
#3093 = DIRECTION ( 'NONE',  ( 0.0000000000000000000, -4.336808689942015764E-16, 1.000000000000000000 ) ) ;
#3094 = EDGE_CURVE ( 'NONE', #3000, #3420, #144, .T. ) ;
#3095 = STYLED_ITEM ( 'NONE', ( #2028 ), #34 ) ;
#3096 = DIRECTION ( 'NONE',  ( 0.0000000000000000000, 0.0000000000000000000, 1.000000000000000000 ) ) ;
#3097 = DIRECTION ( 'NONE',  ( 0.0000000000000000000, 1.604619215278545931E-14, -1.000000000000000000 ) ) ;
#3098 = FILL_AREA_STYLE_COLOUR ( '', #296 ) ;
#3099 = CYLINDRICAL_SURFACE ( 'NONE', #4230, 0.2952755905511712520 ) ;
#3100 = DIRECTION ( 'NONE',  ( 1.000000000000000000, -1.150732159897138579E-17, 5.383174144058658701E-16 ) ) ;
#3101 = CIRCLE ( 'NONE', #2195, 0.2755905511811049258 ) ;
#3102 = ADVANCED_FACE ( 'NONE', ( #4582 ), #1812, .T. ) ;
#3103 = ADVANCED_FACE ( 'NONE', ( #2608 ), #4183, .T. ) ;
#3104 = ORIENTED_EDGE ( 'NONE', *, *, #3320, .F. ) ;
#3105 = CIRCLE ( 'NONE', #1547, 0.03149606299212598381 ) ;
#3106 =( CONVERSION_BASED_UNIT ( 'INCH', #1541 ) LENGTH_UNIT ( ) NAMED_UNIT ( #1407 ) );
#3107 = AXIS2_PLACEMENT_3D ( 'NONE', #3495, #3419, #1550 ) ;
#3108 = EDGE_CURVE ( 'NONE', #3475, #2265, #1602, .T. ) ;
#3109 = VERTEX_POINT ( 'NONE', #1603 ) ;
#3110 = AXIS2_PLACEMENT_3D ( 'NONE', #1850, #590, #4932 ) ;
#3111 = CARTESIAN_POINT ( 'NONE',  ( 0.5590551181102362266, -0.007127417435679527652, -0.2951895565497638096 ) ) ;
#3112 = VERTEX_POINT ( 'NONE', #1188 ) ;
#3113 = FACE_OUTER_BOUND ( 'NONE', #4447, .T. ) ;
#3114 = FACE_OUTER_BOUND ( 'NONE', #3142, .T. ) ;
#3115 = AXIS2_PLACEMENT_3D ( 'NONE', #3961, #2360, #2804 ) ;
#3116 = DIMENSIONAL_EXPONENTS ( 1.000000000000000000, 0.0000000000000000000, 0.0000000000000000000, 0.0000000000000000000, 0.0000000000000000000, 0.0000000000000000000, 0.0000000000000000000 ) ;
#3117 = DIRECTION ( 'NONE',  ( 1.000000000000000000, 0.0000000000000000000, 0.0000000000000000000 ) ) ;
#3118 = ORIENTED_EDGE ( 'NONE', *, *, #40, .T. ) ;
#3119 = AXIS2_PLACEMENT_3D ( 'NONE', #49, #4029, #2118 ) ;
#3120 = DIRECTION ( 'NONE',  ( 1.000000000000000000, -1.400152807812190293E-16, -2.956210905352825143E-16 ) ) ;
#3121 = ORIENTED_EDGE ( 'NONE', *, *, #594, .F. ) ;
#3122 = SURFACE_STYLE_USAGE ( .BOTH. , #3174 ) ;
#3123 = PRESENTATION_LAYER_ASSIGNMENT (  '', '', ( #3782 ) ) ;
#3124 = EDGE_LOOP ( 'NONE', ( #4259, #2016, #122, #1634 ) ) ;
#3125 =( CONVERSION_BASED_UNIT ( 'INCH', #2665 ) LENGTH_UNIT ( ) NAMED_UNIT ( #3461 ) );
#3126 = FILL_AREA_STYLE_COLOUR ( '', #582 ) ;
#3127 = ORIENTED_EDGE ( 'NONE', *, *, #5017, .T. ) ;
#3128 =( GEOMETRIC_REPRESENTATION_CONTEXT ( 3 ) GLOBAL_UNCERTAINTY_ASSIGNED_CONTEXT ( ( #2215 ) ) GLOBAL_UNIT_ASSIGNED_CONTEXT ( ( #2856, #1343, #518 ) ) REPRESENTATION_CONTEXT ( 'NONE', 'WORKASPACE' ) );
#3129 =( NAMED_UNIT ( * ) PLANE_ANGLE_UNIT ( ) SI_UNIT ( $, .RADIAN. ) );
#3130 = ADVANCED_FACE ( 'NONE', ( #4749 ), #2142, .T. ) ;
#3131 =( CONVERSION_BASED_UNIT ( 'INCH', #3208 ) LENGTH_UNIT ( ) NAMED_UNIT ( #4269 ) );
#3132 = AXIS2_PLACEMENT_3D ( 'NONE', #3324, #1769, #4903 ) ;
#3133 = AXIS2_PLACEMENT_3D ( 'NONE', #3808, #2229, #1122 ) ;
#3134 = ORIENTED_EDGE ( 'NONE', *, *, #4286, .T. ) ;
#3135 = STYLED_ITEM ( 'NONE', ( #553 ), #4221 ) ;
#3136 = AXIS2_PLACEMENT_3D ( 'NONE', #2352, #2405, #784 ) ;
#3137 = EDGE_CURVE ( 'NONE', #201, #4234, #1903, .T. ) ;
#3138 = EDGE_LOOP ( 'NONE', ( #1667, #1765, #1082, #2884, #3496, #4738, #1171, #2845 ) ) ;
#3139 =( CONVERSION_BASED_UNIT ( 'INCH', #1573 ) LENGTH_UNIT ( ) NAMED_UNIT ( #5024 ) );
#3140 = PRESENTATION_STYLE_ASSIGNMENT (( #5090 ) ) ;
#3141 = DIMENSIONAL_EXPONENTS ( 1.000000000000000000, 0.0000000000000000000, 0.0000000000000000000, 0.0000000000000000000, 0.0000000000000000000, 0.0000000000000000000, 0.0000000000000000000 ) ;
#3142 = EDGE_LOOP ( 'NONE', ( #2282, #2707 ) ) ;
#3143 = CARTESIAN_POINT ( 'NONE',  ( 0.5590551181102362266, -8.537024980200822558E-18, 0.0000000000000000000 ) ) ;
#3144 = PRESENTATION_STYLE_ASSIGNMENT (( #5093 ) ) ;
#3145 = ORIENTED_EDGE ( 'NONE', *, *, #2290, .F. ) ;
#3146 = FACE_OUTER_BOUND ( 'NONE', #4562, .T. ) ;
#3147 = DIRECTION ( 'NONE',  ( -1.000000000000000000, 0.0000000000000000000, 0.0000000000000000000 ) ) ;
#3148 = VERTEX_POINT ( 'NONE', #2294 ) ;
#3149 = CARTESIAN_POINT ( 'NONE',  ( 0.6567380015085433342, -0.1051792844081889805, -0.2952755905511811885 ) ) ;
#3150 = AXIS2_PLACEMENT_3D ( 'NONE', #1220, #2000, #3953 ) ;
#3151 = ORIENTED_EDGE ( 'NONE', *, *, #952, .T. ) ;
#3152 = UNCERTAINTY_MEASURE_WITH_UNIT (LENGTH_MEASURE( 1.000000000000000082E-05 ), #2324, 'distance_accuracy_value', 'NONE');
#3153 = CARTESIAN_POINT ( 'NONE',  ( 0.4685039370078740717, -5.100493338399892051E-19, 0.2362204724409451562 ) ) ;
#3154 = LINE ( 'NONE', #2744, #1231 ) ;
#3155 = DIRECTION ( 'NONE',  ( -1.000000000000000000, 0.0000000000000000000, 0.0000000000000000000 ) ) ;
#3156 = ORIENTED_EDGE ( 'NONE', *, *, #2098, .T. ) ;
#3157 =( CONVERSION_BASED_UNIT ( 'INCH', #3932 ) LENGTH_UNIT ( ) NAMED_UNIT ( #3077 ) );
#3158 = FILL_AREA_STYLE ('',( #27 ) ) ;
#3159 =( NAMED_UNIT ( * ) PLANE_ANGLE_UNIT ( ) SI_UNIT ( $, .RADIAN. ) );
#3160 = ADVANCED_FACE ( 'NONE', ( #752 ), #4791, .T. ) ;
#3161 = VERTEX_POINT ( 'NONE', #1984 ) ;
#3162 = CARTESIAN_POINT ( 'NONE',  ( 0.8661417322834645827, 0.06959712413253590912, 0.08928216350261340695 ) ) ;
#3163 = ORIENTED_EDGE ( 'NONE', *, *, #2040, .F. ) ;
#3164 = DIRECTION ( 'NONE',  ( 0.0000000000000000000, 0.0000000000000000000, 1.000000000000000000 ) ) ;
#3165 = DIRECTION ( 'NONE',  ( -0.7071067811865469066, 8.659560562354939021E-17, -0.7071067811865480168 ) ) ;
#3166 = CARTESIAN_POINT ( 'NONE',  ( 0.4881889763779528879, -0.2901456022643937871, -0.05480149507067716419 ) ) ;
#3167 = ADVANCED_FACE ( 'NONE', ( #1209 ), #1752, .T. ) ;
#3168 = ADVANCED_FACE ( 'NONE', ( #7 ), #1576, .T. ) ;
#3169 = FACE_OUTER_BOUND ( 'NONE', #5012, .T. ) ;
#3170 = EDGE_LOOP ( 'NONE', ( #554, #3829, #4155, #4831 ) ) ;
#3171 = LENGTH_MEASURE_WITH_UNIT ( LENGTH_MEASURE( 0.02539999999999999897 ), #781 );
#3172 = SURFACE_STYLE_FILL_AREA ( #3947 ) ;
#3173 = EDGE_LOOP ( 'NONE', ( #4859, #3188, #4237, #5005, #4327, #1468, #2549 ) ) ;
#3174 = SURFACE_SIDE_STYLE ('',( #2739 ) ) ;
#3175 = DIMENSIONAL_EXPONENTS ( 1.000000000000000000, 0.0000000000000000000, 0.0000000000000000000, 0.0000000000000000000, 0.0000000000000000000, 0.0000000000000000000, 0.0000000000000000000 ) ;
#3176 = CARTESIAN_POINT ( 'NONE',  ( -0.01968503937007873988, 6.181466372770866908E-18, 9.556300923451989085E-17 ) ) ;
#3177 = CARTESIAN_POINT ( 'NONE',  ( -0.03937007874015747977, 6.181466372770866908E-18, 3.956012536440165301E-17 ) ) ;
#3178 = DIRECTION ( 'NONE',  ( -1.000000000000000000, 6.938893903907219700E-15, -6.938893903907229955E-15 ) ) ;
#3179 = FACE_OUTER_BOUND ( 'NONE', #3045, .T. ) ;
#3180 = ORIENTED_EDGE ( 'NONE', *, *, #2476, .F. ) ;
#3181 = CARTESIAN_POINT ( 'NONE',  ( 0.9645669291338585527, 0.06959712413253590912, -0.08928216350261417023 ) ) ;
#3182 = DIRECTION ( 'NONE',  ( 1.000000000000000000, 0.0000000000000000000, 0.0000000000000000000 ) ) ;
#3183 = CARTESIAN_POINT ( 'NONE',  ( 0.3110236220472441526, -0.06959712413253542340, 0.08928216350261607148 ) ) ;
#3184 =( CONVERSION_BASED_UNIT ( 'INCH', #3963 ) LENGTH_UNIT ( ) NAMED_UNIT ( #3736 ) );
#3185 = DIRECTION ( 'NONE',  ( 1.000000000000000000, 0.0000000000000000000, 0.0000000000000000000 ) ) ;
#3186 = FILL_AREA_STYLE ('',( #1623 ) ) ;
#3187 = ADVANCED_FACE ( 'NONE', ( #836 ), #937, .F. ) ;
#3188 = ORIENTED_EDGE ( 'NONE', *, *, #3836, .F. ) ;
#3189 = PRODUCT ( 'CDM1209 HOUSING', 'CDM1209 HOUSING', '', ( #4357 ) ) ;
#3190 = CARTESIAN_POINT ( 'NONE',  ( 0.4685039370078740717, -0.2711117742252126539, 0.04948290388367323350 ) ) ;
#3191 = AXIS2_PLACEMENT_3D ( 'NONE', #4497, #939, #2521 ) ;
#3192 = ORIENTED_EDGE ( 'NONE', *, *, #4993, .T. ) ;
#3193 = FILL_AREA_STYLE_COLOUR ( '', #2895 ) ;
#3194 = EDGE_CURVE ( 'NONE', #3161, #1670, #4843, .T. ) ;
#3195 = PRESENTATION_STYLE_ASSIGNMENT (( #920 ) ) ;
#3196 = EDGE_LOOP ( 'NONE', ( #2751, #2137 ) ) ;
#3197 = CIRCLE ( 'NONE', #1802, 0.2755905511811049258 ) ;
#3198 = ORIENTED_EDGE ( 'NONE', *, *, #3794, .F. ) ;
#3199 = AXIS2_PLACEMENT_3D ( 'NONE', #4310, #798, #828 ) ;
#3200 = FACE_BOUND ( 'NONE', #3824, .T. ) ;
#3201 = ADVANCED_FACE ( 'NONE', ( #2441 ), #3287, .T. ) ;
#3202 = DIRECTION ( 'NONE',  ( 1.000000000000000000, 0.0000000000000000000, 0.0000000000000000000 ) ) ;
#3203 = CARTESIAN_POINT ( 'NONE',  ( 0.4881889763779528879, -8.537024980200819476E-18, -0.2952755905511808554 ) ) ;
#3204 = AXIS2_PLACEMENT_3D ( 'NONE', #2823, #5108, #4760 ) ;
#3205 = VERTEX_POINT ( 'NONE', #4871 ) ;
#3206 = CARTESIAN_POINT ( 'NONE',  ( 0.7283464566929134243, 5.544660704800960027E-18, -0.1811023622047243653 ) ) ;
#3207 =( LENGTH_UNIT ( ) NAMED_UNIT ( * ) SI_UNIT ( $, .METRE. ) );
#3208 = LENGTH_MEASURE_WITH_UNIT ( LENGTH_MEASURE( 0.02539999999999999897 ), #1567 );
#3209 = CARTESIAN_POINT ( 'NONE',  ( 0.5590551181102362266, 0.04110356893272047035, 0.2125984251968504046 ) ) ;
#3210 = DIRECTION ( 'NONE',  ( 1.000000000000000000, 0.0000000000000000000, 0.0000000000000000000 ) ) ;
#3211 = DIRECTION ( 'NONE',  ( 0.0000000000000000000, 0.0000000000000000000, -1.000000000000000000 ) ) ;
#3212 = VECTOR ( 'NONE', #2287, 39.37007874015748143 ) ;
#3213 = VECTOR ( 'NONE', #592, 39.37007874015748143 ) ;
#3214 = CARTESIAN_POINT ( 'NONE',  ( 0.8661417322834645827, 6.231994087446635113E-16, -9.057310782947853548E-17 ) ) ;
#3215 = CONICAL_SURFACE ( 'NONE', #4869, 0.2165354330708666730, 0.7853981633974352894 ) ;
#3216 =( CONVERSION_BASED_UNIT ( 'INCH', #3600 ) LENGTH_UNIT ( ) NAMED_UNIT ( #786 ) );
#3217 = ORIENTED_EDGE ( 'NONE', *, *, #4776, .T. ) ;
#3218 = CARTESIAN_POINT ( 'NONE',  ( 0.5511811023622048555, -0.2322834645669290266, 1.004025603264731751E-32 ) ) ;
#3219 = ORIENTED_EDGE ( 'NONE', *, *, #753, .T. ) ;
#3220 = AXIS2_PLACEMENT_3D ( 'NONE', #586, #2174, #3325 ) ;
#3221 = CYLINDRICAL_SURFACE ( 'NONE', #4140, 0.03149606299212378419 ) ;
#3222 = AXIS2_PLACEMENT_3D ( 'NONE', #4160, #4999, #2626 ) ;
#3223 = ADVANCED_FACE ( 'NONE', ( #4774 ), #2907, .T. ) ;
#3224 = PRESENTATION_LAYER_ASSIGNMENT (  '', '', ( #2819 ) ) ;
#3225 = CARTESIAN_POINT ( 'NONE',  ( 0.6496062992125984925, -0.07687253618020473134, 0.2952755905511771917 ) ) ;
#3226 = LINE ( 'NONE', #3565, #1397 ) ;
#3227 = FACE_BOUND ( 'NONE', #2914, .T. ) ;
#3228 = DIRECTION ( 'NONE',  ( -1.000000000000000000, 0.0000000000000000000, 0.0000000000000000000 ) ) ;
#3229 = VERTEX_POINT ( 'NONE', #3995 ) ;
#3230 = EDGE_CURVE ( 'NONE', #2107, #587, #2122, .T. ) ;
#3231 = ORIENTED_EDGE ( 'NONE', *, *, #1153, .F. ) ;
#3232 = DIRECTION ( 'NONE',  ( 0.0000000000000000000, 0.0000000000000000000, -1.000000000000000000 ) ) ;
#3233 = AXIS2_PLACEMENT_3D ( 'NONE', #2485, #4989, #3513 ) ;
#3234 = DIRECTION ( 'NONE',  ( 0.0000000000000000000, 0.0000000000000000000, 1.000000000000000000 ) ) ;
#3235 = CARTESIAN_POINT ( 'NONE',  ( 0.7283464566929134243, -0.1880600253060984162, 0.2648216623995157670 ) ) ;
#3236 =( BOUNDED_CURVE ( )  B_SPLINE_CURVE ( 2, ( #1474, #1112, #2246 ),
 .UNSPECIFIED., .F., .F. ) 
 B_SPLINE_CURVE_WITH_KNOTS ( ( 3, 3 ),
 ( 0.0000000000000000000, 1.000000000000000000 ),
 .UNSPECIFIED. ) 
 CURVE ( )  GEOMETRIC_REPRESENTATION_ITEM ( )  RATIONAL_B_SPLINE_CURVE ( ( 1.035714285714300020, 1.035714285714300020, 1.000000000000000000 ) ) 
 REPRESENTATION_ITEM ( '' )  );
#3237 = ORIENTED_EDGE ( 'NONE', *, *, #1944, .F. ) ;
#3238 = DIRECTION ( 'NONE',  ( -1.000000000000000000, -0.0000000000000000000, -0.0000000000000000000 ) ) ;
#3239 = EDGE_CURVE ( 'NONE', #1116, #659, #479, .T. ) ;
#3240 = FACE_OUTER_BOUND ( 'NONE', #4942, .T. ) ;
#3241 = EDGE_LOOP ( 'NONE', ( #1462, #3522, #4335, #3064, #2755 ) ) ;
#3242 = CARTESIAN_POINT ( 'NONE',  ( 0.7480314960629921295, 5.122214988120493535E-17, -0.2952755905511810774 ) ) ;
#3243 = ORIENTED_EDGE ( 'NONE', *, *, #346, .T. ) ;
#3244 = CARTESIAN_POINT ( 'NONE',  ( 0.7283464566929134243, 0.0000000000000000000, 0.0000000000000000000 ) ) ;
#3245 = UNCERTAINTY_MEASURE_WITH_UNIT (LENGTH_MEASURE( 1.000000000000000082E-05 ), #214, 'distance_accuracy_value', 'NONE');
#3246 = DIRECTION ( 'NONE',  ( 0.0000000000000000000, 0.0000000000000000000, 1.000000000000000000 ) ) ;
#3247 = CARTESIAN_POINT ( 'NONE',  ( 0.6141732283464568232, -0.2165354330708661457, -8.930406850679882603E-16 ) ) ;
#3248 = ORIENTED_EDGE ( 'NONE', *, *, #3048, .F. ) ;
#3249 = DIRECTION ( 'NONE',  ( -1.000000000000000000, -0.0000000000000000000, -0.0000000000000000000 ) ) ;
#3250 = EDGE_CURVE ( 'NONE', #863, #4549, #2056, .T. ) ;
#3251 = EDGE_LOOP ( 'NONE', ( #4607, #506 ) ) ;
#3252 = FACE_OUTER_BOUND ( 'NONE', #923, .T. ) ;
#3253 = CARTESIAN_POINT ( 'NONE',  ( 0.6692913385826771977, -0.1880600253060945026, 0.2648216623995157670 ) ) ;
#3254 = DIRECTION ( 'NONE',  ( -1.000000000000000000, 7.715190224800169110E-16, 9.782701856712201146E-15 ) ) ;
#3255 = DIRECTION ( 'NONE',  ( -1.000000000000000000, -0.0000000000000000000, -0.0000000000000000000 ) ) ;
#3256 =( BOUNDED_CURVE ( )  B_SPLINE_CURVE ( 2, ( #3724, #3300, #4508 ),
 .UNSPECIFIED., .F., .T. ) 
 B_SPLINE_CURVE_WITH_KNOTS ( ( 3, 3 ),
 ( 0.0000000000000000000, 1.000000000000000000 ),
 .UNSPECIFIED. ) 
 CURVE ( )  GEOMETRIC_REPRESENTATION_ITEM ( )  RATIONAL_B_SPLINE_CURVE ( ( 1.000000000000000000, 1.035714285714300020, 1.035714285714300020 ) ) 
 REPRESENTATION_ITEM ( '' )  );
#3257 = LINE ( 'NONE', #4841, #1084 ) ;
#3258 = ADVANCED_FACE ( 'NONE', ( #4044 ), #2971, .T. ) ;
#3259 = DIRECTION ( 'NONE',  ( 1.000000000000000000, 0.0000000000000000000, 0.0000000000000000000 ) ) ;
#3260 = AXIS2_PLACEMENT_3D ( 'NONE', #1794, #4960, #2594 ) ;
#3261 =( NAMED_UNIT ( * ) PLANE_ANGLE_UNIT ( ) SI_UNIT ( $, .RADIAN. ) );
#3262 = STYLED_ITEM ( 'NONE', ( #1004 ), #646 ) ;
#3263 = ORIENTED_EDGE ( 'NONE', *, *, #1722, .F. ) ;
#3264 = CARTESIAN_POINT ( 'NONE',  ( 0.7283464566929134243, -0.1353122744573582725, -0.2952755905511810774 ) ) ;
#3265 = FACE_OUTER_BOUND ( 'NONE', #4128, .T. ) ;
#3266 = ORIENTED_EDGE ( 'NONE', *, *, #4816, .T. ) ;
#3267 = DIRECTION ( 'NONE',  ( -1.000000000000000000, 0.0000000000000000000, 0.0000000000000000000 ) ) ;
#3268 = CIRCLE ( 'NONE', #2450, 0.03149606299212658750 ) ;
#3269 = CARTESIAN_POINT ( 'NONE',  ( -0.01968503937007873988, -0.02509842519685039769, 0.09104330708661417804 ) ) ;
#3270 = FACE_OUTER_BOUND ( 'NONE', #1761, .T. ) ;
#3271 = CARTESIAN_POINT ( 'NONE',  ( 0.6692913385826771977, -0.3233722997634527752, -0.03045392815166693065 ) ) ;
#3272 = STYLED_ITEM ( 'NONE', ( #2154 ), #1247 ) ;
#3273 = LINE ( 'NONE', #2429, #2797 ) ;
#3274 = ORIENTED_EDGE ( 'NONE', *, *, #5017, .F. ) ;
#3275 = AXIS2_PLACEMENT_3D ( 'NONE', #1533, #3505, #3097 ) ;
#3276 = DIRECTION ( 'NONE',  ( 1.000000000000000000, -1.541394104372140366E-16, -8.445140798563511365E-16 ) ) ;
#3277 = EDGE_CURVE ( 'NONE', #4925, #1520, #4173, .T. ) ;
#3278 = DIRECTION ( 'NONE',  ( 1.000000000000000000, 0.0000000000000000000, 0.0000000000000000000 ) ) ;
#3279 = DIRECTION ( 'NONE',  ( 0.0000000000000000000, 0.6473710298270339836, 0.7621750125402206866 ) ) ;
#3280 = CARTESIAN_POINT ( 'NONE',  ( 0.05905511811023622659, -0.06959712413253542340, 0.08928216350261607148 ) ) ;
#3281 = AXIS2_PLACEMENT_3D ( 'NONE', #1386, #3671, #4909 ) ;
#3282 = DIRECTION ( 'NONE',  ( 0.0000000000000000000, 0.0000000000000000000, 1.000000000000000000 ) ) ;
#3283 = ORIENTED_EDGE ( 'NONE', *, *, #3588, .F. ) ;
#3284 = AXIS2_PLACEMENT_3D ( 'NONE', #367, #3073, #3561 ) ;
#3285 = EDGE_CURVE ( 'NONE', #478, #4897, #1772, .T. ) ;
#3286 = FILL_AREA_STYLE ('',( #855 ) ) ;
#3287 = CYLINDRICAL_SURFACE ( 'NONE', #4038, 0.03149606299212598381 ) ;
#3288 = EDGE_LOOP ( 'NONE', ( #2336, #720, #4669, #2716 ) ) ;
#3289 = ADVANCED_FACE ( 'NONE', ( #2987 ), #2809, .T. ) ;
#3290 = LINE ( 'NONE', #2931, #1799 ) ;
#3291 = ORIENTED_EDGE ( 'NONE', *, *, #4338, .T. ) ;
#3292 = DIRECTION ( 'NONE',  ( -1.000000000000000000, 0.0000000000000000000, 0.0000000000000000000 ) ) ;
#3293 = EDGE_LOOP ( 'NONE', ( #3086, #3074, #853, #331 ) ) ;
#3294 = CARTESIAN_POINT ( 'NONE',  ( 0.5708661417322835607, -6.631393492581889988E-12, 0.2125984251968504046 ) ) ;
#3295 = TOROIDAL_SURFACE ( 'NONE', #1079, 0.2165354330708661457, 0.03543307086614178036 ) ;
#3296 =( CONVERSION_BASED_UNIT ( 'INCH', #4901 ) LENGTH_UNIT ( ) NAMED_UNIT ( #3394 ) );
#3297 = ORIENTED_EDGE ( 'NONE', *, *, #1974, .T. ) ;
#3298 = CARTESIAN_POINT ( 'NONE',  ( 0.4881889763779529434, -8.537024980200822558E-18, -2.241517757694136822E-48 ) ) ;
#3299 = FILL_AREA_STYLE_COLOUR ( '', #1585 ) ;
#3300 = CARTESIAN_POINT ( 'NONE',  ( 0.4685039370078740162, -0.1394043614906692874, -0.2431780143287323170 ) ) ;
#3301 = ORIENTED_EDGE ( 'NONE', *, *, #2634, .T. ) ;
#3302 = EDGE_CURVE ( 'NONE', #3744, #3340, #718, .T. ) ;
#3303 = ORIENTED_EDGE ( 'NONE', *, *, #145, .T. ) ;
#3304 = FACE_OUTER_BOUND ( 'NONE', #2614, .T. ) ;
#3305 = DIRECTION ( 'NONE',  ( 0.0000000000000000000, 0.4028767567459166643, 0.9152542372881381505 ) ) ;
#3306 = LENGTH_MEASURE_WITH_UNIT ( LENGTH_MEASURE( 0.02539999999999999897 ), #1282 );
#3307 = STYLED_ITEM ( 'NONE', ( #3787 ), #4667 ) ;
#3308 = CARTESIAN_POINT ( 'NONE',  ( 0.3110236220472441526, 0.06959712413253542340, -0.06959712413253642260 ) ) ;
#3309 = CARTESIAN_POINT ( 'NONE',  ( 0.3110236220472441526, 1.286070090843693703E-17, -0.01968503937007871213 ) ) ;
#3310 = AXIS2_PLACEMENT_3D ( 'NONE', #4737, #2430, #4030 ) ;
#3311 = CARTESIAN_POINT ( 'NONE',  ( 0.5590551181102362266, 2.345479103391124363E-17, 0.2165354330708657848 ) ) ;
#3312 = SURFACE_STYLE_FILL_AREA ( #3286 ) ;
#3313 = DIRECTION ( 'NONE',  ( 0.0000000000000000000, 0.0000000000000000000, 1.000000000000000000 ) ) ;
#3314 = EDGE_CURVE ( 'NONE', #2375, #3727, #4229, .T. ) ;
#3315 = ORIENTED_EDGE ( 'NONE', *, *, #1580, .F. ) ;
#3316 = ORIENTED_EDGE ( 'NONE', *, *, #415, .F. ) ;
#3317 = CARTESIAN_POINT ( 'NONE',  ( 0.7480314960629921295, -0.2941524306248700649, 0.08106422609020866310 ) ) ;
#3318 = VERTEX_POINT ( 'NONE', #962 ) ;
#3319 = DIRECTION ( 'NONE',  ( -1.000000000000000000, -0.0000000000000000000, -0.0000000000000000000 ) ) ;
#3320 = EDGE_CURVE ( 'NONE', #3956, #2379, #3813, .T. ) ;
#3321 = ADVANCED_FACE ( 'NONE', ( #3408 ), #2621, .T. ) ;
#3322 = PRESENTATION_STYLE_ASSIGNMENT (( #4104 ) ) ;
#3323 = VERTEX_POINT ( 'NONE', #4203 ) ;
#3324 = CARTESIAN_POINT ( 'NONE',  ( 0.4881889763779529434, -8.537024980200822558E-18, -2.241517757694136822E-48 ) ) ;
#3325 = DIRECTION ( 'NONE',  ( -4.100255488672884424E-15, -0.1898237547074628218, -0.9818181818181821452 ) ) ;
#3326 = DIRECTION ( 'NONE',  ( -1.000000000000000000, -0.0000000000000000000, -0.0000000000000000000 ) ) ;
#3327 = ORIENTED_EDGE ( 'NONE', *, *, #416, .T. ) ;
#3328 = EDGE_CURVE ( 'NONE', #451, #3475, #1574, .T. ) ;
#3329 = SURFACE_STYLE_FILL_AREA ( #4860 ) ;
#3330 = CARTESIAN_POINT ( 'NONE',  ( 0.8661417322834645827, -0.06959712413253582586, -0.1010931871246588398 ) ) ;
#3331 = DIRECTION ( 'NONE',  ( 0.0000000000000000000, 0.5789969263969022562, 0.8153297242361154940 ) ) ;
#3332 = CARTESIAN_POINT ( 'NONE',  ( 0.6496062992125984925, 0.2172798944446771852, 0.2142113644609763834 ) ) ;
#3333 = SURFACE_STYLE_FILL_AREA ( #2159 ) ;
#3334 = DIRECTION ( 'NONE',  ( 1.000000000000000000, 1.691018892601527203E-15, 9.264919724629178510E-15 ) ) ;
#3335 = LINE ( 'NONE', #4913, #2158 ) ;
#3336 = CARTESIAN_POINT ( 'NONE',  ( 0.6496062992125984925, 0.07687253618020473134, 0.2952755905511771917 ) ) ;
#3337 = VERTEX_POINT ( 'NONE', #3009 ) ;
#3338 = DIRECTION ( 'NONE',  ( 1.000000000000000000, 0.0000000000000000000, 0.0000000000000000000 ) ) ;
#3339 = EDGE_CURVE ( 'NONE', #3525, #4884, #2227, .T. ) ;
#3340 = VERTEX_POINT ( 'NONE', #4940 ) ;
#3341 = DIRECTION ( 'NONE',  ( -1.000000000000000000, -0.0000000000000000000, -0.0000000000000000000 ) ) ;
#3342 = DIRECTION ( 'NONE',  ( -1.000000000000000000, -0.0000000000000000000, -0.0000000000000000000 ) ) ;
#3343 = VERTEX_POINT ( 'NONE', #1419 ) ;
#3344 = AXIS2_PLACEMENT_3D ( 'NONE', #430, #1215, #1611 ) ;
#3345 = LENGTH_MEASURE_WITH_UNIT ( LENGTH_MEASURE( 0.02539999999999999897 ), #583 );
#3346 = EDGE_CURVE ( 'NONE', #2379, #2872, #1796, .T. ) ;
#3347 = ORIENTED_EDGE ( 'NONE', *, *, #1722, .T. ) ;
#3348 = DIRECTION ( 'NONE',  ( -1.000000000000000000, -1.630163532584989559E-17, 1.453789313596078314E-17 ) ) ;
#3349 = DIRECTION ( 'NONE',  ( 0.0000000000000000000, 1.000000000000000000, 0.0000000000000000000 ) ) ;
#3350 = ORIENTED_EDGE ( 'NONE', *, *, #4121, .F. ) ;
#3351 =( CONVERSION_BASED_UNIT ( 'INCH', #239 ) LENGTH_UNIT ( ) NAMED_UNIT ( #154 ) );
#3352 = CIRCLE ( 'NONE', #29, 0.3248031496064086587 ) ;
#3353 = CARTESIAN_POINT ( 'NONE',  ( 0.4685039370078738497, 1.476905321574742309E-15, -2.680625843783058098E-15 ) ) ;
#3354 = PRESENTATION_LAYER_ASSIGNMENT (  '', '', ( #792 ) ) ;
#3355 = ADVANCED_FACE ( 'NONE', ( #676 ), #2261, .T. ) ;
#3356 = SURFACE_SIDE_STYLE ('',( #3430 ) ) ;
#3357 = CARTESIAN_POINT ( 'NONE',  ( 0.4724409448832677105, -0.09358160885042914046, -0.2125984251968504046 ) ) ;
#3358 = CIRCLE ( 'NONE', #4614, 0.1633858267716535584 ) ;
#3359 = CARTESIAN_POINT ( 'NONE',  ( 0.8661417322834645827, 0.06959712413253622831, 0.06959712413253464625 ) ) ;
#3360 = VECTOR ( 'NONE', #895, 39.37007874015748143 ) ;
#3361 = CARTESIAN_POINT ( 'NONE',  ( -0.01968503937007873988, 0.02165354330708661734, 0.1289370078740157688 ) ) ;
#3362 =( BOUNDED_CURVE ( )  B_SPLINE_CURVE ( 2, ( #4137, #4670, #2701 ),
 .UNSPECIFIED., .F., .F. ) 
 B_SPLINE_CURVE_WITH_KNOTS ( ( 3, 3 ),
 ( 0.0000000000000000000, 1.000000000000000000 ),
 .UNSPECIFIED. ) 
 CURVE ( )  GEOMETRIC_REPRESENTATION_ITEM ( )  RATIONAL_B_SPLINE_CURVE ( ( 1.035714285714300020, 1.035714285714300020, 1.000000000000000000 ) ) 
 REPRESENTATION_ITEM ( '' )  );
#3363 = STYLED_ITEM ( 'NONE', ( #4962 ), #1714 ) ;
#3364 = ORIENTED_EDGE ( 'NONE', *, *, #721, .T. ) ;
#3365 = FILL_AREA_STYLE_COLOUR ( '', #4192 ) ;
#3366 = ORIENTED_EDGE ( 'NONE', *, *, #3803, .F. ) ;
#3367 = COLOUR_RGB ( '',0.7607843137254901578, 0.7607843137254901578, 0.0000000000000000000 ) ;
#3368 = DIRECTION ( 'NONE',  ( 0.0000000000000000000, 0.0000000000000000000, -1.000000000000000000 ) ) ;
#3369 = VERTEX_POINT ( 'NONE', #1835 ) ;
#3370 = DIRECTION ( 'NONE',  ( -1.000000000000000000, 0.0000000000000000000, 0.0000000000000000000 ) ) ;
#3371 = STYLED_ITEM ( 'NONE', ( #3195 ), #2252 ) ;
#3372 = DIRECTION ( 'NONE',  ( -1.000000000000000000, 6.938893903907229955E-15, -6.938893903907229955E-15 ) ) ;
#3373 = ORIENTED_EDGE ( 'NONE', *, *, #3833, .F. ) ;
#3374 = CARTESIAN_POINT ( 'NONE',  ( 0.05905511811023622659, -0.06959712413253542340, 0.04991208476245637821 ) ) ;
#3375 = DIRECTION ( 'NONE',  ( 1.000000000000000000, 1.661563742524939484E-15, 6.891846357648221924E-26 ) ) ;
#3376 = EDGE_LOOP ( 'NONE', ( #3615, #3047 ) ) ;
#3377 = AXIS2_PLACEMENT_3D ( 'NONE', #2440, #1185, #1263 ) ;
#3378 = CARTESIAN_POINT ( 'NONE',  ( 0.7283464566929134243, 2.531258147843938473E-17, -0.2066929133858265155 ) ) ;
#3379 = AXIS2_PLACEMENT_3D ( 'NONE', #3308, #4891, #1363 ) ;
#3380 = EDGE_CURVE ( 'NONE', #3845, #2314, #4914, .T. ) ;
#3381 = AXIS2_PLACEMENT_3D ( 'NONE', #706, #631, #4557 ) ;
#3382 = AXIS2_PLACEMENT_3D ( 'NONE', #1631, #4782, #2786 ) ;
#3383 = CARTESIAN_POINT ( 'NONE',  ( 0.5236220472440944462, 0.2901456022643937871, 0.05480149507067716419 ) ) ;
#3384 = CARTESIAN_POINT ( 'NONE',  ( 0.5693177679029517435, -0.2850129407584661712, -0.02668016713391320113 ) ) ;
#3385 = CARTESIAN_POINT ( 'NONE',  ( 0.4881889763779529434, -4.268512490100411279E-18, -4.268512490100411279E-18 ) ) ;
#3386 = EDGE_CURVE ( 'NONE', #3924, #69, #2311, .T. ) ;
#3387 = DIRECTION ( 'NONE',  ( -7.434529182757834142E-16, -0.6473710298263809504, -0.7621750125407752430 ) ) ;
#3388 = DIRECTION ( 'NONE',  ( 0.0000000000000000000, 0.0000000000000000000, 1.000000000000000000 ) ) ;
#3389 = DIRECTION ( 'NONE',  ( -1.000000000000000000, -8.869165291854679605E-15, -3.167994543042813218E-15 ) ) ;
#3390 = ORIENTED_EDGE ( 'NONE', *, *, #2582, .T. ) ;
#3391 = ORIENTED_EDGE ( 'NONE', *, *, #1218, .F. ) ;
#3392 = AXIS2_PLACEMENT_3D ( 'NONE', #2906, #1281, #4012 ) ;
#3393 = CARTESIAN_POINT ( 'NONE',  ( 0.3110236220472441526, 0.06959712413253542340, 0.04991208476245591330 ) ) ;
#3394 = DIMENSIONAL_EXPONENTS ( 1.000000000000000000, 0.0000000000000000000, 0.0000000000000000000, 0.0000000000000000000, 0.0000000000000000000, 0.0000000000000000000, 0.0000000000000000000 ) ;
#3395 = ORIENTED_EDGE ( 'NONE', *, *, #3717, .T. ) ;
#3396 = LINE ( 'NONE', #682, #558 ) ;
#3397 = UNCERTAINTY_MEASURE_WITH_UNIT (LENGTH_MEASURE( 1.000000000000000082E-05 ), #2428, 'distance_accuracy_value', 'NONE');
#3398 = CARTESIAN_POINT ( 'NONE',  ( 0.9645669291338583307, 0.06959712413253542340, -0.06959712413253542340 ) ) ;
#3399 = ORIENTED_EDGE ( 'NONE', *, *, #3339, .T. ) ;
#3400 = CARTESIAN_POINT ( 'NONE',  ( 0.7408997937670472878, -0.1051792844081889805, 0.2952755905511811885 ) ) ;
#3401 = EDGE_LOOP ( 'NONE', ( #1502, #837 ) ) ;
#3402 = DIRECTION ( 'NONE',  ( 1.000000000000000000, 0.0000000000000000000, 0.0000000000000000000 ) ) ;
#3403 = EDGE_CURVE ( 'NONE', #4531, #425, #643, .T. ) ;
#3404 = DIRECTION ( 'NONE',  ( 0.0000000000000000000, 0.0000000000000000000, 1.000000000000000000 ) ) ;
#3405 = VERTEX_POINT ( 'NONE', #993 ) ;
#3406 = CARTESIAN_POINT ( 'NONE',  ( 0.4881889763779528324, 2.533402261202069829E-17, -0.2165354330708657293 ) ) ;
#3407 = ADVANCED_FACE ( 'NONE', ( #4594 ), #4794, .F. ) ;
#3408 = FACE_OUTER_BOUND ( 'NONE', #806, .T. ) ;
#3409 = ORIENTED_EDGE ( 'NONE', *, *, #2996, .F. ) ;
#3410 =( NAMED_UNIT ( * ) SI_UNIT ( $, .STERADIAN. ) SOLID_ANGLE_UNIT ( ) );
#3411 = EDGE_CURVE ( 'NONE', #1031, #2265, #2562, .T. ) ;
#3412 = CARTESIAN_POINT ( 'NONE',  ( 0.05905511811023622659, 1.286070090843693703E-17, -0.01968503937007871213 ) ) ;
#3413 = ORIENTED_EDGE ( 'NONE', *, *, #4565, .T. ) ;
#3414 = SURFACE_SIDE_STYLE ('',( #3440 ) ) ;
#3415 = DIRECTION ( 'NONE',  ( 1.000000000000000000, 4.336808689942020694E-16, 4.336808689942017736E-16 ) ) ;
#3416 = ORIENTED_EDGE ( 'NONE', *, *, #4965, .F. ) ;
#3417 = LINE ( 'NONE', #654, #1919 ) ;
#3418 = AXIS2_PLACEMENT_3D ( 'NONE', #2415, #132, #4491 ) ;
#3419 = DIRECTION ( 'NONE',  ( -1.000000000000000000, 6.938893903907220489E-15, -6.938893903907229955E-15 ) ) ;
#3420 = VERTEX_POINT ( 'NONE', #4283 ) ;
#3421 = DIRECTION ( 'NONE',  ( 0.0000000000000000000, 0.0000000000000000000, 1.000000000000000000 ) ) ;
#3422 =( BOUNDED_CURVE ( )  B_SPLINE_CURVE ( 2, ( #3968, #2900, #3332 ),
 .UNSPECIFIED., .F., .T. ) 
 B_SPLINE_CURVE_WITH_KNOTS ( ( 3, 3 ),
 ( 0.0000000000000000000, 1.000000000000000000 ),
 .UNSPECIFIED. ) 
 CURVE ( )  GEOMETRIC_REPRESENTATION_ITEM ( )  RATIONAL_B_SPLINE_CURVE ( ( 1.000000000000000000, 1.020663065298099914, 1.032786885245899899 ) ) 
 REPRESENTATION_ITEM ( '' )  );
#3423 = CARTESIAN_POINT ( 'NONE',  ( 0.5590551181102362266, -6.453990885031821484E-15, -2.236700544812615379E-14 ) ) ;
#3424 = ORIENTED_EDGE ( 'NONE', *, *, #4923, .T. ) ;
#3425 = DIRECTION ( 'NONE',  ( 1.000000000000000000, 0.0000000000000000000, 0.0000000000000000000 ) ) ;
#3426 = STYLED_ITEM ( 'NONE', ( #1671 ), #338 ) ;
#3427 = FILL_AREA_STYLE ('',( #2301 ) ) ;
#3428 = CARTESIAN_POINT ( 'NONE',  ( -0.01968503937007873988, 6.181466372770866908E-18, 9.556300923451989085E-17 ) ) ;
#3429 = CONICAL_SURFACE ( 'NONE', #4765, 0.2165354330708666730, 0.7853981633974352894 ) ;
#3430 = SURFACE_STYLE_FILL_AREA ( #1873 ) ;
#3431 = AXIS2_PLACEMENT_3D ( 'NONE', #3398, #1029, #2610 ) ;
#3432 = ORIENTED_EDGE ( 'NONE', *, *, #408, .T. ) ;
#3433 = DIRECTION ( 'NONE',  ( 0.0000000000000000000, 0.0000000000000000000, -1.000000000000000000 ) ) ;
#3434 = CARTESIAN_POINT ( 'NONE',  ( 0.5616870083223195476, 1.660943241620114374E-13, 0.2926437003390974789 ) ) ;
#3435 = AXIS2_PLACEMENT_3D ( 'NONE', #2512, #436, #4819 ) ;
#3436 = EDGE_CURVE ( 'NONE', #3205, #2503, #3059, .T. ) ;
#3437 = ORIENTED_EDGE ( 'NONE', *, *, #3898, .T. ) ;
#3438 = DIRECTION ( 'NONE',  ( 0.0000000000000000000, 0.7121173314702535784, 0.7020604719108496372 ) ) ;
#3439 = ORIENTED_EDGE ( 'NONE', *, *, #2492, .F. ) ;
#3440 = SURFACE_STYLE_FILL_AREA ( #2210 ) ;
#3441 =( NAMED_UNIT ( * ) PLANE_ANGLE_UNIT ( ) SI_UNIT ( $, .RADIAN. ) );
#3442 =( NAMED_UNIT ( * ) PLANE_ANGLE_UNIT ( ) SI_UNIT ( $, .RADIAN. ) );
#3443 = AXIS2_PLACEMENT_3D ( 'NONE', #1038, #1436, #1512 ) ;
#3444 = ADVANCED_FACE ( 'NONE', ( #2697 ), #355, .T. ) ;
#3445 = LINE ( 'NONE', #3871, #2864 ) ;
#3446 = ORIENTED_EDGE ( 'NONE', *, *, #298, .F. ) ;
#3447 = DIRECTION ( 'NONE',  ( -1.000000000000000000, 3.448504636648094870E-14, 1.545233952224159070E-14 ) ) ;
#3448 = PRESENTATION_STYLE_ASSIGNMENT (( #4585 ) ) ;
#3449 = ORIENTED_EDGE ( 'NONE', *, *, #207, .T. ) ;
#3450 = STYLED_ITEM ( 'NONE', ( #3140 ), #2417 ) ;
#3451 = CARTESIAN_POINT ( 'NONE',  ( 0.8661417322834645827, 0.06959712413253542340, 0.06959712413253582586 ) ) ;
#3452 = CARTESIAN_POINT ( 'NONE',  ( 0.4685039370078740717, -7.341841482972707276E-16, 5.006965150887782754E-15 ) ) ;
#3453 = STYLED_ITEM ( 'NONE', ( #3515 ), #3444 ) ;
#3454 = VECTOR ( 'NONE', #3986, 39.37007874015748854 ) ;
#3455 = ADVANCED_FACE ( 'NONE', ( #2879 ), #2717, .T. ) ;
#3456 = LINE ( 'NONE', #1930, #903 ) ;
#3457 = CIRCLE ( 'NONE', #4469, 0.1830708661417322636 ) ;
#3458 = COLOUR_RGB ( '',0.7607843137254901578, 0.7607843137254901578, 0.0000000000000000000 ) ;
#3459 = VERTEX_POINT ( 'NONE', #3209 ) ;
#3460 = DIRECTION ( 'NONE',  ( 0.0000000000000000000, 1.000000000000000000, 0.0000000000000000000 ) ) ;
#3461 = DIMENSIONAL_EXPONENTS ( 1.000000000000000000, 0.0000000000000000000, 0.0000000000000000000, 0.0000000000000000000, 0.0000000000000000000, 0.0000000000000000000, 0.0000000000000000000 ) ;
#3462 = SURFACE_SIDE_STYLE ('',( #3859 ) ) ;
#3463 = FILL_AREA_STYLE ('',( #1019 ) ) ;
#3464 = CIRCLE ( 'NONE', #4556, 0.03149606299212379112 ) ;
#3465 = STYLED_ITEM ( 'NONE', ( #2519 ), #3201 ) ;
#3466 =( LENGTH_UNIT ( ) NAMED_UNIT ( * ) SI_UNIT ( $, .METRE. ) );
#3467 = ORIENTED_EDGE ( 'NONE', *, *, #4014, .F. ) ;
#3468 = CARTESIAN_POINT ( 'NONE',  ( 0.5590551181102362266, -0.04110356893271653600, -0.2125984251968504046 ) ) ;
#3469 = ORIENTED_EDGE ( 'NONE', *, *, #4415, .T. ) ;
#3470 = LINE ( 'NONE', #3895, #2164 ) ;
#3471 = EDGE_CURVE ( 'NONE', #1340, #4142, #2319, .T. ) ;
#3472 = FILL_AREA_STYLE_COLOUR ( '', #3793 ) ;
#3473 = VECTOR ( 'NONE', #569, 39.37007874015748143 ) ;
#3474 =( LENGTH_UNIT ( ) NAMED_UNIT ( * ) SI_UNIT ( $, .METRE. ) );
#3475 = VERTEX_POINT ( 'NONE', #2852 ) ;
#3476 = DIRECTION ( 'NONE',  ( -4.100255488672499460E-15, 0.1898237547074605458, 0.9818181818181827003 ) ) ;
#3477 = ADVANCED_FACE ( 'NONE', ( #852, #1620, #4013, #4820, #1229, #109 ), #4389, .T. ) ;
#3478 = CARTESIAN_POINT ( 'NONE',  ( 0.6692913385826926298, -4.230949580187527470E-14, 6.402768735150616918E-18 ) ) ;
#3479 = EDGE_CURVE ( 'NONE', #3337, #5089, #1072, .T. ) ;
#3480 = EDGE_LOOP ( 'NONE', ( #4190, #4662, #4729, #3231 ) ) ;
#3481 = SPHERICAL_SURFACE ( 'NONE', #4133, 0.01968503937007873988 ) ;
#3482 = ORIENTED_EDGE ( 'NONE', *, *, #1632, .T. ) ;
#3483 =( LENGTH_UNIT ( ) NAMED_UNIT ( * ) SI_UNIT ( $, .METRE. ) );
#3484 = CARTESIAN_POINT ( 'NONE',  ( 0.9842519685039370358, -0.06959712413253542340, -0.06959712413253542340 ) ) ;
#3485 = EDGE_CURVE ( 'NONE', #173, #2375, #4630, .T. ) ;
#3486 = FACE_OUTER_BOUND ( 'NONE', #1240, .T. ) ;
#3487 = ORIENTED_EDGE ( 'NONE', *, *, #4899, .T. ) ;
#3488 = DIRECTION ( 'NONE',  ( -1.000000000000000000, 0.0000000000000000000, 0.0000000000000000000 ) ) ;
#3489 = ORIENTED_EDGE ( 'NONE', *, *, #4994, .T. ) ;
#3490 = CARTESIAN_POINT ( 'NONE',  ( 0.5787401574803149318, -0.2711117742252480700, 0.04948290388348032531 ) ) ;
#3491 = ORIENTED_EDGE ( 'NONE', *, *, #4184, .F. ) ;
#3492 = DIRECTION ( 'NONE',  ( 0.0000000000000000000, 0.0000000000000000000, 1.000000000000000000 ) ) ;
#3493 = PRESENTATION_STYLE_ASSIGNMENT (( #1521 ) ) ;
#3494 =( CONVERSION_BASED_UNIT ( 'INCH', #1548 ) LENGTH_UNIT ( ) NAMED_UNIT ( #2951 ) );
#3495 = CARTESIAN_POINT ( 'NONE',  ( 0.9842519685039370358, 0.06959712413253542340, 0.06959712413253542340 ) ) ;
#3496 = ORIENTED_EDGE ( 'NONE', *, *, #4595, .T. ) ;
#3497 =( NAMED_UNIT ( * ) SI_UNIT ( $, .STERADIAN. ) SOLID_ANGLE_UNIT ( ) );
#3498 = CARTESIAN_POINT ( 'NONE',  ( 0.3110236220472441526, 1.044997886287128127E-17, 0.01968503937007877111 ) ) ;
#3499 = ORIENTED_EDGE ( 'NONE', *, *, #790, .F. ) ;
#3500 = DIRECTION ( 'NONE',  ( 0.0000000000000000000, 0.0000000000000000000, 1.000000000000000000 ) ) ;
#3501 = EDGE_CURVE ( 'NONE', #5070, #1496, #878, .T. ) ;
#3502 = CIRCLE ( 'NONE', #861, 0.01968503937007873988 ) ;
#3503 = UNCERTAINTY_MEASURE_WITH_UNIT (LENGTH_MEASURE( 1.000000000000000082E-05 ), #2189, 'distance_accuracy_value', 'NONE');
#3504 = SURFACE_STYLE_USAGE ( .BOTH. , #2331 ) ;
#3505 = DIRECTION ( 'NONE',  ( -1.000000000000000000, -0.0000000000000000000, -0.0000000000000000000 ) ) ;
#3506 =( CONVERSION_BASED_UNIT ( 'INCH', #1946 ) LENGTH_UNIT ( ) NAMED_UNIT ( #2747 ) );
#3507 = CARTESIAN_POINT ( 'NONE',  ( 0.3110236220472441526, -0.06959712413253542340, 0.04991208476245637821 ) ) ;
#3508 = CARTESIAN_POINT ( 'NONE',  ( 0.01968503937007873988, -0.09358160885042914046, -0.2125984251968504046 ) ) ;
#3509 = STYLED_ITEM ( 'NONE', ( #4168 ), #421 ) ;
#3510 = EDGE_CURVE ( 'NONE', #2723, #839, #54, .T. ) ;
#3511 = EDGE_LOOP ( 'NONE', ( #2366, #4182, #3002, #4060 ) ) ;
#3512 = FILL_AREA_STYLE_COLOUR ( '', #4833 ) ;
#3513 = DIRECTION ( 'NONE',  ( 1.000000000000000000, 0.0000000000000000000, 0.0000000000000000000 ) ) ;
#3514 = FACE_OUTER_BOUND ( 'NONE', #184, .T. ) ;
#3515 = PRESENTATION_STYLE_ASSIGNMENT (( #2772 ) ) ;
#3516 = PRESENTATION_LAYER_ASSIGNMENT (  '', '', ( #538 ) ) ;
#3517 = EDGE_LOOP ( 'NONE', ( #2888, #2680 ) ) ;
#3518 = CIRCLE ( 'NONE', #3860, 0.3051181102362003350 ) ;
#3519 = DIRECTION ( 'NONE',  ( 0.0000000000000000000, 0.0000000000000000000, 1.000000000000000000 ) ) ;
#3520 = ORIENTED_EDGE ( 'NONE', *, *, #2032, .F. ) ;
#3521 =( NAMED_UNIT ( * ) PLANE_ANGLE_UNIT ( ) SI_UNIT ( $, .RADIAN. ) );
#3522 = ORIENTED_EDGE ( 'NONE', *, *, #1018, .F. ) ;
#3523 = SURFACE_STYLE_FILL_AREA ( #5050 ) ;
#3524 = CONICAL_SURFACE ( 'NONE', #713, 0.1633858267716535584, 0.7853981633974490562 ) ;
#3525 = VERTEX_POINT ( 'NONE', #1798 ) ;
#3526 = CARTESIAN_POINT ( 'NONE',  ( 0.7283464566929134243, -4.542550991964857435E-14, -9.911486002013155582E-14 ) ) ;
#3527 = AXIS2_PLACEMENT_3D ( 'NONE', #898, #2457, #4905 ) ;
#3528 = CARTESIAN_POINT ( 'NONE',  ( 0.4855570861658691784, -1.659392417512236086E-13, -0.2926437003390972014 ) ) ;
#3529 = EDGE_LOOP ( 'NONE', ( #2630, #519, #5130, #126 ) ) ;
#3530 = FILL_AREA_STYLE_COLOUR ( '', #1170 ) ;
#3531 =( BOUNDED_CURVE ( )  B_SPLINE_CURVE ( 2, ( #3490, #4233, #330 ),
 .UNSPECIFIED., .F., .T. ) 
 B_SPLINE_CURVE_WITH_KNOTS ( ( 3, 3 ),
 ( 0.0000000000000000000, 0.4874198995767072828 ),
 .UNSPECIFIED. ) 
 CURVE ( )  GEOMETRIC_REPRESENTATION_ITEM ( )  RATIONAL_B_SPLINE_CURVE ( ( 1.035714285714300020, 1.035714285714300020, 1.027229351482033648 ) ) 
 REPRESENTATION_ITEM ( '' )  );
#3532 = PRESENTATION_LAYER_ASSIGNMENT (  '', '', ( #4036 ) ) ;
#3533 = ORIENTED_EDGE ( 'NONE', *, *, #1884, .F. ) ;
#3534 = DIRECTION ( 'NONE',  ( 0.0000000000000000000, 0.0000000000000000000, 1.000000000000000000 ) ) ;
#3535 = LINE ( 'NONE', #1197, #5042 ) ;
#3536 = DIRECTION ( 'NONE',  ( 1.000000000000000000, 1.541394104372140366E-16, 8.445140798563511365E-16 ) ) ;
#3537 = PRESENTATION_LAYER_ASSIGNMENT (  '', '', ( #2309 ) ) ;
#3538 = EDGE_CURVE ( 'NONE', #2486, #4315, #135, .T. ) ;
#3539 = VERTEX_POINT ( 'NONE', #1751 ) ;
#3540 = PLANE ( 'NONE',  #955 ) ;
#3541 = AXIS2_PLACEMENT_3D ( 'NONE', #1797, #2978, #4113 ) ;
#3542 = APPLICATION_PROTOCOL_DEFINITION ( 'draft international standard', 'automotive_design', 1998, #2940 ) ;
#3543 = PRESENTATION_STYLE_ASSIGNMENT (( #1540 ) ) ;
#3544 = EDGE_CURVE ( 'NONE', #579, #1891, #1414, .T. ) ;
#3545 = EDGE_CURVE ( 'NONE', #1522, #863, #491, .T. ) ;
#3546 = EDGE_LOOP ( 'NONE', ( #4581, #4633 ) ) ;
#3547 = CIRCLE ( 'NONE', #482, 0.2755905511810943787 ) ;
#3548 = CARTESIAN_POINT ( 'NONE',  ( 0.3110236220472441526, 0.06959712413253542340, -0.06959712413253642260 ) ) ;
#3549 = MECHANICAL_DESIGN_GEOMETRIC_PRESENTATION_REPRESENTATION (  '', ( #4219 ), #3716 ) ;
#3550 = EDGE_LOOP ( 'NONE', ( #4732, #4834, #1328, #1047 ) ) ;
#3551 = CARTESIAN_POINT ( 'NONE',  ( 0.4881889763779528879, 0.09761331423562205623, 0.2786742098926378031 ) ) ;
#3552 = ORIENTED_EDGE ( 'NONE', *, *, #3890, .F. ) ;
#3553 = CARTESIAN_POINT ( 'NONE',  ( 0.6692913385826771977, 1.344099386984862280E-17, 0.0000000000000000000 ) ) ;
#3554 = DIRECTION ( 'NONE',  ( 0.0000000000000000000, 0.0000000000000000000, 1.000000000000000000 ) ) ;
#3555 = CIRCLE ( 'NONE', #1341, 0.01968503937007873988 ) ;
#3556 = SURFACE_STYLE_USAGE ( .BOTH. , #2034 ) ;
#3557 = EDGE_CURVE ( 'NONE', #607, #69, #2572, .T. ) ;
#3558 = ORIENTED_EDGE ( 'NONE', *, *, #3501, .T. ) ;
#3559 = CIRCLE ( 'NONE', #743, 0.2952755905511117440 ) ;
#3560 = FACE_OUTER_BOUND ( 'NONE', #3061, .T. ) ;
#3561 = DIRECTION ( 'NONE',  ( -1.387778780781445676E-14, 0.0000000000000000000, 1.000000000000000000 ) ) ;
#3562 = VERTEX_POINT ( 'NONE', #615 ) ;
#3563 = CARTESIAN_POINT ( 'NONE',  ( 0.7283464566929134243, 2.802876041499534082E-13, -2.134256245050205639E-18 ) ) ;
#3564 = FACE_OUTER_BOUND ( 'NONE', #4671, .T. ) ;
#3565 = CARTESIAN_POINT ( 'NONE',  ( 0.6988188976377954775, -0.1880600253060964733, 0.2648216623995157670 ) ) ;
#3566 = VERTEX_POINT ( 'NONE', #3309 ) ;
#3567 =( LENGTH_UNIT ( ) NAMED_UNIT ( * ) SI_UNIT ( $, .METRE. ) );
#3568 = EDGE_CURVE ( 'NONE', #1140, #1836, #2058, .T. ) ;
#3569 = DIRECTION ( 'NONE',  ( 0.0000000000000000000, 0.0000000000000000000, -1.000000000000000000 ) ) ;
#3570 = SHAPE_DEFINITION_REPRESENTATION ( #539, #3698 ) ;
#3571 = CARTESIAN_POINT ( 'NONE',  ( 0.5590551181102362266, -0.1925322880287716476, 0.2238727148219606389 ) ) ;
#3572 = ORIENTED_EDGE ( 'NONE', *, *, #1423, .F. ) ;
#3573 = EDGE_CURVE ( 'NONE', #2533, #3713, #4892, .T. ) ;
#3574 = DIRECTION ( 'NONE',  ( 1.000000000000000000, 0.0000000000000000000, 0.0000000000000000000 ) ) ;
#3575 = CARTESIAN_POINT ( 'NONE',  ( 0.4724409448833858383, 0.09358160885042914046, -0.2125984251968504046 ) ) ;
#3576 = PRESENTATION_STYLE_ASSIGNMENT (( #4512 ) ) ;
#3577 = DIRECTION ( 'NONE',  ( 1.619075244245074057E-15, 1.000000000000000000, 0.0000000000000000000 ) ) ;
#3578 = ADVANCED_FACE ( 'NONE', ( #1826 ), #1041, .T. ) ;
#3579 = DIRECTION ( 'NONE',  ( -1.000000000000000000, 6.114212019134296193E-15, 0.0000000000000000000 ) ) ;
#3580 = ORIENTED_EDGE ( 'NONE', *, *, #1283, .F. ) ;
#3581 = VERTEX_POINT ( 'NONE', #2599 ) ;
#3582 = ORIENTED_EDGE ( 'NONE', *, *, #3557, .F. ) ;
#3583 = CARTESIAN_POINT ( 'NONE',  ( 0.5236220472440944462, -0.09761331423562205623, -0.2786742098926378031 ) ) ;
#3584 = PRESENTATION_STYLE_ASSIGNMENT (( #2043 ) ) ;
#3585 = CARTESIAN_POINT ( 'NONE',  ( 0.1456692913385826960, -0.02165354330708661734, 0.1377952755905511861 ) ) ;
#3586 = CARTESIAN_POINT ( 'NONE',  ( 0.5236220472440944462, 0.04110356893271850665, -0.2125984251968504046 ) ) ;
#3587 = CARTESIAN_POINT ( 'NONE',  ( 0.8661417322834645827, -0.06959712413253542340, 0.06959712413253542340 ) ) ;
#3588 = EDGE_CURVE ( 'NONE', #234, #2060, #2201, .T. ) ;
#3589 = EDGE_LOOP ( 'NONE', ( #148, #2222, #4433, #1155 ) ) ;
#3590 = DIRECTION ( 'NONE',  ( 0.0000000000000000000, 0.3305837575446657350, 0.9437766575030607230 ) ) ;
#3591 = CIRCLE ( 'NONE', #1460, 0.2165354330708637309 ) ;
#3592 = CARTESIAN_POINT ( 'NONE',  ( 0.7408997937670472878, 0.3083058047388701484, 0.05654986302622835859 ) ) ;
#3593 =( NAMED_UNIT ( * ) SI_UNIT ( $, .STERADIAN. ) SOLID_ANGLE_UNIT ( ) );
#3594 = CARTESIAN_POINT ( 'NONE',  ( 0.6692913385826771977, -0.3233722997634527752, 0.03045392815166693065 ) ) ;
#3595 = DIRECTION ( 'NONE',  ( 0.0000000000000000000, 0.0000000000000000000, 1.000000000000000000 ) ) ;
#3596 =( GEOMETRIC_REPRESENTATION_CONTEXT ( 3 ) GLOBAL_UNCERTAINTY_ASSIGNED_CONTEXT ( ( #2330 ) ) GLOBAL_UNIT_ASSIGNED_CONTEXT ( ( #3049, #1096, #4247 ) ) REPRESENTATION_CONTEXT ( 'NONE', 'WORKASPACE' ) );
#3597 = CARTESIAN_POINT ( 'NONE',  ( 0.6496062992125984925, -0.2557161625347756373, 0.1476377952755905387 ) ) ;
#3598 = ADVANCED_FACE ( 'NONE', ( #1388 ), #3215, .F. ) ;
#3599 = AXIS2_PLACEMENT_3D ( 'NONE', #4342, #3579, #2422 ) ;
#3600 = LENGTH_MEASURE_WITH_UNIT ( LENGTH_MEASURE( 0.02539999999999999897 ), #1210 );
#3601 = ORIENTED_EDGE ( 'NONE', *, *, #4573, .T. ) ;
#3602 = VERTEX_POINT ( 'NONE', #4116 ) ;
#3603 =( NAMED_UNIT ( * ) PLANE_ANGLE_UNIT ( ) SI_UNIT ( $, .RADIAN. ) );
#3604 = VECTOR ( 'NONE', #4589, 39.37007874015748143 ) ;
#3605 = EDGE_CURVE ( 'NONE', #4399, #2553, #2230, .T. ) ;
#3606 = PRODUCT_RELATED_PRODUCT_CATEGORY ( 'part', '', ( #961 ) ) ;
#3607 = CARTESIAN_POINT ( 'NONE',  ( 0.5787401574803149318, 0.2425428063478661522, -0.2060093597128661302 ) ) ;
#3608 = DIRECTION ( 'NONE',  ( 0.0000000000000000000, 0.0000000000000000000, 1.000000000000000000 ) ) ;
#3609 = LINE ( 'NONE', #2842, #2069 ) ;
#3610 = LINE ( 'NONE', #4854, #221 ) ;
#3611 = DIRECTION ( 'NONE',  ( 0.0000000000000000000, 0.0000000000000000000, -1.000000000000000000 ) ) ;
#3612 = ORIENTED_EDGE ( 'NONE', *, *, #3898, .F. ) ;
#3613 = FACE_OUTER_BOUND ( 'NONE', #3173, .T. ) ;
#3614 =( GEOMETRIC_REPRESENTATION_CONTEXT ( 3 ) GLOBAL_UNCERTAINTY_ASSIGNED_CONTEXT ( ( #4951 ) ) GLOBAL_UNIT_ASSIGNED_CONTEXT ( ( #3506, #1358, #2919 ) ) REPRESENTATION_CONTEXT ( 'NONE', 'WORKASPACE' ) );
#3615 = ORIENTED_EDGE ( 'NONE', *, *, #4663, .F. ) ;
#3616 = CARTESIAN_POINT ( 'NONE',  ( 0.01968503937007873988, 4.197095245012409247E-17, 0.0000000000000000000 ) ) ;
#3617 = CIRCLE ( 'NONE', #4858, 0.01968503937007873988 ) ;
#3618 = SURFACE_STYLE_FILL_AREA ( #3158 ) ;
#3619 = DIRECTION ( 'NONE',  ( 1.000000000000000000, 0.0000000000000000000, 0.0000000000000000000 ) ) ;
#3620 = CIRCLE ( 'NONE', #3222, 0.1811023622047244763 ) ;
#3621 = AXIS2_PLACEMENT_3D ( 'NONE', #2754, #4290, #1890 ) ;
#3622 =( BOUNDED_CURVE ( )  B_SPLINE_CURVE ( 2, ( #2875, #1258, #2897 ),
 .UNSPECIFIED., .F., .T. ) 
 B_SPLINE_CURVE_WITH_KNOTS ( ( 3, 3 ),
 ( 0.0000000000000000000, 1.000000000000000000 ),
 .UNSPECIFIED. ) 
 CURVE ( )  GEOMETRIC_REPRESENTATION_ITEM ( )  RATIONAL_B_SPLINE_CURVE ( ( 1.000000000000000000, 1.046296296296300055, 1.046296296296300055 ) ) 
 REPRESENTATION_ITEM ( '' )  );
#3623 = CARTESIAN_POINT ( 'NONE',  ( 0.6692913385826771977, -4.542550991964857435E-14, -9.911486002013155582E-14 ) ) ;
#3624 = DIRECTION ( 'NONE',  ( 0.0000000000000000000, 0.0000000000000000000, 1.000000000000000000 ) ) ;
#3625 = AXIS2_PLACEMENT_3D ( 'NONE', #4536, #2178, #3697 ) ;
#3626 = CIRCLE ( 'NONE', #730, 0.2066929133858270429 ) ;
#3627 = CARTESIAN_POINT ( 'NONE',  ( 0.9842519685039370358, 6.489504908949526730E-16, -6.304937774098582459E-17 ) ) ;
#3628 = CIRCLE ( 'NONE', #5106, 0.3051181102362278685 ) ;
#3629 = AXIS2_PLACEMENT_3D ( 'NONE', #2937, #4825, #4001 ) ;
#3630 = DIRECTION ( 'NONE',  ( 0.0000000000000000000, 0.0000000000000000000, 1.000000000000000000 ) ) ;
#3631 = ADVANCED_FACE ( 'NONE', ( #641 ), #4090, .T. ) ;
#3632 = VERTEX_POINT ( 'NONE', #2916 ) ;
#3633 = LINE ( 'NONE', #4877, #1173 ) ;
#3634 =( NAMED_UNIT ( * ) SI_UNIT ( $, .STERADIAN. ) SOLID_ANGLE_UNIT ( ) );
#3635 = ORIENTED_EDGE ( 'NONE', *, *, #333, .F. ) ;
#3636 = STYLED_ITEM ( 'NONE', ( #1785 ), #3102 ) ;
#3637 = VECTOR ( 'NONE', #4021, 39.37007874015748854 ) ;
#3638 = DIRECTION ( 'NONE',  ( 4.956352788505244126E-16, 0.3363774080760369434, -0.9417272637744154018 ) ) ;
#3639 = ADVANCED_FACE ( 'NONE', ( #4881, #474, #76, #1686, #3200, #4004 ), #843, .T. ) ;
#3640 = DIRECTION ( 'NONE',  ( -1.000000000000000000, 1.387778780781445991E-14, -1.387778780781445991E-14 ) ) ;
#3641 = CARTESIAN_POINT ( 'NONE',  ( 0.4881889763779528879, 0.1925322880287716476, -0.2238727148219606389 ) ) ;
#3642 = CARTESIAN_POINT ( 'NONE',  ( 0.6692913385826771977, -0.1880600253060984162, -0.2648216623995157670 ) ) ;
#3643 = ORIENTED_EDGE ( 'NONE', *, *, #945, .F. ) ;
#3644 = CARTESIAN_POINT ( 'NONE',  ( 0.5787401574803149318, 0.1784093389286181275, 0.2100482318025000128 ) ) ;
#3645 = STYLED_ITEM ( 'NONE', ( #2834 ), #4840 ) ;
#3646 = VERTEX_POINT ( 'NONE', #4081 ) ;
#3647 = CARTESIAN_POINT ( 'NONE',  ( 0.8661417322834645827, -0.06959712413253538177, -0.04991208476245622555 ) ) ;
#3648 = PRESENTATION_LAYER_ASSIGNMENT (  '', '', ( #835 ) ) ;
#3649 = CARTESIAN_POINT ( 'NONE',  ( 0.7480314960629921295, 5.544660704800984679E-18, 0.0000000000000000000 ) ) ;
#3650 = CARTESIAN_POINT ( 'NONE',  ( 0.01968503937007873988, 0.0000000000000000000, 1.004130642689451126E-16 ) ) ;
#3651 = LINE ( 'NONE', #2495, #4392 ) ;
#3652 = LENGTH_MEASURE_WITH_UNIT ( LENGTH_MEASURE( 0.02539999999999999897 ), #4419 );
#3653 = CARTESIAN_POINT ( 'NONE',  ( 0.05905511811023622659, 1.044997886287128127E-17, 2.881245930817779385E-17 ) ) ;
#3654 = ORIENTED_EDGE ( 'NONE', *, *, #1505, .T. ) ;
#3655 = DIRECTION ( 'NONE',  ( -1.000000000000000000, -0.0000000000000000000, -0.0000000000000000000 ) ) ;
#3656 = SURFACE_SIDE_STYLE ('',( #2448 ) ) ;
#3657 = ORIENTED_EDGE ( 'NONE', *, *, #2194, .F. ) ;
#3658 = EDGE_CURVE ( 'NONE', #4948, #368, #502, .T. ) ;
#3659 = DIRECTION ( 'NONE',  ( 1.000000000000000000, 0.0000000000000000000, 0.0000000000000000000 ) ) ;
#3660 = LINE ( 'NONE', #1296, #3360 ) ;
#3661 = DIRECTION ( 'NONE',  ( -1.000000000000000000, 0.0000000000000000000, 0.0000000000000000000 ) ) ;
#3662 = CARTESIAN_POINT ( 'NONE',  ( 0.4685039370078740717, 2.841861521294787175E-17, -0.2362204724409449619 ) ) ;
#3663 = ORIENTED_EDGE ( 'NONE', *, *, #3746, .T. ) ;
#3664 = CARTESIAN_POINT ( 'NONE',  ( 0.4881889763779528879, -0.1925322879756889705, 0.2238727148676102896 ) ) ;
#3665 = EDGE_CURVE ( 'NONE', #2528, #4815, #3628, .T. ) ;
#3666 = ORIENTED_EDGE ( 'NONE', *, *, #2905, .F. ) ;
#3667 =( NAMED_UNIT ( * ) SI_UNIT ( $, .STERADIAN. ) SOLID_ANGLE_UNIT ( ) );
#3668 = DIMENSIONAL_EXPONENTS ( 1.000000000000000000, 0.0000000000000000000, 0.0000000000000000000, 0.0000000000000000000, 0.0000000000000000000, 0.0000000000000000000, 0.0000000000000000000 ) ;
#3669 = FACE_OUTER_BOUND ( 'NONE', #749, .T. ) ;
#3670 =( BOUNDED_CURVE ( )  B_SPLINE_CURVE ( 2, ( #3468, #5065, #585 ),
 .UNSPECIFIED., .F., .T. ) 
 B_SPLINE_CURVE_WITH_KNOTS ( ( 3, 3 ),
 ( 0.0000000000000000000, 0.2922729653605999900 ),
 .UNSPECIFIED. ) 
 CURVE ( )  GEOMETRIC_REPRESENTATION_ITEM ( )  RATIONAL_B_SPLINE_CURVE ( ( 1.045871559632999936, 1.041922710394000084, 1.036363636363599960 ) ) 
 REPRESENTATION_ITEM ( '' )  );
#3671 = DIRECTION ( 'NONE',  ( 1.000000000000000000, 0.0000000000000000000, 0.0000000000000000000 ) ) ;
#3672 = FILL_AREA_STYLE ('',( #2877 ) ) ;
#3673 = ADVANCED_FACE ( 'NONE', ( #2044 ), #313, .T. ) ;
#3674 = ORIENTED_EDGE ( 'NONE', *, *, #3701, .T. ) ;
#3675 = VECTOR ( 'NONE', #3755, 39.37007874015748143 ) ;
#3676 = DIRECTION ( 'NONE',  ( 0.0000000000000000000, 0.0000000000000000000, -1.000000000000000000 ) ) ;
#3677 = DIRECTION ( 'NONE',  ( -9.251858538545144745E-15, 0.6520426821240900006, -0.7581822608637207583 ) ) ;
#3678 = LENGTH_MEASURE_WITH_UNIT ( LENGTH_MEASURE( 0.02539999999999999897 ), #4018 );
#3679 = COLOUR_RGB ( '',0.7607843137254901578, 0.7607843137254901578, 0.0000000000000000000 ) ;
#3680 = ORIENTED_EDGE ( 'NONE', *, *, #2166, .F. ) ;
#3681 = CARTESIAN_POINT ( 'NONE',  ( -0.01968503937007873988, 6.181466372770866908E-18, 0.1633858267716536417 ) ) ;
#3682 = AXIS2_PLACEMENT_3D ( 'NONE', #4981, #5058, #3096 ) ;
#3683 = ORIENTED_EDGE ( 'NONE', *, *, #3314, .F. ) ;
#3684 = CARTESIAN_POINT ( 'NONE',  ( 0.6496062992125984925, 0.2941524306248700649, -0.08106422609020866310 ) ) ;
#3685 = ORIENTED_EDGE ( 'NONE', *, *, #3974, .T. ) ;
#3686 = DIRECTION ( 'NONE',  ( -1.000000000000000000, -0.0000000000000000000, -0.0000000000000000000 ) ) ;
#3687 = CONICAL_SURFACE ( 'NONE', #2370, 0.2952755905511808554, 0.7853981633974344012 ) ;
#3688 = PRODUCT_DEFINITION_SHAPE ( 'NONE', 'NONE',  #5143 ) ;
#3689 = ORIENTED_EDGE ( 'NONE', *, *, #3034, .F. ) ;
#3690 = DIRECTION ( 'NONE',  ( 0.0000000000000000000, 0.0000000000000000000, -1.000000000000000000 ) ) ;
#3691 = ORIENTED_EDGE ( 'NONE', *, *, #3717, .F. ) ;
#3692 = CARTESIAN_POINT ( 'NONE',  ( 0.4685039370078740717, -0.09270243527843700926, 0.2595311356923307722 ) ) ;
#3693 = MECHANICAL_DESIGN_GEOMETRIC_PRESENTATION_REPRESENTATION (  '', ( #1477 ), #2299 ) ;
#3694 = CARTESIAN_POINT ( 'NONE',  ( 0.6496062992125984925, -6.767788094473169913E-16, 8.162156788789669915E-16 ) ) ;
#3695 = ADVANCED_FACE ( 'NONE', ( #3270 ), #58, .T. ) ;
#3696 = CARTESIAN_POINT ( 'NONE',  ( 0.5590551181102362266, 3.069060480382195743E-15, 2.031811945287795608E-15 ) ) ;
#3697 = DIRECTION ( 'NONE',  ( 0.0000000000000000000, 1.604619215278545931E-14, -1.000000000000000000 ) ) ;
#3698 = SHAPE_REPRESENTATION ( 'PINS_MALE_REAR_5P', ( #3233 ), #3899 ) ;
#3699 = LINE ( 'NONE', #2601, #3675 ) ;
#3700 = STYLED_ITEM ( 'NONE', ( #311 ), #2182 ) ;
#3701 = EDGE_CURVE ( 'NONE', #11, #3810, #3609, .T. ) ;
#3702 = ADVANCED_FACE ( 'NONE', ( #4407 ), #1077, .T. ) ;
#3703 = FACE_OUTER_BOUND ( 'NONE', #3056, .T. ) ;
#3704 = DIRECTION ( 'NONE',  ( -1.000000000000000000, 0.0000000000000000000, 0.0000000000000000000 ) ) ;
#3705 = DIRECTION ( 'NONE',  ( -6.938893903907228378E-15, -1.000000000000000000, 0.0000000000000000000 ) ) ;
#3706 = AXIS2_PLACEMENT_3D ( 'NONE', #177, #1051, #258 ) ;
#3707 = EDGE_LOOP ( 'NONE', ( #700, #4680, #2242, #528 ) ) ;
#3708 = PRODUCT_DEFINITION_CONTEXT ( 'detailed design', #2940, 'design' ) ;
#3709 = ADVANCED_FACE ( 'NONE', ( #2529 ), #20, .T. ) ;
#3710 = EDGE_LOOP ( 'NONE', ( #3237, #2890, #3243, #4329, #4876 ) ) ;
#3711 = DIRECTION ( 'NONE',  ( 0.0000000000000000000, 0.0000000000000000000, -1.000000000000000000 ) ) ;
#3712 = SURFACE_SIDE_STYLE ('',( #942 ) ) ;
#3713 = VERTEX_POINT ( 'NONE', #1664 ) ;
#3714 = DIRECTION ( 'NONE',  ( -1.000000000000000000, 0.0000000000000000000, 0.0000000000000000000 ) ) ;
#3715 = AXIS2_PLACEMENT_3D ( 'NONE', #3298, #526, #2116 ) ;
#3716 =( GEOMETRIC_REPRESENTATION_CONTEXT ( 3 ) GLOBAL_UNCERTAINTY_ASSIGNED_CONTEXT ( ( #971 ) ) GLOBAL_UNIT_ASSIGNED_CONTEXT ( ( #4980, #1061, #2251 ) ) REPRESENTATION_CONTEXT ( 'NONE', 'WORKASPACE' ) );
#3717 = EDGE_CURVE ( 'NONE', #2731, #1470, #4238, .T. ) ;
#3718 = UNCERTAINTY_MEASURE_WITH_UNIT (LENGTH_MEASURE( 1.000000000000000082E-05 ), #774, 'distance_accuracy_value', 'NONE');
#3719 =( NAMED_UNIT ( * ) PLANE_ANGLE_UNIT ( ) SI_UNIT ( $, .RADIAN. ) );
#3720 = ORIENTED_EDGE ( 'NONE', *, *, #2695, .T. ) ;
#3721 = CIRCLE ( 'NONE', #3804, 0.01968503937007984317 ) ;
#3722 = CARTESIAN_POINT ( 'NONE',  ( 0.4685039370078740162, 0.1408961573052046889, -0.2423167256136338488 ) ) ;
#3723 = STYLED_ITEM ( 'NONE', ( #2345 ), #3130 ) ;
#3724 = CARTESIAN_POINT ( 'NONE',  ( 0.4881889763779528879, -0.09761331423562205623, -0.2786742098926378031 ) ) ;
#3725 = ORIENTED_EDGE ( 'NONE', *, *, #1662, .F. ) ;
#3726 = CIRCLE ( 'NONE', #2578, 0.03149606299212379112 ) ;
#3727 = VERTEX_POINT ( 'NONE', #2454 ) ;
#3728 = LENGTH_MEASURE_WITH_UNIT ( LENGTH_MEASURE( 0.02539999999999999897 ), #3752 );
#3729 = CARTESIAN_POINT ( 'NONE',  ( 0.5787401574803149318, 2.466015205668746403E-17, 0.2362204724409449341 ) ) ;
#3730 = CYLINDRICAL_SURFACE ( 'NONE', #1562, 0.03149606299212657362 ) ;
#3731 = MECHANICAL_DESIGN_GEOMETRIC_PRESENTATION_REPRESENTATION (  '', ( #2329 ), #241 ) ;
#3732 = DIRECTION ( 'NONE',  ( 1.000000000000000000, 0.0000000000000000000, 0.0000000000000000000 ) ) ;
#3733 = SURFACE_SIDE_STYLE ('',( #3333 ) ) ;
#3734 = EDGE_CURVE ( 'NONE', #1475, #2837, #816, .T. ) ;
#3735 = CARTESIAN_POINT ( 'NONE',  ( 0.3110236220472441526, 0.06959712413253542340, 0.08928216350261340695 ) ) ;
#3736 = DIMENSIONAL_EXPONENTS ( 1.000000000000000000, 0.0000000000000000000, 0.0000000000000000000, 0.0000000000000000000, 0.0000000000000000000, 0.0000000000000000000, 0.0000000000000000000 ) ;
#3737 = CARTESIAN_POINT ( 'NONE',  ( 0.3110236220472441526, -0.06959712413253542340, -0.08928216350261448941 ) ) ;
#3738 = CARTESIAN_POINT ( 'NONE',  ( 0.5787401574803149318, -0.2711117742252480700, 0.04948290388348032531 ) ) ;
#3739 = ADVANCED_FACE ( 'NONE', ( #5019 ), #225, .T. ) ;
#3740 = EDGE_LOOP ( 'NONE', ( #542, #3654, #1727, #4874 ) ) ;
#3741 = VERTEX_POINT ( 'NONE', #1544 ) ;
#3742 = DIRECTION ( 'NONE',  ( -1.000000000000000000, 0.0000000000000000000, 0.0000000000000000000 ) ) ;
#3743 = CARTESIAN_POINT ( 'NONE',  ( 0.6692913385826771977, 1.344099386984862280E-17, 0.0000000000000000000 ) ) ;
#3744 = VERTEX_POINT ( 'NONE', #3111 ) ;
#3745 = CARTESIAN_POINT ( 'NONE',  ( 0.1358267716535433156, 0.02165354330708661734, 0.1619445968598671459 ) ) ;
#3746 = EDGE_CURVE ( 'NONE', #3420, #2662, #2565, .T. ) ;
#3747 = CARTESIAN_POINT ( 'NONE',  ( 0.4881889763779528879, -0.2520779461861181181, 0.1537673028375551310 ) ) ;
#3748 = ORIENTED_EDGE ( 'NONE', *, *, #4352, .F. ) ;
#3749 = CARTESIAN_POINT ( 'NONE',  ( 0.8661417322834645827, -0.06959712413253582586, -0.06959712413253504870 ) ) ;
#3750 = CARTESIAN_POINT ( 'NONE',  ( 0.5590551181102357825, 1.451294246634139749E-15, 1.237868622129119302E-16 ) ) ;
#3751 = VERTEX_POINT ( 'NONE', #3863 ) ;
#3752 =( LENGTH_UNIT ( ) NAMED_UNIT ( * ) SI_UNIT ( $, .METRE. ) );
#3753 = FACE_OUTER_BOUND ( 'NONE', #282, .T. ) ;
#3754 = CARTESIAN_POINT ( 'NONE',  ( 0.4685039370078740717, 5.975917486140575174E-17, 0.0000000000000000000 ) ) ;
#3755 = DIRECTION ( 'NONE',  ( -1.000000000000000000, 0.0000000000000000000, 0.0000000000000000000 ) ) ;
#3756 = CARTESIAN_POINT ( 'NONE',  ( 0.7480314960629921295, 0.2172798944446771852, -0.2142113644609763834 ) ) ;
#3757 = EDGE_CURVE ( 'NONE', #254, #3343, #3839, .T. ) ;
#3758 = CARTESIAN_POINT ( 'NONE',  ( 0.6567380015085433342, 0.1051792844081889805, 0.2952755905511811885 ) ) ;
#3759 = AXIS2_PLACEMENT_3D ( 'NONE', #4967, #3032, #2573 ) ;
#3760 = ORIENTED_EDGE ( 'NONE', *, *, #5033, .F. ) ;
#3761 = VERTEX_POINT ( 'NONE', #1495 ) ;
#3762 = EDGE_CURVE ( 'NONE', #972, #399, #2846, .T. ) ;
#3763 = AXIS2_PLACEMENT_3D ( 'NONE', #2489, #873, #508 ) ;
#3764 =( LENGTH_UNIT ( ) NAMED_UNIT ( * ) SI_UNIT ( $, .METRE. ) );
#3765 = EDGE_LOOP ( 'NONE', ( #3951, #2785, #3439, #208, #3663, #1630 ) ) ;
#3766 =( NAMED_UNIT ( * ) SI_UNIT ( $, .STERADIAN. ) SOLID_ANGLE_UNIT ( ) );
#3767 = ORIENTED_EDGE ( 'NONE', *, *, #2505, .F. ) ;
#3768 = DIRECTION ( 'NONE',  ( 1.000000000000000000, 1.691018892601351090E-15, 9.264919724628698883E-15 ) ) ;
#3769 = EDGE_CURVE ( 'NONE', #399, #91, #3870, .T. ) ;
#3770 = CARTESIAN_POINT ( 'NONE',  ( 0.5629921259843306824, -0.05839526367789763667, 0.2125984251967716621 ) ) ;
#3771 = ORIENTED_EDGE ( 'NONE', *, *, #1909, .F. ) ;
#3772 = LENGTH_MEASURE_WITH_UNIT ( LENGTH_MEASURE( 0.02539999999999999897 ), #3801 );
#3773 = AXIS2_PLACEMENT_3D ( 'NONE', #2995, #2296, #4213 ) ;
#3774 = ORIENTED_EDGE ( 'NONE', *, *, #1156, .F. ) ;
#3775 = CIRCLE ( 'NONE', #3435, 0.2165354330708637309 ) ;
#3776 = DIRECTION ( 'NONE',  ( 7.434529182757675383E-16, -0.6473710298265478169, -0.7621750125406334675 ) ) ;
#3777 =( CONVERSION_BASED_UNIT ( 'INCH', #2686 ) LENGTH_UNIT ( ) NAMED_UNIT ( #751 ) );
#3778 = DIRECTION ( 'NONE',  ( 6.938893903907225222E-15, 0.0000000000000000000, 1.000000000000000000 ) ) ;
#3779 = CARTESIAN_POINT ( 'NONE',  ( 0.6988188976377954775, 0.1880600253060984162, -0.2648216623995157670 ) ) ;
#3780 = AXIS2_PLACEMENT_3D ( 'NONE', #689, #5105, #3852 ) ;
#3781 = CARTESIAN_POINT ( 'NONE',  ( 0.01968503937007873988, 0.09358160885042914046, 0.2125984251968504046 ) ) ;
#3782 = STYLED_ITEM ( 'NONE', ( #1929 ), #1814 ) ;
#3783 = DIRECTION ( 'NONE',  ( 0.0000000000000000000, 0.0000000000000000000, -1.000000000000000000 ) ) ;
#3784 = AXIS2_PLACEMENT_3D ( 'NONE', #1478, #1090, #1791 ) ;
#3785 = EDGE_LOOP ( 'NONE', ( #1988, #3303 ) ) ;
#3786 = ORIENTED_EDGE ( 'NONE', *, *, #2188, .F. ) ;
#3787 = PRESENTATION_STYLE_ASSIGNMENT (( #651 ) ) ;
#3788 = STYLED_ITEM ( 'NONE', ( #890 ), #2218 ) ;
#3789 = DIRECTION ( 'NONE',  ( -1.000000000000000000, 0.0000000000000000000, 0.0000000000000000000 ) ) ;
#3790 = ORIENTED_EDGE ( 'NONE', *, *, #3573, .F. ) ;
#3791 = CARTESIAN_POINT ( 'NONE',  ( 0.7480314960629921295, -0.2172798944446771852, 0.2142113644609763834 ) ) ;
#3792 = VECTOR ( 'NONE', #2467, 39.37007874015748143 ) ;
#3793 = COLOUR_RGB ( '',0.7607843137254901578, 0.7607843137254901578, 0.0000000000000000000 ) ;
#3794 = EDGE_CURVE ( 'NONE', #2989, #3948, #699, .T. ) ;
#3795 = CARTESIAN_POINT ( 'NONE',  ( 0.4881889763779528879, 0.007127417435679133870, 0.2951895565497638096 ) ) ;
#3796 = VERTEX_POINT ( 'NONE', #4694 ) ;
#3797 = CARTESIAN_POINT ( 'NONE',  ( 0.7283464566929134243, -0.1353122744573582725, 0.2952755905511810774 ) ) ;
#3798 =( BOUNDED_CURVE ( )  B_SPLINE_CURVE ( 2, ( #3642, #1738, #78 ),
 .UNSPECIFIED., .F., .T. ) 
 B_SPLINE_CURVE_WITH_KNOTS ( ( 3, 3 ),
 ( 0.0000000000000000000, 1.000000000000000000 ),
 .UNSPECIFIED. ) 
 CURVE ( )  GEOMETRIC_REPRESENTATION_ITEM ( )  RATIONAL_B_SPLINE_CURVE ( ( 1.000000000000000000, 1.020663065298099914, 1.032786885245899899 ) ) 
 REPRESENTATION_ITEM ( '' )  );
#3799 = CARTESIAN_POINT ( 'NONE',  ( 0.9645669291338581086, 0.06959712413253543728, -0.04991208476245669046 ) ) ;
#3800 = ORIENTED_EDGE ( 'NONE', *, *, #2421, .T. ) ;
#3801 =( LENGTH_UNIT ( ) NAMED_UNIT ( * ) SI_UNIT ( $, .METRE. ) );
#3802 = CIRCLE ( 'NONE', #4866, 0.01968503937007984317 ) ;
#3803 = EDGE_CURVE ( 'NONE', #259, #1845, #1519, .T. ) ;
#3804 = AXIS2_PLACEMENT_3D ( 'NONE', #1923, #2191, #3421 ) ;
#3805 = STYLED_ITEM ( 'NONE', ( #4756 ), #2927 ) ;
#3806 = CARTESIAN_POINT ( 'NONE',  ( 0.6567380015085433342, 0.3083058047388701484, -0.05654986302622835859 ) ) ;
#3807 = CARTESIAN_POINT ( 'NONE',  ( -0.03937007874015747977, 0.1704774416898504064, 0.2952755905511810774 ) ) ;
#3808 = CARTESIAN_POINT ( 'NONE',  ( 0.9645669291338583307, -0.06959712413253542340, 0.06959712413253542340 ) ) ;
#3809 = EDGE_CURVE ( 'NONE', #2528, #111, #4579, .T. ) ;
#3810 = VERTEX_POINT ( 'NONE', #3893 ) ;
#3811 = CARTESIAN_POINT ( 'NONE',  ( 0.7283464566929134243, -0.1880600253060984162, -0.2648216623995157670 ) ) ;
#3812 = CONICAL_SURFACE ( 'NONE', #2493, 0.2952755905511808554, 0.7853981633974344012 ) ;
#3813 = LINE ( 'NONE', #1443, #1824 ) ;
#3814 = AXIS2_PLACEMENT_3D ( 'NONE', #2279, #3228, #79 ) ;
#3815 = EDGE_LOOP ( 'NONE', ( #3395, #4700, #2531, #3760 ) ) ;
#3816 = UNCERTAINTY_MEASURE_WITH_UNIT (LENGTH_MEASURE( 1.000000000000000082E-05 ), #2645, 'distance_accuracy_value', 'NONE');
#3817 = DIRECTION ( 'NONE',  ( 1.000000000000000000, 0.0000000000000000000, 0.0000000000000000000 ) ) ;
#3818 = VERTEX_POINT ( 'NONE', #3412 ) ;
#3819 = FACE_OUTER_BOUND ( 'NONE', #199, .T. ) ;
#3820 = DIRECTION ( 'NONE',  ( -1.000000000000000000, -0.0000000000000000000, -0.0000000000000000000 ) ) ;
#3821 = ORIENTED_EDGE ( 'NONE', *, *, #3239, .F. ) ;
#3822 = CARTESIAN_POINT ( 'NONE',  ( 0.3110236220472441526, -0.06959712413253542340, 0.06959712413253622831 ) ) ;
#3823 = DIRECTION ( 'NONE',  ( 0.0000000000000000000, 0.0000000000000000000, -1.000000000000000000 ) ) ;
#3824 = EDGE_LOOP ( 'NONE', ( #1848, #2085 ) ) ;
#3825 = DIRECTION ( 'NONE',  ( -1.000000000000000000, 0.0000000000000000000, 0.0000000000000000000 ) ) ;
#3826 = CARTESIAN_POINT ( 'NONE',  ( 0.5789595594094487652, -6.767788094473111734E-16, 0.2125984251968496830 ) ) ;
#3827 = ORIENTED_EDGE ( 'NONE', *, *, #3568, .F. ) ;
#3828 = EDGE_CURVE ( 'NONE', #91, #2992, #1157, .T. ) ;
#3829 = ORIENTED_EDGE ( 'NONE', *, *, #3314, .T. ) ;
#3830 = DIRECTION ( 'NONE',  ( -4.336808689942017736E-16, 0.0000000000000000000, 1.000000000000000000 ) ) ;
#3831 = DIRECTION ( 'NONE',  ( 1.000000000000000000, 0.0000000000000000000, 0.0000000000000000000 ) ) ;
#3832 = FACE_OUTER_BOUND ( 'NONE', #2307, .T. ) ;
#3833 = EDGE_CURVE ( 'NONE', #2872, #2314, #3531, .T. ) ;
#3834 = VERTEX_POINT ( 'NONE', #2145 ) ;
#3835 = CARTESIAN_POINT ( 'NONE',  ( 0.3110236220472441526, -0.06959712413253542340, -0.06959712413253464625 ) ) ;
#3836 = EDGE_CURVE ( 'NONE', #1031, #765, #3362, .T. ) ;
#3837 = CARTESIAN_POINT ( 'NONE',  ( 0.6692913385826771977, 1.344099386984862280E-17, 0.0000000000000000000 ) ) ;
#3838 = ORIENTED_EDGE ( 'NONE', *, *, #673, .T. ) ;
#3839 = LINE ( 'NONE', #3063, #902 ) ;
#3840 = ORIENTED_EDGE ( 'NONE', *, *, #567, .F. ) ;
#3841 = DIRECTION ( 'NONE',  ( 1.000000000000000000, 0.0000000000000000000, 0.0000000000000000000 ) ) ;
#3842 = DIRECTION ( 'NONE',  ( -4.336808689942017736E-16, 1.110223024625199928E-16, 1.000000000000000000 ) ) ;
#3843 = ORIENTED_EDGE ( 'NONE', *, *, #3386, .F. ) ;
#3844 = EDGE_CURVE ( 'NONE', #4549, #3910, #3670, .T. ) ;
#3845 = VERTEX_POINT ( 'NONE', #275 ) ;
#3846 = PLANE ( 'NONE',  #2735 ) ;
#3847 = DIRECTION ( 'NONE',  ( 1.000000000000000000, 0.0000000000000000000, 0.0000000000000000000 ) ) ;
#3848 = VERTEX_POINT ( 'NONE', #1887 ) ;
#3849 = SURFACE_STYLE_FILL_AREA ( #688 ) ;
#3850 = AXIS2_PLACEMENT_3D ( 'NONE', #1178, #5063, #1538 ) ;
#3851 = ORIENTED_EDGE ( 'NONE', *, *, #1653, .T. ) ;
#3852 = DIRECTION ( 'NONE',  ( 0.0000000000000000000, 0.0000000000000000000, 1.000000000000000000 ) ) ;
#3853 = AXIS2_PLACEMENT_3D ( 'NONE', #3451, #4826, #3246 ) ;
#3854 = DIRECTION ( 'NONE',  ( 0.0000000000000000000, -1.000000000000000000, 0.0000000000000000000 ) ) ;
#3855 = DIRECTION ( 'NONE',  ( -1.000000000000000000, 0.0000000000000000000, 0.0000000000000000000 ) ) ;
#3856 = VERTEX_POINT ( 'NONE', #2173 ) ;
#3857 = CARTESIAN_POINT ( 'NONE',  ( 0.8661417322834645827, -0.06959712413253582586, -0.03810106114041126452 ) ) ;
#3858 = EDGE_CURVE ( 'NONE', #4355, #3602, #3457, .T. ) ;
#3859 = SURFACE_STYLE_FILL_AREA ( #2285 ) ;
#3860 = AXIS2_PLACEMENT_3D ( 'NONE', #4982, #3402, #2616 ) ;
#3861 = ORIENTED_EDGE ( 'NONE', *, *, #656, .T. ) ;
#3862 = EDGE_CURVE ( 'NONE', #1845, #4668, #3905, .T. ) ;
#3863 = CARTESIAN_POINT ( 'NONE',  ( 0.7480314960629921295, 0.07687253618020473134, -0.2952755905511771917 ) ) ;
#3864 = ORIENTED_EDGE ( 'NONE', *, *, #4994, .F. ) ;
#3865 = SURFACE_STYLE_USAGE ( .BOTH. , #1159 ) ;
#3866 = CARTESIAN_POINT ( 'NONE',  ( 0.4855570861658691784, -1.659392417512236086E-13, -0.2926437003390972014 ) ) ;
#3867 = DIMENSIONAL_EXPONENTS ( 1.000000000000000000, 0.0000000000000000000, 0.0000000000000000000, 0.0000000000000000000, 0.0000000000000000000, 0.0000000000000000000, 0.0000000000000000000 ) ;
#3868 = MECHANICAL_DESIGN_GEOMETRIC_PRESENTATION_REPRESENTATION (  '', ( #3363 ), #2214 ) ;
#3869 = EDGE_CURVE ( 'NONE', #1359, #478, #1164, .T. ) ;
#3870 =( BOUNDED_CURVE ( )  B_SPLINE_CURVE ( 2, ( #1108, #2674, #158 ),
 .UNSPECIFIED., .F., .T. ) 
 B_SPLINE_CURVE_WITH_KNOTS ( ( 3, 3 ),
 ( 0.0000000000000000000, 1.000000000000000000 ),
 .UNSPECIFIED. ) 
 CURVE ( )  GEOMETRIC_REPRESENTATION_ITEM ( )  RATIONAL_B_SPLINE_CURVE ( ( 1.046296296296300055, 1.046296296296300055, 1.000000000000000000 ) ) 
 REPRESENTATION_ITEM ( '' )  );
#3871 = CARTESIAN_POINT ( 'NONE',  ( 0.1358267716535433156, -0.02165354330708661734, 0.1619445968598671459 ) ) ;
#3872 = AXIS2_PLACEMENT_3D ( 'NONE', #3750, #686, #186 ) ;
#3873 = VERTEX_POINT ( 'NONE', #357 ) ;
#3874 = CARTESIAN_POINT ( 'NONE',  ( 0.7283464566929208628, 4.507549189546033226E-15, 5.085519469096300026E-16 ) ) ;
#3875 = CARTESIAN_POINT ( 'NONE',  ( 0.4868243158580816687, -0.003547755354614283776, -0.2939109300313056949 ) ) ;
#3876 = VERTEX_POINT ( 'NONE', #1622 ) ;
#3877 = PRESENTATION_LAYER_ASSIGNMENT (  '', '', ( #3450 ) ) ;
#3878 = DIMENSIONAL_EXPONENTS ( 1.000000000000000000, 0.0000000000000000000, 0.0000000000000000000, 0.0000000000000000000, 0.0000000000000000000, 0.0000000000000000000, 0.0000000000000000000 ) ;
#3879 = CARTESIAN_POINT ( 'NONE',  ( 0.7480314960629921295, 0.07687253618020473134, 0.2952755905511771917 ) ) ;
#3880 = COLOUR_RGB ( '',0.7607843137254901578, 0.7607843137254901578, 0.0000000000000000000 ) ;
#3881 = SURFACE_STYLE_FILL_AREA ( #2303 ) ;
#3882 = DIRECTION ( 'NONE',  ( -1.000000000000000000, -0.0000000000000000000, -0.0000000000000000000 ) ) ;
#3883 = FACE_OUTER_BOUND ( 'NONE', #4370, .T. ) ;
#3884 = CIRCLE ( 'NONE', #4042, 0.1633858267716535584 ) ;
#3885 = VERTEX_POINT ( 'NONE', #1956 ) ;
#3886 = LENGTH_MEASURE_WITH_UNIT ( LENGTH_MEASURE( 0.02539999999999999897 ), #2258 );
#3887 = SURFACE_STYLE_FILL_AREA ( #3463 ) ;
#3888 = AXIS2_PLACEMENT_3D ( 'NONE', #990, #1699, #3676 ) ;
#3889 = PRESENTATION_LAYER_ASSIGNMENT (  '', '', ( #3465 ) ) ;
#3890 = EDGE_CURVE ( 'NONE', #1425, #451, #4067, .T. ) ;
#3891 = AXIS2_PLACEMENT_3D ( 'NONE', #3526, #2373, #397 ) ;
#3892 = VERTEX_POINT ( 'NONE', #462 ) ;
#3893 = CARTESIAN_POINT ( 'NONE',  ( 0.4881889763779528879, -0.04110356894152362300, 0.2125984251951496262 ) ) ;
#3894 = ORIENTED_EDGE ( 'NONE', *, *, #854, .T. ) ;
#3895 = CARTESIAN_POINT ( 'NONE',  ( 0.5236220472440944462, 0.2520779461861181181, -0.1537673028375551310 ) ) ;
#3896 = FILL_AREA_STYLE_COLOUR ( '', #2390 ) ;
#3897 = AXIS2_PLACEMENT_3D ( 'NONE', #2466, #3704, #3624 ) ;
#3898 = EDGE_CURVE ( 'NONE', #3566, #157, #2721, .T. ) ;
#3899 =( GEOMETRIC_REPRESENTATION_CONTEXT ( 3 ) GLOBAL_UNCERTAINTY_ASSIGNED_CONTEXT ( ( #1076 ) ) GLOBAL_UNIT_ASSIGNED_CONTEXT ( ( #675, #4309, #1880 ) ) REPRESENTATION_CONTEXT ( 'NONE', 'WORKASPACE' ) );
#3900 = ORIENTED_EDGE ( 'NONE', *, *, #4322, .F. ) ;
#3901 = CARTESIAN_POINT ( 'NONE',  ( 0.05905511811023622659, 0.06959712413253542340, -0.06959712413253642260 ) ) ;
#3902 = LINE ( 'NONE', #3498, #2882 ) ;
#3903 = ORIENTED_EDGE ( 'NONE', *, *, #1604, .F. ) ;
#3904 = DIRECTION ( 'NONE',  ( 0.0000000000000000000, 0.0000000000000000000, 1.000000000000000000 ) ) ;
#3905 =( BOUNDED_CURVE ( )  B_SPLINE_CURVE ( 2, ( #1469, #4287, #5045 ),
 .UNSPECIFIED., .F., .T. ) 
 B_SPLINE_CURVE_WITH_KNOTS ( ( 3, 3 ),
 ( 0.0000000000000000000, 1.000000000000000000 ),
 .UNSPECIFIED. ) 
 CURVE ( )  GEOMETRIC_REPRESENTATION_ITEM ( )  RATIONAL_B_SPLINE_CURVE ( ( 1.032786885245899899, 1.020663065298099914, 1.000000000000000000 ) ) 
 REPRESENTATION_ITEM ( '' )  );
#3906 = ORIENTED_EDGE ( 'NONE', *, *, #4023, .T. ) ;
#3907 = DIRECTION ( 'NONE',  ( 1.000000000000000000, 4.336808689942010340E-16, 4.336808689942017736E-16 ) ) ;
#3908 = DIRECTION ( 'NONE',  ( -1.000000000000000000, 0.0000000000000000000, 0.0000000000000000000 ) ) ;
#3909 =( CONVERSION_BASED_UNIT ( 'INCH', #1947 ) LENGTH_UNIT ( ) NAMED_UNIT ( #2260 ) );
#3910 = VERTEX_POINT ( 'NONE', #2807 ) ;
#3911 = CARTESIAN_POINT ( 'NONE',  ( 0.8661417322834645827, 0.06959712413253542340, -0.1010931871246616154 ) ) ;
#3912 = DIRECTION ( 'NONE',  ( 0.0000000000000000000, 1.065814103640149963E-14, -1.000000000000000000 ) ) ;
#3913 =( LENGTH_UNIT ( ) NAMED_UNIT ( * ) SI_UNIT ( $, .METRE. ) );
#3914 = EDGE_CURVE ( 'NONE', #1883, #2300, #3884, .T. ) ;
#3915 = ORIENTED_EDGE ( 'NONE', *, *, #509, .T. ) ;
#3916 = ORIENTED_EDGE ( 'NONE', *, *, #3803, .T. ) ;
#3917 =( LENGTH_UNIT ( ) NAMED_UNIT ( * ) SI_UNIT ( $, .METRE. ) );
#3918 =( LENGTH_UNIT ( ) NAMED_UNIT ( * ) SI_UNIT ( $, .METRE. ) );
#3919 = DIRECTION ( 'NONE',  ( -1.000000000000000000, 0.0000000000000000000, 0.0000000000000000000 ) ) ;
#3920 = EDGE_CURVE ( 'NONE', #3340, #5102, #3547, .T. ) ;
#3921 = EDGE_LOOP ( 'NONE', ( #2372, #3409 ) ) ;
#3922 = ORIENTED_EDGE ( 'NONE', *, *, #4231, .F. ) ;
#3923 = CARTESIAN_POINT ( 'NONE',  ( 0.4685039370078740717, -7.158921822906564411E-18, -0.2755905511811022057 ) ) ;
#3924 = VERTEX_POINT ( 'NONE', #4394 ) ;
#3925 = CARTESIAN_POINT ( 'NONE',  ( 0.4881889763779528879, 0.2520779461861181181, -0.1537673028375551310 ) ) ;
#3926 = EDGE_CURVE ( 'NONE', #187, #3161, #4768, .T. ) ;
#3927 = DIRECTION ( 'NONE',  ( -1.000000000000000000, 6.938893903907219700E-15, -6.938893903907219700E-15 ) ) ;
#3928 = PLANE ( 'NONE',  #4779 ) ;
#3929 = CARTESIAN_POINT ( 'NONE',  ( 0.6496062992125968272, 1.770578980893650521E-14, 3.645309666545750979E-15 ) ) ;
#3930 = COLOUR_RGB ( '',0.7607843137254901578, 0.7607843137254901578, 0.0000000000000000000 ) ;
#3931 = ORIENTED_EDGE ( 'NONE', *, *, #81, .T. ) ;
#3932 = LENGTH_MEASURE_WITH_UNIT ( LENGTH_MEASURE( 0.02539999999999999897 ), #1179 );
#3933 =( GEOMETRIC_REPRESENTATION_CONTEXT ( 3 ) GLOBAL_UNCERTAINTY_ASSIGNED_CONTEXT ( ( #2789 ) ) GLOBAL_UNIT_ASSIGNED_CONTEXT ( ( #4398, #1238, #1579 ) ) REPRESENTATION_CONTEXT ( 'NONE', 'WORKASPACE' ) );
#3934 = EDGE_CURVE ( 'NONE', #2901, #3956, #140, .T. ) ;
#3935 = VERTEX_POINT ( 'NONE', #4772 ) ;
#3936 = AXIS2_PLACEMENT_3D ( 'NONE', #2849, #1642, #904 ) ;
#3937 = CARTESIAN_POINT ( 'NONE',  ( 0.4685039370078740717, -0.1784093389286456888, -0.2100482318024803619 ) ) ;
#3938 = EDGE_LOOP ( 'NONE', ( #3090, #1551, #2002, #2669 ) ) ;
#3939 = CARTESIAN_POINT ( 'NONE',  ( 0.6496062992125984925, -6.507430113552078641E-16, -0.2125984251968496830 ) ) ;
#3940 =( LENGTH_UNIT ( ) NAMED_UNIT ( * ) SI_UNIT ( $, .METRE. ) );
#3941 = DIRECTION ( 'NONE',  ( 1.000000000000000000, 3.771137991253928573E-16, 3.771137991253909345E-16 ) ) ;
#3942 = VECTOR ( 'NONE', #4769, 39.37007874015748143 ) ;
#3943 = DIRECTION ( 'NONE',  ( -1.000000000000000000, 0.0000000000000000000, 0.0000000000000000000 ) ) ;
#3944 = ORIENTED_EDGE ( 'NONE', *, *, #15, .T. ) ;
#3945 = CYLINDRICAL_SURFACE ( 'NONE', #4397, 0.03149606299212378419 ) ;
#3946 = AXIS2_PLACEMENT_3D ( 'NONE', #2894, #2530, #4484 ) ;
#3947 = FILL_AREA_STYLE ('',( #807 ) ) ;
#3948 = VERTEX_POINT ( 'NONE', #1646 ) ;
#3949 = EDGE_CURVE ( 'NONE', #2503, #4897, #1331, .T. ) ;
#3950 = AXIS2_PLACEMENT_3D ( 'NONE', #4369, #1553, #2784 ) ;
#3951 = ORIENTED_EDGE ( 'NONE', *, *, #4686, .F. ) ;
#3952 = LINE ( 'NONE', #4811, #2445 ) ;
#3953 = DIRECTION ( 'NONE',  ( 7.434529182757611288E-16, -0.6473710298263832819, -0.7621750125407731336 ) ) ;
#3954 = DIRECTION ( 'NONE',  ( -1.000000000000000000, 0.0000000000000000000, 0.0000000000000000000 ) ) ;
#3955 = MECHANICAL_DESIGN_GEOMETRIC_PRESENTATION_REPRESENTATION (  '', ( #3371 ), #1239 ) ;
#3956 = VERTEX_POINT ( 'NONE', #771 ) ;
#3957 = AXIS2_PLACEMENT_3D ( 'NONE', #28, #513, #2053 ) ;
#3958 = SURFACE_STYLE_FILL_AREA ( #483 ) ;
#3959 = STYLED_ITEM ( 'NONE', ( #3576 ), #2433 ) ;
#3960 = DIRECTION ( 'NONE',  ( -1.000000000000000000, -0.0000000000000000000, -0.0000000000000000000 ) ) ;
#3961 = CARTESIAN_POINT ( 'NONE',  ( 0.05905511811023622659, 0.06959712413253542340, -0.06959712413253642260 ) ) ;
#3962 = EDGE_CURVE ( 'NONE', #4458, #2300, #2365, .T. ) ;
#3963 = LENGTH_MEASURE_WITH_UNIT ( LENGTH_MEASURE( 0.02539999999999999897 ), #2902 );
#3964 = CONICAL_SURFACE ( 'NONE', #5034, 0.2952755905511808554, 0.7853981633974344012 ) ;
#3965 = AXIS2_PLACEMENT_3D ( 'NONE', #627, #1523, #391 ) ;
#3966 = CARTESIAN_POINT ( 'NONE',  ( 0.7283464566929134243, 4.540843586968817737E-14, -9.909778597017114623E-14 ) ) ;
#3967 = LINE ( 'NONE', #3939, #1757 ) ;
#3968 = CARTESIAN_POINT ( 'NONE',  ( 0.6692913385826771977, 0.1880600253060984162, 0.2648216623995157670 ) ) ;
#3969 = DIRECTION ( 'NONE',  ( 1.000000000000000000, -1.150732159897138579E-17, 5.383174144058658701E-16 ) ) ;
#3970 = MECHANICAL_DESIGN_GEOMETRIC_PRESENTATION_REPRESENTATION (  '', ( #63 ), #660 ) ;
#3971 =( NAMED_UNIT ( * ) PLANE_ANGLE_UNIT ( ) SI_UNIT ( $, .RADIAN. ) );
#3972 = ORIENTED_EDGE ( 'NONE', *, *, #2378, .F. ) ;
#3973 = AXIS2_PLACEMENT_3D ( 'NONE', #332, #4318, #4289 ) ;
#3974 = EDGE_CURVE ( 'NONE', #2219, #4253, #4918, .T. ) ;
#3975 = DIRECTION ( 'NONE',  ( 0.0000000000000000000, 0.0000000000000000000, 1.000000000000000000 ) ) ;
#3976 = ORIENTED_EDGE ( 'NONE', *, *, #2, .T. ) ;
#3977 = DIRECTION ( 'NONE',  ( -1.387778780781496163E-14, -0.7605117634994269515, -0.6493241544706246371 ) ) ;
#3978 =( GEOMETRIC_REPRESENTATION_CONTEXT ( 3 ) GLOBAL_UNCERTAINTY_ASSIGNED_CONTEXT ( ( #116 ) ) GLOBAL_UNIT_ASSIGNED_CONTEXT ( ( #2095, #1298, #100 ) ) REPRESENTATION_CONTEXT ( 'NONE', 'WORKASPACE' ) );
#3979 = VERTEX_POINT ( 'NONE', #3162 ) ;
#3980 = UNCERTAINTY_MEASURE_WITH_UNIT (LENGTH_MEASURE( 1.000000000000000082E-05 ), #2023, 'distance_accuracy_value', 'NONE');
#3981 = DIRECTION ( 'NONE',  ( -3.299294252059535686E-14, 0.9837484379030690951, -0.1795522512342059840 ) ) ;
#3982 = DIRECTION ( 'NONE',  ( 0.0000000000000000000, 0.0000000000000000000, -1.000000000000000000 ) ) ;
#3983 = EDGE_CURVE ( 'NONE', #2968, #579, #4745, .T. ) ;
#3984 = CARTESIAN_POINT ( 'NONE',  ( -0.6496062992125984925, -0.3323761121494567261, 0.2125984251968504046 ) ) ;
#3985 = DIRECTION ( 'NONE',  ( -1.387778780781445676E-14, 0.0000000000000000000, 1.000000000000000000 ) ) ;
#3986 = DIRECTION ( 'NONE',  ( 0.0000000000000000000, 0.4999999999999844014, -0.8660254037844474784 ) ) ;
#3987 = EDGE_LOOP ( 'NONE', ( #4824, #2247, #1592, #2711 ) ) ;
#3988 = DIRECTION ( 'NONE',  ( 0.0000000000000000000, -0.4999999999999844014, 0.8660254037844474784 ) ) ;
#3989 = EDGE_CURVE ( 'NONE', #2763, #4668, #4388, .T. ) ;
#3990 = FACE_OUTER_BOUND ( 'NONE', #3707, .T. ) ;
#3991 = LINE ( 'NONE', #1698, #4596 ) ;
#3992 = EDGE_CURVE ( 'NONE', #2753, #4971, #1499, .T. ) ;
#3993 = CARTESIAN_POINT ( 'NONE',  ( 0.3110236220472441526, 6.181466372770866908E-18, 3.956012536440165301E-17 ) ) ;
#3994 = CARTESIAN_POINT ( 'NONE',  ( 0.05905511811023622659, -0.06959712413253542340, 0.06959712413253542340 ) ) ;
#3995 = CARTESIAN_POINT ( 'NONE',  ( -0.03937007874015747977, 2.531258147843938781E-17, -0.2066929133858267653 ) ) ;
#3996 = CARTESIAN_POINT ( 'NONE',  ( 0.5787401574803149318, -0.1784093389286220410, -0.2100482318025000128 ) ) ;
#3997 = EDGE_LOOP ( 'NONE', ( #4734, #4051, #1223, #4521 ) ) ;
#3998 = PRESENTATION_STYLE_ASSIGNMENT (( #4778 ) ) ;
#3999 = DIRECTION ( 'NONE',  ( -1.000000000000000000, 0.0000000000000000000, 0.0000000000000000000 ) ) ;
#4000 = ORIENTED_EDGE ( 'NONE', *, *, #4480, .F. ) ;
#4001 = DIRECTION ( 'NONE',  ( 0.0000000000000000000, 0.0000000000000000000, 1.000000000000000000 ) ) ;
#4002 = DIRECTION ( 'NONE',  ( 0.0000000000000000000, -0.1795522512342059840, -0.9837484379030690951 ) ) ;
#4003 = DIRECTION ( 'NONE',  ( 1.000000000000000000, 6.649773324577769785E-14, 0.0000000000000000000 ) ) ;
#4004 = FACE_BOUND ( 'NONE', #733, .T. ) ;
#4005 = CARTESIAN_POINT ( 'NONE',  ( 0.7283464566929134243, 0.06959712413253542340, 0.06959712413253582586 ) ) ;
#4006 = DIRECTION ( 'NONE',  ( 0.0000000000000000000, 0.0000000000000000000, -1.000000000000000000 ) ) ;
#4007 = DIRECTION ( 'NONE',  ( -1.000000000000000000, 6.114212019134296193E-15, 0.0000000000000000000 ) ) ;
#4008 = CIRCLE ( 'NONE', #4910, 0.2362204724409450174 ) ;
#4009 = EDGE_LOOP ( 'NONE', ( #4475, #2250, #2437, #2140 ) ) ;
#4010 = SURFACE_SIDE_STYLE ('',( #1301 ) ) ;
#4011 = CARTESIAN_POINT ( 'NONE',  ( 0.6692913385826771977, 0.3248031496062993573, 5.085519469096300026E-16 ) ) ;
#4012 = DIRECTION ( 'NONE',  ( 1.071937337635887036E-14, 6.123233995736766036E-17, -1.000000000000000000 ) ) ;
#4013 = FACE_BOUND ( 'NONE', #2209, .T. ) ;
#4014 = EDGE_CURVE ( 'NONE', #3040, #4610, #3651, .T. ) ;
#4015 = CARTESIAN_POINT ( 'NONE',  ( 0.5590551181102362266, -0.04110356894152362300, 0.2125984251951496262 ) ) ;
#4016 = FACE_OUTER_BOUND ( 'NONE', #3938, .T. ) ;
#4017 = VECTOR ( 'NONE', #4875, 39.37007874015748854 ) ;
#4018 =( LENGTH_UNIT ( ) NAMED_UNIT ( * ) SI_UNIT ( $, .METRE. ) );
#4019 = AXIS2_PLACEMENT_3D ( 'NONE', #510, #2100, #4889 ) ;
#4020 = ORIENTED_EDGE ( 'NONE', *, *, #2973, .F. ) ;
#4021 = DIRECTION ( 'NONE',  ( 0.0000000000000000000, 0.4999999999999844014, -0.8660254037844474784 ) ) ;
#4022 = ORIENTED_EDGE ( 'NONE', *, *, #2850, .F. ) ;
#4023 = EDGE_CURVE ( 'NONE', #3566, #3818, #3257, .T. ) ;
#4024 = FACE_OUTER_BOUND ( 'NONE', #4995, .T. ) ;
#4025 = AXIS2_PLACEMENT_3D ( 'NONE', #3177, #815, #3982 ) ;
#4026 = CARTESIAN_POINT ( 'NONE',  ( 0.4685039370078740717, -0.1784093389286456888, -0.2100482318024803619 ) ) ;
#4027 = LENGTH_MEASURE_WITH_UNIT ( LENGTH_MEASURE( 0.02539999999999999897 ), #4828 );
#4028 = DIRECTION ( 'NONE',  ( -1.000000000000000000, 0.0000000000000000000, 0.0000000000000000000 ) ) ;
#4029 = DIRECTION ( 'NONE',  ( -1.000000000000000000, 0.0000000000000000000, 0.0000000000000000000 ) ) ;
#4030 = DIRECTION ( 'NONE',  ( 0.0000000000000000000, 0.9417272637744114050, 0.3363774080760479901 ) ) ;
#4031 = ORIENTED_EDGE ( 'NONE', *, *, #4121, .T. ) ;
#4032 = CIRCLE ( 'NONE', #3281, 0.2125984251968503769 ) ;
#4033 = ORIENTED_EDGE ( 'NONE', *, *, #2188, .T. ) ;
#4034 = DIRECTION ( 'NONE',  ( 1.000000000000000000, 0.0000000000000000000, 0.0000000000000000000 ) ) ;
#4035 = APPLICATION_PROTOCOL_DEFINITION ( 'draft international standard', 'automotive_design', 1998, #820 ) ;
#4036 = STYLED_ITEM ( 'NONE', ( #3448 ), #2042 ) ;
#4037 = DIRECTION ( 'NONE',  ( -1.000000000000000000, 0.0000000000000000000, 0.0000000000000000000 ) ) ;
#4038 = AXIS2_PLACEMENT_3D ( 'NONE', #857, #2835, #883 ) ;
#4039 = VECTOR ( 'NONE', #1025, 39.37007874015748854 ) ;
#4040 = ORIENTED_EDGE ( 'NONE', *, *, #3485, .F. ) ;
#4041 = FACE_BOUND ( 'NONE', #723, .T. ) ;
#4042 = AXIS2_PLACEMENT_3D ( 'NONE', #3993, #4418, #3519 ) ;
#4043 =( GEOMETRIC_REPRESENTATION_CONTEXT ( 3 ) GLOBAL_UNCERTAINTY_ASSIGNED_CONTEXT ( ( #1767 ) ) GLOBAL_UNIT_ASSIGNED_CONTEXT ( ( #2305, #4224, #672 ) ) REPRESENTATION_CONTEXT ( 'NONE', 'WORKASPACE' ) );
#4044 = FACE_OUTER_BOUND ( 'NONE', #3038, .T. ) ;
#4045 = VECTOR ( 'NONE', #2613, 39.37007874015748143 ) ;
#4046 = FILL_AREA_STYLE ('',( #2960 ) ) ;
#4047 = EDGE_LOOP ( 'NONE', ( #2049, #1902, #1400, #4332 ) ) ;
#4048 = CARTESIAN_POINT ( 'NONE',  ( 0.7283464566929134243, 4.540843586968817737E-14, -9.909778597017114623E-14 ) ) ;
#4049 = ADVANCED_FACE ( 'NONE', ( #2956 ), #596, .T. ) ;
#4050 = DIRECTION ( 'NONE',  ( -1.000000000000000000, -2.940209281316622495E-16, -2.940209281316621509E-16 ) ) ;
#4051 = ORIENTED_EDGE ( 'NONE', *, *, #760, .T. ) ;
#4052 = VECTOR ( 'NONE', #888, 39.37007874015748854 ) ;
#4053 = CARTESIAN_POINT ( 'NONE',  ( 0.4881889763779528324, -2.389280911964267078E-18, 0.2165354330708657848 ) ) ;
#4054 = VECTOR ( 'NONE', #2501, 39.37007874015748143 ) ;
#4055 =( NAMED_UNIT ( * ) PLANE_ANGLE_UNIT ( ) SI_UNIT ( $, .RADIAN. ) );
#4056 = FACE_BOUND ( 'NONE', #2396, .T. ) ;
#4057 = CARTESIAN_POINT ( 'NONE',  ( 0.4685039370078740717, 0.09270243527843700926, -0.2595311356923307722 ) ) ;
#4058 = EDGE_CURVE ( 'NONE', #2970, #2901, #910, .T. ) ;
#4059 = DIRECTION ( 'NONE',  ( 1.000000000000000000, -1.541394104371959914E-16, -8.445140798567639080E-16 ) ) ;
#4060 = ORIENTED_EDGE ( 'NONE', *, *, #4505, .F. ) ;
#4061 = DIRECTION ( 'NONE',  ( 0.0000000000000000000, 0.5000000000000005551, -0.8660254037844382635 ) ) ;
#4062 =( NAMED_UNIT ( * ) PLANE_ANGLE_UNIT ( ) SI_UNIT ( $, .RADIAN. ) );
#4063 = DIRECTION ( 'NONE',  ( -2.312964634635773821E-14, 1.000000000000000000, -3.735136861841962064E-31 ) ) ;
#4064 = AXIS2_PLACEMENT_3D ( 'NONE', #4718, #876, #26 ) ;
#4065 = CARTESIAN_POINT ( 'NONE',  ( 0.6496062992125984925, -0.2172798944446771852, 0.2142113644609763834 ) ) ;
#4066 = CARTESIAN_POINT ( 'NONE',  ( 0.6496062992125984925, -0.2941524306248700649, -0.08106422609020866310 ) ) ;
#4067 =( BOUNDED_CURVE ( )  B_SPLINE_CURVE ( 2, ( #3937, #32, #419 ),
 .UNSPECIFIED., .F., .T. ) 
 B_SPLINE_CURVE_WITH_KNOTS ( ( 3, 3 ),
 ( 0.0000000000000000000, 1.000000000000000000 ),
 .UNSPECIFIED. ) 
 CURVE ( )  GEOMETRIC_REPRESENTATION_ITEM ( )  RATIONAL_B_SPLINE_CURVE ( ( 1.035714285714300020, 1.035714285714300020, 1.000000000000000000 ) ) 
 REPRESENTATION_ITEM ( '' )  );
#4068 = DIRECTION ( 'NONE',  ( 4.956352788509887953E-15, -0.9417272637743904218, -0.3363774080761067764 ) ) ;
#4069 =( NAMED_UNIT ( * ) SI_UNIT ( $, .STERADIAN. ) SOLID_ANGLE_UNIT ( ) );
#4070 = ORIENTED_EDGE ( 'NONE', *, *, #5086, .F. ) ;
#4071 = ORIENTED_EDGE ( 'NONE', *, *, #4214, .F. ) ;
#4072 = UNCERTAINTY_MEASURE_WITH_UNIT (LENGTH_MEASURE( 1.000000000000000082E-05 ), #4092, 'distance_accuracy_value', 'NONE');
#4073 = LINE ( 'NONE', #3681, #4017 ) ;
#4074 = ORIENTED_EDGE ( 'NONE', *, *, #1885, .F. ) ;
#4075 = DIRECTION ( 'NONE',  ( 0.0000000000000000000, 0.0000000000000000000, 1.000000000000000000 ) ) ;
#4076 = ORIENTED_EDGE ( 'NONE', *, *, #2385, .F. ) ;
#4077 =( NAMED_UNIT ( * ) SI_UNIT ( $, .STERADIAN. ) SOLID_ANGLE_UNIT ( ) );
#4078 = EDGE_CURVE ( 'NONE', #1345, #3405, #60, .T. ) ;
#4079 = FACE_OUTER_BOUND ( 'NONE', #975, .T. ) ;
#4080 = EDGE_LOOP ( 'NONE', ( #3683, #4040, #995, #921 ) ) ;
#4081 = CARTESIAN_POINT ( 'NONE',  ( 0.9645669291338585527, 0.01968503937007938867, -5.387120545866570569E-16 ) ) ;
#4082 = CARTESIAN_POINT ( 'NONE',  ( 0.7283464566929134243, 0.0000000000000000000, 2.306351827984412328E-16 ) ) ;
#4083 = CARTESIAN_POINT ( 'NONE',  ( 0.4881889763779528879, 2.224943001112187452E-17, -0.2165354330708666730 ) ) ;
#4084 = DIRECTION ( 'NONE',  ( 1.000000000000000000, 0.0000000000000000000, 0.0000000000000000000 ) ) ;
#4085 = EDGE_CURVE ( 'NONE', #2920, #4234, #1723, .T. ) ;
#4086 = EDGE_CURVE ( 'NONE', #1719, #1522, #3335, .T. ) ;
#4087 = DIRECTION ( 'NONE',  ( -1.000000000000000000, 0.0000000000000000000, 0.0000000000000000000 ) ) ;
#4088 = CARTESIAN_POINT ( 'NONE',  ( 0.6692913385826771977, -0.3233722997634527752, -0.03045392815166693065 ) ) ;
#4089 = DIRECTION ( 'NONE',  ( 0.0000000000000000000, 0.6520426821241386284, -0.7581822608636787919 ) ) ;
#4090 = CYLINDRICAL_SURFACE ( 'NONE', #4943, 0.01968503937007873988 ) ;
#4091 = LINE ( 'NONE', #2926, #16 ) ;
#4092 =( CONVERSION_BASED_UNIT ( 'INCH', #3652 ) LENGTH_UNIT ( ) NAMED_UNIT ( #1871 ) );
#4093 =( NAMED_UNIT ( * ) SI_UNIT ( $, .STERADIAN. ) SOLID_ANGLE_UNIT ( ) );
#4094 = ADVANCED_FACE ( 'NONE', ( #4540 ), #3964, .T. ) ;
#4095 = PRESENTATION_LAYER_ASSIGNMENT (  '', '', ( #2857 ) ) ;
#4096 =( BOUNDED_CURVE ( )  B_SPLINE_CURVE ( 2, ( #858, #1606, #3996 ),
 .UNSPECIFIED., .F., .T. ) 
 B_SPLINE_CURVE_WITH_KNOTS ( ( 3, 3 ),
 ( 0.0000000000000000000, 1.000000000000000000 ),
 .UNSPECIFIED. ) 
 CURVE ( )  GEOMETRIC_REPRESENTATION_ITEM ( )  RATIONAL_B_SPLINE_CURVE ( ( 1.000000000000000000, 1.035714285714300020, 1.035714285714300020 ) ) 
 REPRESENTATION_ITEM ( '' )  );
#4097 = ORIENTED_EDGE ( 'NONE', *, *, #1198, .F. ) ;
#4098 = AXIS2_PLACEMENT_3D ( 'NONE', #2041, #4405, #1969 ) ;
#4099 = EDGE_LOOP ( 'NONE', ( #732, #3192, #4974, #4485, #4720 ) ) ;
#4100 = LINE ( 'NONE', #543, #4143 ) ;
#4101 = ORIENTED_EDGE ( 'NONE', *, *, #4167, .T. ) ;
#4102 = COLOUR_RGB ( '',0.7607843137254901578, 0.7607843137254901578, 0.0000000000000000000 ) ;
#4103 = DIMENSIONAL_EXPONENTS ( 1.000000000000000000, 0.0000000000000000000, 0.0000000000000000000, 0.0000000000000000000, 0.0000000000000000000, 0.0000000000000000000, 0.0000000000000000000 ) ;
#4104 = SURFACE_STYLE_USAGE ( .BOTH. , #2171 ) ;
#4105 = ORIENTED_EDGE ( 'NONE', *, *, #3479, .F. ) ;
#4106 = CARTESIAN_POINT ( 'NONE',  ( 0.7480314960629921295, -3.457495116981333290E-16, 8.246766130873994381E-15 ) ) ;
#4107 = CYLINDRICAL_SURFACE ( 'NONE', #2480, 0.2165354330708424702 ) ;
#4108 = ORIENTED_EDGE ( 'NONE', *, *, #1435, .T. ) ;
#4109 = EDGE_CURVE ( 'NONE', #2060, #259, #4606, .T. ) ;
#4110 = CIRCLE ( 'NONE', #2381, 0.2165354330708433861 ) ;
#4111 = SURFACE_STYLE_USAGE ( .BOTH. , #4144 ) ;
#4112 = SURFACE_STYLE_FILL_AREA ( #243 ) ;
#4113 = DIRECTION ( 'NONE',  ( 6.938893903907228378E-15, 0.0000000000000000000, 1.000000000000000000 ) ) ;
#4114 = AXIS2_PLACEMENT_3D ( 'NONE', #877, #956, #1774 ) ;
#4115 = ADVANCED_FACE ( 'NONE', ( #3703 ), #139, .T. ) ;
#4116 = CARTESIAN_POINT ( 'NONE',  ( -0.03937007874015747977, 2.860118139653146965E-17, -0.1830708661417322081 ) ) ;
#4117 = DIRECTION ( 'NONE',  ( 0.0000000000000000000, -0.9417272637744167341, -0.3363774080760331131 ) ) ;
#4118 = AXIS2_PLACEMENT_3D ( 'NONE', #2524, #3999, #1291 ) ;
#4119 = DIRECTION ( 'NONE',  ( 0.0000000000000000000, -0.4999999999999844014, -0.8660254037844474784 ) ) ;
#4120 = FILL_AREA_STYLE ('',( #3126 ) ) ;
#4121 = EDGE_CURVE ( 'NONE', #2753, #3323, #1881, .T. ) ;
#4122 = COLOUR_RGB ( '',0.2509803921568627416, 0.2509803921568627416, 0.2509803921568627416 ) ;
#4123 = CARTESIAN_POINT ( 'NONE',  ( 0.6692913385826771977, 0.1353122744573582725, 0.2952755905511810774 ) ) ;
#4124 = ORIENTED_EDGE ( 'NONE', *, *, #1189, .T. ) ;
#4125 = AXIS2_PLACEMENT_3D ( 'NONE', #1016, #985, #2925 ) ;
#4126 = PRESENTATION_STYLE_ASSIGNMENT (( #2084 ) ) ;
#4127 = AXIS2_PLACEMENT_3D ( 'NONE', #2487, #928, #4061 ) ;
#4128 = EDGE_LOOP ( 'NONE', ( #1816, #4692, #1931, #334 ) ) ;
#4129 = DIRECTION ( 'NONE',  ( -1.000000000000000000, 0.0000000000000000000, 0.0000000000000000000 ) ) ;
#4130 = ORIENTED_EDGE ( 'NONE', *, *, #1766, .T. ) ;
#4131 =( BOUNDED_CURVE ( )  B_SPLINE_CURVE ( 2, ( #3050, #4708, #3879 ),
 .UNSPECIFIED., .F., .T. ) 
 B_SPLINE_CURVE_WITH_KNOTS ( ( 3, 3 ),
 ( 0.0000000000000000000, 1.000000000000000000 ),
 .UNSPECIFIED. ) 
 CURVE ( )  GEOMETRIC_REPRESENTATION_ITEM ( )  RATIONAL_B_SPLINE_CURVE ( ( 1.000000000000000000, 1.020663065298099914, 1.032786885245899899 ) ) 
 REPRESENTATION_ITEM ( '' )  );
#4132 = AXIS2_PLACEMENT_3D ( 'NONE', #1204, #2775, #2392 ) ;
#4133 = AXIS2_PLACEMENT_3D ( 'NONE', #2761, #5099, #2376 ) ;
#4134 = UNCERTAINTY_MEASURE_WITH_UNIT (LENGTH_MEASURE( 1.000000000000000082E-05 ), #107, 'distance_accuracy_value', 'NONE');
#4135 = SURFACE_STYLE_USAGE ( .BOTH. , #1786 ) ;
#4136 = ORIENTED_EDGE ( 'NONE', *, *, #3658, .T. ) ;
#4137 = CARTESIAN_POINT ( 'NONE',  ( 0.4685039370078740717, -0.09270243527843700926, 0.2595311356923307722 ) ) ;
#4138 = COLOUR_RGB ( '',0.7607843137254901578, 0.7607843137254901578, 0.0000000000000000000 ) ;
#4139 = LINE ( 'NONE', #2093, #2891 ) ;
#4140 = AXIS2_PLACEMENT_3D ( 'NONE', #71, #3714, #2112 ) ;
#4141 = FACE_OUTER_BOUND ( 'NONE', #4755, .T. ) ;
#4142 = VERTEX_POINT ( 'NONE', #3434 ) ;
#4143 = VECTOR ( 'NONE', #3711, 39.37007874015748143 ) ;
#4144 = SURFACE_SIDE_STYLE ('',( #3329 ) ) ;
#4145 = EDGE_CURVE ( 'NONE', #4315, #2486, #2571, .T. ) ;
#4146 = SURFACE_SIDE_STYLE ('',( #4112 ) ) ;
#4147 = SURFACE_SIDE_STYLE ('',( #4890 ) ) ;
#4148 = AXIS2_PLACEMENT_3D ( 'NONE', #1913, #1206, #2777 ) ;
#4149 = DIRECTION ( 'NONE',  ( -1.000000000000000000, 0.0000000000000000000, 0.0000000000000000000 ) ) ;
#4150 = DIRECTION ( 'NONE',  ( -1.000000000000000000, -0.0000000000000000000, -0.0000000000000000000 ) ) ;
#4151 = AXIS2_PLACEMENT_3D ( 'NONE', #2844, #407, #2766 ) ;
#4152 = CARTESIAN_POINT ( 'NONE',  ( 1.088879128833149331E-16, 2.531258147844005958E-17, -0.2066929133858273759 ) ) ;
#4153 = ADVANCED_FACE ( 'NONE', ( #527 ), #1401, .T. ) ;
#4154 = DIRECTION ( 'NONE',  ( 1.000000000000000000, 0.0000000000000000000, 0.0000000000000000000 ) ) ;
#4155 = ORIENTED_EDGE ( 'NONE', *, *, #1198, .T. ) ;
#4156 = EDGE_CURVE ( 'NONE', #863, #80, #1918, .T. ) ;
#4157 = ORIENTED_EDGE ( 'NONE', *, *, #207, .F. ) ;
#4158 = CARTESIAN_POINT ( 'NONE',  ( 0.7283464566929134243, 0.06959712413253542340, -0.06959712413253504870 ) ) ;
#4159 = ORIENTED_EDGE ( 'NONE', *, *, #5052, .F. ) ;
#4160 = CARTESIAN_POINT ( 'NONE',  ( 0.7283464566929134243, -1.701450374994314482E-16, 9.395671748265965567E-17 ) ) ;
#4161 = ORIENTED_EDGE ( 'NONE', *, *, #3809, .F. ) ;
#4162 = DIRECTION ( 'NONE',  ( -1.000000000000000000, 7.715190224800169110E-16, 9.782701856712201146E-15 ) ) ;
#4163 =( BOUNDED_CURVE ( )  B_SPLINE_CURVE ( 2, ( #2026, #3592, #5084 ),
 .UNSPECIFIED., .F., .T. ) 
 B_SPLINE_CURVE_WITH_KNOTS ( ( 3, 3 ),
 ( 0.0000000000000000000, 1.000000000000000000 ),
 .UNSPECIFIED. ) 
 CURVE ( )  GEOMETRIC_REPRESENTATION_ITEM ( )  RATIONAL_B_SPLINE_CURVE ( ( 1.000000000000000000, 1.020663065298099914, 1.032786885245899899 ) ) 
 REPRESENTATION_ITEM ( '' )  );
#4164 = CARTESIAN_POINT ( 'NONE',  ( 0.8661417322834645827, 0.06959712413253542340, -0.06959712413253504870 ) ) ;
#4165 = ORIENTED_EDGE ( 'NONE', *, *, #2657, .F. ) ;
#4166 = DIRECTION ( 'NONE',  ( -3.771137991253929066E-16, 1.000000000000000000, -3.999791741928371470E-32 ) ) ;
#4167 = EDGE_CURVE ( 'NONE', #1152, #254, #3464, .T. ) ;
#4168 = PRESENTATION_STYLE_ASSIGNMENT (( #4931 ) ) ;
#4169 = CARTESIAN_POINT ( 'NONE',  ( 0.01968503937007873988, -0.09358160885042914046, -0.2125984251968504046 ) ) ;
#4170 = SURFACE_STYLE_FILL_AREA ( #1459 ) ;
#4171 = CARTESIAN_POINT ( 'NONE',  ( 0.4881889763779529434, -0.04110356893271653600, -0.2125984251968504046 ) ) ;
#4172 = CARTESIAN_POINT ( 'NONE',  ( 0.7480314960629921295, -0.2941524306248700649, -0.08106422609020866310 ) ) ;
#4173 = LINE ( 'NONE', #3361, #2149 ) ;
#4174 = ADVANCED_FACE ( 'NONE', ( #1326 ), #4107, .F. ) ;
#4175 = VECTOR ( 'NONE', #4254, 39.37007874015748143 ) ;
#4176 = ORIENTED_EDGE ( 'NONE', *, *, #3544, .T. ) ;
#4177 = PRESENTATION_STYLE_ASSIGNMENT (( #351 ) ) ;
#4178 = ORIENTED_EDGE ( 'NONE', *, *, #1118, .F. ) ;
#4179 = DIRECTION ( 'NONE',  ( -1.000000000000000000, -6.938893903907220489E-15, 6.938893903907225222E-15 ) ) ;
#4180 = AXIS2_PLACEMENT_3D ( 'NONE', #1224, #2462, #4835 ) ;
#4181 = SURFACE_STYLE_USAGE ( .BOTH. , #4548 ) ;
#4182 = ORIENTED_EDGE ( 'NONE', *, *, #1753, .T. ) ;
#4183 = CYLINDRICAL_SURFACE ( 'NONE', #3965, 0.3248031496060185819 ) ;
#4184 = EDGE_CURVE ( 'NONE', #3796, #3646, #318, .T. ) ;
#4185 =( GEOMETRIC_REPRESENTATION_CONTEXT ( 3 ) GLOBAL_UNCERTAINTY_ASSIGNED_CONTEXT ( ( #3503 ) ) GLOBAL_UNIT_ASSIGNED_CONTEXT ( ( #2189, #4055, #500 ) ) REPRESENTATION_CONTEXT ( 'NONE', 'WORKASPACE' ) );
#4186 = UNCERTAINTY_MEASURE_WITH_UNIT (LENGTH_MEASURE( 1.000000000000000082E-05 ), #3157, 'distance_accuracy_value', 'NONE');
#4187 = CARTESIAN_POINT ( 'NONE',  ( 0.5708661417322835607, 6.631508289161810802E-12, -0.2125984251968504046 ) ) ;
#4188 = ORIENTED_EDGE ( 'NONE', *, *, #2106, .F. ) ;
#4189 = DIRECTION ( 'NONE',  ( 2.312964634635773821E-14, -1.000000000000000000, 3.735136861841962064E-31 ) ) ;
#4190 = ORIENTED_EDGE ( 'NONE', *, *, #1128, .T. ) ;
#4191 = DIRECTION ( 'NONE',  ( 0.0000000000000000000, 0.9837484379027604531, -0.1795522512358964651 ) ) ;
#4192 = COLOUR_RGB ( '',0.7607843137254901578, 0.7607843137254901578, 0.0000000000000000000 ) ;
#4193 = EDGE_CURVE ( 'NONE', #5064, #1191, #1933, .T. ) ;
#4194 = AXIS2_PLACEMENT_3D ( 'NONE', #1012, #531, #1037 ) ;
#4195 = DIRECTION ( 'NONE',  ( -1.387778780781445676E-14, 4.336808689942017736E-16, 1.000000000000000000 ) ) ;
#4196 = PLANE ( 'NONE',  #5014 ) ;
#4197 = DIRECTION ( 'NONE',  ( 1.150732159897140428E-17, 1.000000000000000000, -3.570370824413027703E-17 ) ) ;
#4198 = CARTESIAN_POINT ( 'NONE',  ( 0.4833829516259448567, -0.06642192152459448773, -0.2125984251968504046 ) ) ;
#4199 = AXIS2_PLACEMENT_3D ( 'NONE', #2479, #1273, #867 ) ;
#4200 = CARTESIAN_POINT ( 'NONE',  ( 0.6567380015085433342, 0.2031265203306811262, -0.2387257275249528299 ) ) ;
#4201 = SURFACE_STYLE_FILL_AREA ( #1465 ) ;
#4202 = MECHANICAL_DESIGN_GEOMETRIC_PRESENTATION_REPRESENTATION (  '', ( #3782 ), #3614 ) ;
#4203 = CARTESIAN_POINT ( 'NONE',  ( 0.6692913385826771977, -0.1353122744573582725, 0.2952755905511810774 ) ) ;
#4204 = COLOUR_RGB ( '',1.000000000000000000, 1.000000000000000000, 0.8627450980392157298 ) ;
#4205 = ORIENTED_EDGE ( 'NONE', *, *, #753, .F. ) ;
#4206 = ORIENTED_EDGE ( 'NONE', *, *, #4352, .T. ) ;
#4207 = CIRCLE ( 'NONE', #2636, 0.01968503937007873988 ) ;
#4208 = DIRECTION ( 'NONE',  ( 1.000000000000000000, 1.264166619000754434E-15, 1.176756071830057641E-15 ) ) ;
#4209 = ORIENTED_EDGE ( 'NONE', *, *, #215, .T. ) ;
#4210 = CARTESIAN_POINT ( 'NONE',  ( 0.5236220472440944462, 0.1925322880287716476, -0.2238727148219606389 ) ) ;
#4211 = AXIS2_PLACEMENT_3D ( 'NONE', #4312, #5016, #769 ) ;
#4212 = AXIS2_PLACEMENT_3D ( 'NONE', #4492, #4863, #933 ) ;
#4213 = DIRECTION ( 'NONE',  ( 0.0000000000000000000, -0.9955947168474748032, 0.09376118485490998744 ) ) ;
#4214 = EDGE_CURVE ( 'NONE', #399, #1726, #409, .T. ) ;
#4215 = ORIENTED_EDGE ( 'NONE', *, *, #4988, .T. ) ;
#4216 = DIRECTION ( 'NONE',  ( -1.000000000000000000, 0.0000000000000000000, 0.0000000000000000000 ) ) ;
#4217 = VERTEX_POINT ( 'NONE', #2869 ) ;
#4218 = AXIS2_PLACEMENT_3D ( 'NONE', #3623, #833, #2752 ) ;
#4219 = STYLED_ITEM ( 'NONE', ( #286 ), #2818 ) ;
#4220 = MECHANICAL_DESIGN_GEOMETRIC_PRESENTATION_REPRESENTATION (  '', ( #981 ), #2647 ) ;
#4221 = ADVANCED_FACE ( 'NONE', ( #974 ), #77, .T. ) ;
#4222 = CARTESIAN_POINT ( 'NONE',  ( 0.7283464566929134243, -0.06959712413253582586, -0.06959712413253504870 ) ) ;
#4223 = CARTESIAN_POINT ( 'NONE',  ( -0.01968503937007873988, 0.02165354330708661734, 0.1619445968598673402 ) ) ;
#4224 =( NAMED_UNIT ( * ) PLANE_ANGLE_UNIT ( ) SI_UNIT ( $, .RADIAN. ) );
#4225 = MECHANICAL_DESIGN_GEOMETRIC_PRESENTATION_REPRESENTATION (  '', ( #2819 ), #414 ) ;
#4226 = ORIENTED_EDGE ( 'NONE', *, *, #2948, .F. ) ;
#4227 = SURFACE_SIDE_STYLE ('',( #5040 ) ) ;
#4228 = SHAPE_REPRESENTATION_RELATIONSHIP ( 'NONE' , 'NONE' ,  #2451, #745 ) ;
#4229 = LINE ( 'NONE', #618, #4705 ) ;
#4230 = AXIS2_PLACEMENT_3D ( 'NONE', #4684, #2162, #2254 ) ;
#4231 = EDGE_CURVE ( 'NONE', #3713, #1520, #4139, .T. ) ;
#4232 = VERTEX_POINT ( 'NONE', #3271 ) ;
#4233 = CARTESIAN_POINT ( 'NONE',  ( 0.5787401574803149318, -0.2755905511811025943, 0.02494414258278960378 ) ) ;
#4234 = VERTEX_POINT ( 'NONE', #2117 ) ;
#4235 = DIRECTION ( 'NONE',  ( 6.938893903907225222E-15, 0.0000000000000000000, 1.000000000000000000 ) ) ;
#4236 = DIRECTION ( 'NONE',  ( 0.0000000000000000000, 0.0000000000000000000, 1.000000000000000000 ) ) ;
#4237 = ORIENTED_EDGE ( 'NONE', *, *, #2762, .F. ) ;
#4238 =( BOUNDED_CURVE ( )  B_SPLINE_CURVE ( 2, ( #4813, #4428, #868 ),
 .UNSPECIFIED., .F., .T. ) 
 B_SPLINE_CURVE_WITH_KNOTS ( ( 3, 3 ),
 ( 0.0000000000000000000, 1.000000000000000000 ),
 .UNSPECIFIED. ) 
 CURVE ( )  GEOMETRIC_REPRESENTATION_ITEM ( )  RATIONAL_B_SPLINE_CURVE ( ( 1.035714285714300020, 1.035714285714300020, 1.000000000000000000 ) ) 
 REPRESENTATION_ITEM ( '' )  );
#4239 =( NAMED_UNIT ( * ) SI_UNIT ( $, .STERADIAN. ) SOLID_ANGLE_UNIT ( ) );
#4240 = VERTEX_POINT ( 'NONE', #2508 ) ;
#4241 = DIRECTION ( 'NONE',  ( 0.0000000000000000000, 1.000000000000000000, 0.0000000000000000000 ) ) ;
#4242 = CARTESIAN_POINT ( 'NONE',  ( -0.03937007874015747977, -0.1704774416898504064, -0.2952755905511810774 ) ) ;
#4243 = EDGE_LOOP ( 'NONE', ( #2593, #3022, #396, #714 ) ) ;
#4244 = FACE_OUTER_BOUND ( 'NONE', #3710, .T. ) ;
#4245 = EDGE_CURVE ( 'NONE', #2920, #2815, #4873, .T. ) ;
#4246 = ORIENTED_EDGE ( 'NONE', *, *, #1302, .T. ) ;
#4247 =( NAMED_UNIT ( * ) SI_UNIT ( $, .STERADIAN. ) SOLID_ANGLE_UNIT ( ) );
#4248 = DIRECTION ( 'NONE',  ( -1.000000000000000000, -2.940209281316622495E-16, -2.940209281316621509E-16 ) ) ;
#4249 = CARTESIAN_POINT ( 'NONE',  ( 0.8661417322834645827, -0.06959712413253542340, 0.1010931871246614350 ) ) ;
#4250 = LINE ( 'NONE', #3082, #4403 ) ;
#4251 = ADVANCED_FACE ( 'NONE', ( #2944 ), #5028, .T. ) ;
#4252 = EDGE_CURVE ( 'NONE', #173, #1006, #1527, .T. ) ;
#4253 = VERTEX_POINT ( 'NONE', #1895 ) ;
#4254 = DIRECTION ( 'NONE',  ( -1.000000000000000000, 0.0000000000000000000, 0.0000000000000000000 ) ) ;
#4255 = FILL_AREA_STYLE_COLOUR ( '', #5127 ) ;
#4256 = LENGTH_MEASURE_WITH_UNIT ( LENGTH_MEASURE( 0.02539999999999999897 ), #694 );
#4257 = EDGE_CURVE ( 'NONE', #451, #2240, #1503, .T. ) ;
#4258 = ORIENTED_EDGE ( 'NONE', *, *, #3757, .T. ) ;
#4259 = ORIENTED_EDGE ( 'NONE', *, *, #673, .F. ) ;
#4260 = SPHERICAL_SURFACE ( 'NONE', #4381, 0.01968503937007873988 ) ;
#4261 = CIRCLE ( 'NONE', #2439, 0.2125984251968504046 ) ;
#4262 = CARTESIAN_POINT ( 'NONE',  ( 0.6988188976377954775, 0.1353122744573582725, 0.2952755905511810774 ) ) ;
#4263 = AXIS2_PLACEMENT_3D ( 'NONE', #2954, #4593, #2233 ) ;
#4264 = ORIENTED_EDGE ( 'NONE', *, *, #2072, .T. ) ;
#4265 = CARTESIAN_POINT ( 'NONE',  ( 0.5787401574803149318, 0.1784093389286181275, 0.2100482318025000128 ) ) ;
#4266 = LENGTH_MEASURE_WITH_UNIT ( LENGTH_MEASURE( 0.02539999999999999897 ), #13 );
#4267 = VERTEX_POINT ( 'NONE', #262 ) ;
#4268 = CIRCLE ( 'NONE', #3260, 0.3051181102362277575 ) ;
#4269 = DIMENSIONAL_EXPONENTS ( 1.000000000000000000, 0.0000000000000000000, 0.0000000000000000000, 0.0000000000000000000, 0.0000000000000000000, 0.0000000000000000000, 0.0000000000000000000 ) ;
#4270 =( REPRESENTATION_RELATIONSHIP ('NONE','NONE', #691, #2451 ) REPRESENTATION_RELATIONSHIP_WITH_TRANSFORMATION ( #797 )SHAPE_REPRESENTATION_RELATIONSHIP( ) );
#4271 = DIRECTION ( 'NONE',  ( -1.000000000000000000, 0.0000000000000000000, 0.0000000000000000000 ) ) ;
#4272 = EDGE_CURVE ( 'NONE', #3876, #1193, #1089, .T. ) ;
#4273 =( GEOMETRIC_REPRESENTATION_CONTEXT ( 3 ) GLOBAL_UNCERTAINTY_ASSIGNED_CONTEXT ( ( #343 ) ) GLOBAL_UNIT_ASSIGNED_CONTEXT ( ( #3296, #3719, #2941 ) ) REPRESENTATION_CONTEXT ( 'NONE', 'WORKASPACE' ) );
#4274 = DIRECTION ( 'NONE',  ( 1.000000000000000000, 0.0000000000000000000, 0.0000000000000000000 ) ) ;
#4275 = DIRECTION ( 'NONE',  ( -1.000000000000000000, 0.0000000000000000000, 0.0000000000000000000 ) ) ;
#4276 = STYLED_ITEM ( 'NONE', ( #3144 ), #812 ) ;
#4277 = ORIENTED_EDGE ( 'NONE', *, *, #2385, .T. ) ;
#4278 = CARTESIAN_POINT ( 'NONE',  ( 0.8661417322834645827, -0.06959712413253495156, 0.04991208476245591330 ) ) ;
#4279 = SURFACE_STYLE_USAGE ( .BOTH. , #3462 ) ;
#4280 = ADVANCED_FACE ( 'NONE', ( #4608 ), #3020, .F. ) ;
#4281 =( NAMED_UNIT ( * ) PLANE_ANGLE_UNIT ( ) SI_UNIT ( $, .RADIAN. ) );
#4282 = CIRCLE ( 'NONE', #1147, 0.01968503937007873988 ) ;
#4283 = CARTESIAN_POINT ( 'NONE',  ( 0.5708661417322835607, -6.631393492581889988E-12, 0.2125984251968504046 ) ) ;
#4284 = ORIENTED_EDGE ( 'NONE', *, *, #2313, .F. ) ;
#4285 = CIRCLE ( 'NONE', #4199, 0.2952755905514630741 ) ;
#4286 = EDGE_CURVE ( 'NONE', #2219, #765, #1993, .T. ) ;
#4287 = CARTESIAN_POINT ( 'NONE',  ( 0.7408997937670472878, 0.3083058047388701484, -0.05654986302622835859 ) ) ;
#4288 = VERTEX_POINT ( 'NONE', #4265 ) ;
#4289 = DIRECTION ( 'NONE',  ( 0.0000000000000000000, 0.0000000000000000000, -1.000000000000000000 ) ) ;
#4290 = DIRECTION ( 'NONE',  ( -1.000000000000000000, 0.0000000000000000000, 0.0000000000000000000 ) ) ;
#4291 = ORIENTED_EDGE ( 'NONE', *, *, #3436, .F. ) ;
#4292 = DIRECTION ( 'NONE',  ( -1.000000000000000000, 0.0000000000000000000, 0.0000000000000000000 ) ) ;
#4293 = AXIS2_PLACEMENT_3D ( 'NONE', #4457, #2147, #2871 ) ;
#4294 = VERTEX_POINT ( 'NONE', #209 ) ;
#4295 = FILL_AREA_STYLE ('',( #1241 ) ) ;
#4296 = EDGE_LOOP ( 'NONE', ( #4602, #4206, #1819, #2506 ) ) ;
#4297 = CYLINDRICAL_SURFACE ( 'NONE', #4306, 0.2066929133858267653 ) ;
#4298 = VECTOR ( 'NONE', #1412, 39.37007874015748143 ) ;
#4299 = UNCERTAINTY_MEASURE_WITH_UNIT (LENGTH_MEASURE( 1.000000000000000082E-05 ), #953, 'distance_accuracy_value', 'NONE');
#4300 = CARTESIAN_POINT ( 'NONE',  ( 0.5511811023622048555, 6.718402539854543868E-17, 1.004025603264732024E-32 ) ) ;
#4301 = AXIS2_PLACEMENT_3D ( 'NONE', #3754, #134, #4935 ) ;
#4302 = STYLED_ITEM ( 'NONE', ( #5038 ), #2609 ) ;
#4303 = DIRECTION ( 'NONE',  ( -1.000000000000000000, 6.938893903907280442E-15, -6.938893903907210234E-15 ) ) ;
#4304 = DIRECTION ( 'NONE',  ( 1.000000000000000000, 0.0000000000000000000, 0.0000000000000000000 ) ) ;
#4305 =( GEOMETRIC_REPRESENTATION_CONTEXT ( 3 ) GLOBAL_UNCERTAINTY_ASSIGNED_CONTEXT ( ( #3397 ) ) GLOBAL_UNIT_ASSIGNED_CONTEXT ( ( #2428, #1325, #552 ) ) REPRESENTATION_CONTEXT ( 'NONE', 'WORKASPACE' ) );
#4306 = AXIS2_PLACEMENT_3D ( 'NONE', #4347, #1966, #3904 ) ;
#4307 = ORIENTED_EDGE ( 'NONE', *, *, #3962, .F. ) ;
#4308 = CARTESIAN_POINT ( 'NONE',  ( 0.7480314960629921295, 0.2172798944446771852, -0.2142113644609763834 ) ) ;
#4309 =( NAMED_UNIT ( * ) PLANE_ANGLE_UNIT ( ) SI_UNIT ( $, .RADIAN. ) );
#4310 = CARTESIAN_POINT ( 'NONE',  ( 0.3110236220472441526, 1.044997886287128127E-17, 2.881245930817779385E-17 ) ) ;
#4311 = MECHANICAL_DESIGN_GEOMETRIC_PRESENTATION_REPRESENTATION (  '', ( #3135 ), #2074 ) ;
#4312 = CARTESIAN_POINT ( 'NONE',  ( 0.4685039370078739052, -2.962347668129685471E-15, 3.440421067020931682E-15 ) ) ;
#4313 = ADVANCED_FACE ( 'NONE', ( #4584, #1817 ), #1865, .T. ) ;
#4314 = PRESENTATION_LAYER_ASSIGNMENT (  '', '', ( #1176 ) ) ;
#4315 = VERTEX_POINT ( 'NONE', #3374 ) ;
#4316 = DIRECTION ( 'NONE',  ( 0.0000000000000000000, 0.4999999999999926170, 0.8660254037844429265 ) ) ;
#4317 = ORIENTED_EDGE ( 'NONE', *, *, #1532, .T. ) ;
#4318 = DIRECTION ( 'NONE',  ( -1.000000000000000000, -0.0000000000000000000, -0.0000000000000000000 ) ) ;
#4319 = DIRECTION ( 'NONE',  ( 1.000000000000000000, 4.336808689942020694E-16, 4.336808689942017243E-16 ) ) ;
#4320 = VECTOR ( 'NONE', #1647, 39.37007874015748143 ) ;
#4321 = DIRECTION ( 'NONE',  ( 1.150732159897140428E-17, 1.000000000000000000, -3.570370824413027703E-17 ) ) ;
#4322 = EDGE_CURVE ( 'NONE', #4411, #3420, #2156, .T. ) ;
#4323 =( GEOMETRIC_REPRESENTATION_CONTEXT ( 3 ) GLOBAL_UNCERTAINTY_ASSIGNED_CONTEXT ( ( #698 ) ) GLOBAL_UNIT_ASSIGNED_CONTEXT ( ( #2359, #2748, #827 ) ) REPRESENTATION_CONTEXT ( 'NONE', 'WORKASPACE' ) );
#4324 = ORIENTED_EDGE ( 'NONE', *, *, #1128, .F. ) ;
#4325 = CYLINDRICAL_SURFACE ( 'NONE', #3891, 0.3248031496064086032 ) ;
#4326 = DIRECTION ( 'NONE',  ( -4.752090976614651640E-14, 0.9955947168474833520, 0.09376118485481715892 ) ) ;
#4327 = ORIENTED_EDGE ( 'NONE', *, *, #1532, .F. ) ;
#4328 = CARTESIAN_POINT ( 'NONE',  ( 0.9645669291338583307, -0.06959712413253542340, -0.06959712413253542340 ) ) ;
#4329 = ORIENTED_EDGE ( 'NONE', *, *, #1207, .T. ) ;
#4330 = LENGTH_MEASURE_WITH_UNIT ( LENGTH_MEASURE( 0.02539999999999999897 ), #3483 );
#4331 = CARTESIAN_POINT ( 'NONE',  ( 0.5590551181102362266, 0.04110356894151968865, -0.2125984251951496262 ) ) ;
#4332 = ORIENTED_EDGE ( 'NONE', *, *, #103, .T. ) ;
#4333 = CARTESIAN_POINT ( 'NONE',  ( 0.5590551181102362266, -4.997574423409561736E-14, 4.837078353781786008E-14 ) ) ;
#4334 =( CONVERSION_BASED_UNIT ( 'INCH', #1181 ) LENGTH_UNIT ( ) NAMED_UNIT ( #728 ) );
#4335 = ORIENTED_EDGE ( 'NONE', *, *, #2756, .T. ) ;
#4336 = EDGE_LOOP ( 'NONE', ( #2702, #1309 ) ) ;
#4337 = CYLINDRICAL_SURFACE ( 'NONE', #4148, 0.2125984251968505157 ) ;
#4338 = EDGE_CURVE ( 'NONE', #66, #3148, #3721, .T. ) ;
#4339 = SURFACE_STYLE_FILL_AREA ( #702 ) ;
#4340 = ORIENTED_EDGE ( 'NONE', *, *, #3250, .T. ) ;
#4341 =( NAMED_UNIT ( * ) PLANE_ANGLE_UNIT ( ) SI_UNIT ( $, .RADIAN. ) );
#4342 = CARTESIAN_POINT ( 'NONE',  ( 0.6496062992125968272, 1.770578980893650521E-14, 3.645309666545750979E-15 ) ) ;
#4343 = EDGE_LOOP ( 'NONE', ( #3635, #881 ) ) ;
#4344 =( NAMED_UNIT ( * ) PLANE_ANGLE_UNIT ( ) SI_UNIT ( $, .RADIAN. ) );
#4345 = DIRECTION ( 'NONE',  ( 1.000000000000000000, 0.0000000000000000000, 0.0000000000000000000 ) ) ;
#4346 = ORIENTED_EDGE ( 'NONE', *, *, #1369, .T. ) ;
#4347 = CARTESIAN_POINT ( 'NONE',  ( 0.9846456692913401199, 0.0000000000000000000, 3.117938336102175296E-16 ) ) ;
#4348 = AXIS2_PLACEMENT_3D ( 'NONE', #2515, #595, #1415 ) ;
#4349 = ORIENTED_EDGE ( 'NONE', *, *, #2443, .T. ) ;
#4350 = DIRECTION ( 'NONE',  ( -1.000000000000000000, 0.0000000000000000000, 0.0000000000000000000 ) ) ;
#4351 = SURFACE_STYLE_FILL_AREA ( #791 ) ;
#4352 = EDGE_CURVE ( 'NONE', #3646, #3796, #4472, .T. ) ;
#4353 = CARTESIAN_POINT ( 'NONE',  ( 0.4881889763779528879, 0.1925322880287716476, -0.2238727148219606389 ) ) ;
#4354 = CIRCLE ( 'NONE', #4675, 0.2125984251968503769 ) ;
#4355 = VERTEX_POINT ( 'NONE', #2681 ) ;
#4356 = DIRECTION ( 'NONE',  ( 1.000000000000000000, -1.400152807812190293E-16, -2.956210905352825143E-16 ) ) ;
#4357 = PRODUCT_CONTEXT ( 'NONE', #4605, 'mechanical' ) ;
#4358 = DIRECTION ( 'NONE',  ( 0.0000000000000000000, 0.0000000000000000000, 1.000000000000000000 ) ) ;
#4359 = VECTOR ( 'NONE', #704, 39.37007874015748143 ) ;
#4360 = ORIENTED_EDGE ( 'NONE', *, *, #2664, .T. ) ;
#4361 = CONICAL_SURFACE ( 'NONE', #710, 0.3248031496062948609, 0.7853981633974430610 ) ;
#4362 = CARTESIAN_POINT ( 'NONE',  ( 0.4881889763779529989, -4.268512490100415131E-18, 0.2165354330708666730 ) ) ;
#4363 = DIRECTION ( 'NONE',  ( 0.0000000000000000000, 0.0000000000000000000, -1.000000000000000000 ) ) ;
#4364 = CARTESIAN_POINT ( 'NONE',  ( 0.05905511811023622659, 1.017745435061023474E-17, 3.451828511994475864E-17 ) ) ;
#4365 = AXIS2_PLACEMENT_3D ( 'NONE', #3452, #5060, #2685 ) ;
#4366 = ORIENTED_EDGE ( 'NONE', *, *, #4193, .F. ) ;
#4367 = DIRECTION ( 'NONE',  ( 0.0000000000000000000, -4.336808689942017736E-16, 1.000000000000000000 ) ) ;
#4368 = CIRCLE ( 'NONE', #2546, 0.1811023622047244763 ) ;
#4369 = CARTESIAN_POINT ( 'NONE',  ( 0.7283464566929134243, 0.1811023622047243098, 8.546913520290944064E-17 ) ) ;
#4370 = EDGE_LOOP ( 'NONE', ( #4482, #1808 ) ) ;
#4371 = FACE_OUTER_BOUND ( 'NONE', #1454, .T. ) ;
#4372 = MECHANICAL_DESIGN_GEOMETRIC_PRESENTATION_REPRESENTATION (  '', ( #3700 ), #1404 ) ;
#4373 = EDGE_CURVE ( 'NONE', #4577, #2753, #5079, .T. ) ;
#4374 = ORIENTED_EDGE ( 'NONE', *, *, #535, .T. ) ;
#4375 = DIRECTION ( 'NONE',  ( -1.000000000000000000, 0.0000000000000000000, 0.0000000000000000000 ) ) ;
#4376 = DIRECTION ( 'NONE',  ( -1.000000000000000000, -0.0000000000000000000, 0.0000000000000000000 ) ) ;
#4377 = FACE_OUTER_BOUND ( 'NONE', #1162, .T. ) ;
#4378 = CARTESIAN_POINT ( 'NONE',  ( 0.4685039370078740162, 0.2803005187958739763, 0.0008612887151001182105 ) ) ;
#4379 = PRESENTATION_LAYER_ASSIGNMENT (  '', '', ( #3723 ) ) ;
#4380 = DIRECTION ( 'NONE',  ( 7.434529182757675383E-16, -0.6473710298265478169, -0.7621750125406334675 ) ) ;
#4381 = AXIS2_PLACEMENT_3D ( 'NONE', #4364, #4319, #3842 ) ;
#4382 = EDGE_CURVE ( 'NONE', #3632, #2968, #1338, .T. ) ;
#4383 = ORIENTED_EDGE ( 'NONE', *, *, #3545, .F. ) ;
#4384 = VECTOR ( 'NONE', #2618, 39.37007874015748143 ) ;
#4385 = AXIS2_PLACEMENT_3D ( 'NONE', #2177, #2514, #4089 ) ;
#4386 = DIRECTION ( 'NONE',  ( 1.000000000000000000, 0.0000000000000000000, 0.0000000000000000000 ) ) ;
#4387 = CARTESIAN_POINT ( 'NONE',  ( -0.01968503937007873988, 0.02165354330708661734, 0.1377952755905511861 ) ) ;
#4388 = CIRCLE ( 'NONE', #4132, 0.3248031496063403245 ) ;
#4389 = PLANE ( 'NONE',  #564 ) ;
#4390 = CIRCLE ( 'NONE', #2811, 0.2755905511811043707 ) ;
#4391 = ORIENTED_EDGE ( 'NONE', *, *, #2880, .T. ) ;
#4392 = VECTOR ( 'NONE', #4119, 39.37007874015748854 ) ;
#4393 =( GEOMETRIC_REPRESENTATION_CONTEXT ( 3 ) GLOBAL_UNCERTAINTY_ASSIGNED_CONTEXT ( ( #4553 ) ) GLOBAL_UNIT_ASSIGNED_CONTEXT ( ( #3017, #3442, #3766 ) ) REPRESENTATION_CONTEXT ( 'NONE', 'WORKASPACE' ) );
#4394 = CARTESIAN_POINT ( 'NONE',  ( 0.6496062992125984925, -0.2172798944446771852, -0.2142113644609763834 ) ) ;
#4395 = FACE_OUTER_BOUND ( 'NONE', #3921, .T. ) ;
#4396 = DIRECTION ( 'NONE',  ( -1.000000000000000000, 0.0000000000000000000, 0.0000000000000000000 ) ) ;
#4397 = AXIS2_PLACEMENT_3D ( 'NONE', #1552, #4701, #2736 ) ;
#4398 =( CONVERSION_BASED_UNIT ( 'INCH', #2012 ) LENGTH_UNIT ( ) NAMED_UNIT ( #1105 ) );
#4399 = VERTEX_POINT ( 'NONE', #2298 ) ;
#4400 = CONICAL_SURFACE ( 'NONE', #1093, 0.2952755905511808554, 0.7853981633974344012 ) ;
#4401 = DIRECTION ( 'NONE',  ( -6.938893903907228378E-15, 0.0000000000000000000, 1.000000000000000000 ) ) ;
#4402 = EDGE_LOOP ( 'NONE', ( #1545, #2959, #761, #3469, #4555, #329, #4391, #2774 ) ) ;
#4403 = VECTOR ( 'NONE', #3831, 39.37007874015748143 ) ;
#4404 = UNCERTAINTY_MEASURE_WITH_UNIT (LENGTH_MEASURE( 1.000000000000000082E-05 ), #3184, 'distance_accuracy_value', 'NONE');
#4405 = DIRECTION ( 'NONE',  ( -1.000000000000000000, 0.0000000000000000000, 0.0000000000000000000 ) ) ;
#4406 = FACE_OUTER_BOUND ( 'NONE', #3376, .T. ) ;
#4407 = FACE_OUTER_BOUND ( 'NONE', #337, .T. ) ;
#4408 = CARTESIAN_POINT ( 'NONE',  ( 0.4685039370078740717, 0.2711117742252126539, -0.04948290388367323350 ) ) ;
#4409 = CARTESIAN_POINT ( 'NONE',  ( 2.381204424636772261E-16, -0.04472041484887795404, -0.2125984251968504046 ) ) ;
#4410 = ADVANCED_FACE ( 'NONE', ( #1476 ), #1426, .T. ) ;
#4411 = VERTEX_POINT ( 'NONE', #2272 ) ;
#4412 = FACE_OUTER_BOUND ( 'NONE', #604, .T. ) ;
#4413 = DIRECTION ( 'NONE',  ( 1.000000000000000000, 2.298231004231757010E-14, -3.108851595923408754E-15 ) ) ;
#4414 =( NAMED_UNIT ( * ) PLANE_ANGLE_UNIT ( ) SI_UNIT ( $, .RADIAN. ) );
#4415 = EDGE_CURVE ( 'NONE', #5102, #4288, #4561, .T. ) ;
#4416 = ADVANCED_FACE ( 'NONE', ( #2248 ), #3846, .T. ) ;
#4417 = EDGE_LOOP ( 'NONE', ( #5132, #5002, #4284, #1563 ) ) ;
#4418 = DIRECTION ( 'NONE',  ( 1.000000000000000000, 0.0000000000000000000, 0.0000000000000000000 ) ) ;
#4419 =( LENGTH_UNIT ( ) NAMED_UNIT ( * ) SI_UNIT ( $, .METRE. ) );
#4420 = EDGE_CURVE ( 'NONE', #1607, #1712, #2326, .T. ) ;
#4421 = DIRECTION ( 'NONE',  ( 0.0000000000000000000, 0.0000000000000000000, -1.000000000000000000 ) ) ;
#4422 = ORIENTED_EDGE ( 'NONE', *, *, #1441, .F. ) ;
#4423 = DIRECTION ( 'NONE',  ( 1.000000000000000000, 0.0000000000000000000, 0.0000000000000000000 ) ) ;
#4424 = CARTESIAN_POINT ( 'NONE',  ( 0.4881889763779528879, 0.09761331423562205623, 0.2786742098926378031 ) ) ;
#4425 = ORIENTED_EDGE ( 'NONE', *, *, #3285, .T. ) ;
#4426 =( NAMED_UNIT ( * ) SI_UNIT ( $, .STERADIAN. ) SOLID_ANGLE_UNIT ( ) );
#4427 = DIRECTION ( 'NONE',  ( -1.000000000000000000, 0.0000000000000000000, 0.0000000000000000000 ) ) ;
#4428 = CARTESIAN_POINT ( 'NONE',  ( 0.5787401574803149318, -0.1394043614906692874, -0.2431780143287323170 ) ) ;
#4429 = DIRECTION ( 'NONE',  ( 0.0000000000000000000, 0.0000000000000000000, -1.000000000000000000 ) ) ;
#4430 = DIRECTION ( 'NONE',  ( 0.0000000000000000000, 0.0000000000000000000, -1.000000000000000000 ) ) ;
#4431 = ORIENTED_EDGE ( 'NONE', *, *, #1909, .T. ) ;
#4432 = CIRCLE ( 'NONE', #4348, 0.01968503937007984317 ) ;
#4433 = ORIENTED_EDGE ( 'NONE', *, *, #1149, .T. ) ;
#4434 = DIRECTION ( 'NONE',  ( 1.000000000000000000, 0.0000000000000000000, 0.0000000000000000000 ) ) ;
#4435 = LINE ( 'NONE', #1694, #879 ) ;
#4436 = LENGTH_MEASURE_WITH_UNIT ( LENGTH_MEASURE( 0.02539999999999999897 ), #1932 );
#4437 = DIRECTION ( 'NONE',  ( 1.000000000000000000, 1.661563742524939484E-15, 6.891846357648221924E-26 ) ) ;
#4438 = STYLED_ITEM ( 'NONE', ( #1482 ), #435 ) ;
#4439 =( BOUNDED_CURVE ( )  B_SPLINE_CURVE ( 2, ( #4448, #1728, #2523 ),
 .UNSPECIFIED., .F., .F. ) 
 B_SPLINE_CURVE_WITH_KNOTS ( ( 3, 3 ),
 ( 0.1426604048826000115, 1.000000000000000000 ),
 .UNSPECIFIED. ) 
 CURVE ( )  GEOMETRIC_REPRESENTATION_ITEM ( )  RATIONAL_B_SPLINE_CURVE ( ( 1.008849557522099927, 1.034288193365699993, 1.045871559632999936 ) ) 
 REPRESENTATION_ITEM ( '' )  );
#4440 = ORIENTED_EDGE ( 'NONE', *, *, #271, .F. ) ;
#4441 = ADVANCED_FACE ( 'NONE', ( #3560 ), #3945, .T. ) ;
#4442 = PLANE ( 'NONE',  #2001 ) ;
#4443 = MECHANICAL_DESIGN_GEOMETRIC_PRESENTATION_REPRESENTATION (  '', ( #287 ), #1139 ) ;
#4444 = CARTESIAN_POINT ( 'NONE',  ( 0.6692913385826771977, 0.3233722997634527752, 0.03045392815166693065 ) ) ;
#4445 = CIRCLE ( 'NONE', #1967, 0.2952755905511431078 ) ;
#4446 = ADVANCED_FACE ( 'NONE', ( #3146 ), #4325, .T. ) ;
#4447 = EDGE_LOOP ( 'NONE', ( #4074, #1596, #1420 ) ) ;
#4448 = CARTESIAN_POINT ( 'NONE',  ( 0.4724409448833858383, 0.09358160885042914046, 0.2125984251968504046 ) ) ;
#4449 = CYLINDRICAL_SURFACE ( 'NONE', #480, 0.01968503937007984317 ) ;
#4450 = ORIENTED_EDGE ( 'NONE', *, *, #4505, .T. ) ;
#4451 = LENGTH_MEASURE_WITH_UNIT ( LENGTH_MEASURE( 0.02539999999999999897 ), #1926 );
#4452 = DIRECTION ( 'NONE',  ( 0.0000000000000000000, 0.0000000000000000000, 1.000000000000000000 ) ) ;
#4453 = STYLED_ITEM ( 'NONE', ( #511 ), #1661 ) ;
#4454 = FACE_OUTER_BOUND ( 'NONE', #4763, .T. ) ;
#4455 = CARTESIAN_POINT ( 'NONE',  ( 0.5590551181102362266, -8.537024980200822558E-18, 0.0000000000000000000 ) ) ;
#4456 = CARTESIAN_POINT ( 'NONE',  ( -0.03937007874015747977, 0.1704774416898504064, -0.2952755905511810774 ) ) ;
#4457 = CARTESIAN_POINT ( 'NONE',  ( 0.5787401574803149318, -0.2262420258217637814, -0.4072471170367324422 ) ) ;
#4458 = VERTEX_POINT ( 'NONE', #756 ) ;
#4459 = ADVANCED_FACE ( 'NONE', ( #2014 ), #2424, .T. ) ;
#4460 = CONICAL_SURFACE ( 'NONE', #4620, 0.2322834645669291653, 0.7853981633974489451 ) ;
#4461 = FILL_AREA_STYLE ('',( #2799 ) ) ;
#4462 = CARTESIAN_POINT ( 'NONE',  ( 0.0000000000000000000, 5.544660704800984679E-18, 0.0000000000000000000 ) ) ;
#4463 = STYLED_ITEM ( 'NONE', ( #3493 ), #2416 ) ;
#4464 = CARTESIAN_POINT ( 'NONE',  ( 0.7480314960629921295, -0.2941524306248700649, -0.08106422609020866310 ) ) ;
#4465 = AXIS2_PLACEMENT_3D ( 'NONE', #3837, #4970, #3783 ) ;
#4466 = COLOUR_RGB ( '',0.7607843137254901578, 0.7607843137254901578, 0.0000000000000000000 ) ;
#4467 = CARTESIAN_POINT ( 'NONE',  ( 0.8661417322834645827, 0.06959712413253622831, 0.06959712413253464625 ) ) ;
#4468 = DIRECTION ( 'NONE',  ( 1.000000000000000000, 0.0000000000000000000, 0.0000000000000000000 ) ) ;
#4469 = AXIS2_PLACEMENT_3D ( 'NONE', #255, #2264, #1857 ) ;
#4470 = CIRCLE ( 'NONE', #136, 0.3051181102362037212 ) ;
#4471 = EDGE_CURVE ( 'NONE', #4721, #4815, #2288, .T. ) ;
#4472 = CIRCLE ( 'NONE', #2234, 0.01968503937007873988 ) ;
#4473 = ORIENTED_EDGE ( 'NONE', *, *, #789, .F. ) ;
#4474 =( GEOMETRIC_REPRESENTATION_CONTEXT ( 3 ) GLOBAL_UNCERTAINTY_ASSIGNED_CONTEXT ( ( #2994 ) ) GLOBAL_UNIT_ASSIGNED_CONTEXT ( ( #1351, #3603, #4077 ) ) REPRESENTATION_CONTEXT ( 'NONE', 'WORKASPACE' ) );
#4475 = ORIENTED_EDGE ( 'NONE', *, *, #2689, .T. ) ;
#4476 = ORIENTED_EDGE ( 'NONE', *, *, #1022, .F. ) ;
#4477 = VECTOR ( 'NONE', #2061, 39.37007874015748143 ) ;
#4478 = DIRECTION ( 'NONE',  ( 1.000000000000000000, 0.0000000000000000000, 0.0000000000000000000 ) ) ;
#4479 = EDGE_CURVE ( 'NONE', #129, #2528, #1267, .T. ) ;
#4480 = EDGE_CURVE ( 'NONE', #4815, #3751, #4823, .T. ) ;
#4481 = PRESENTATION_LAYER_ASSIGNMENT (  '', '', ( #3645 ) ) ;
#4482 = ORIENTED_EDGE ( 'NONE', *, *, #5117, .F. ) ;
#4483 = DIRECTION ( 'NONE',  ( -1.000000000000000000, 0.0000000000000000000, 0.0000000000000000000 ) ) ;
#4484 = DIRECTION ( 'NONE',  ( 3.154042683594187232E-16, -1.750845403988392075E-32, 1.000000000000000000 ) ) ;
#4485 = ORIENTED_EDGE ( 'NONE', *, *, #188, .F. ) ;
#4486 = CARTESIAN_POINT ( 'NONE',  ( 0.7283464566929134243, 0.3233722997634527752, 0.03045392815166693065 ) ) ;
#4487 = AXIS2_PLACEMENT_3D ( 'NONE', #1275, #2745, #4430 ) ;
#4488 = CARTESIAN_POINT ( 'NONE',  ( 0.8661417322834645827, 0.09448818897637795144, -0.09448818897637795144 ) ) ;
#4489 = PRODUCT_DEFINITION_SHAPE ( 'NONE', 'NONE',  #634 ) ;
#4490 = LINE ( 'NONE', #2828, #1222 ) ;
#4491 = DIRECTION ( 'NONE',  ( 0.0000000000000000000, -0.5000000000000006661, 0.8660254037844382635 ) ) ;
#4492 = CARTESIAN_POINT ( 'NONE',  ( 0.5789595594094487652, 7.911708888547633248E-16, -6.849973388808793940E-16 ) ) ;
#4493 = DIRECTION ( 'NONE',  ( 1.000000000000000000, 0.0000000000000000000, 0.0000000000000000000 ) ) ;
#4494 = CARTESIAN_POINT ( 'NONE',  ( 0.9846456692913401199, 0.0000000000000000000, 0.2066929133858270706 ) ) ;
#4495 = CARTESIAN_POINT ( 'NONE',  ( 0.9846456692913386766, 0.0000000000000000000, 0.0000000000000000000 ) ) ;
#4496 = VERTEX_POINT ( 'NONE', #1348 ) ;
#4497 = CARTESIAN_POINT ( 'NONE',  ( 0.9645669291338583307, 7.015385647729921780E-16, -1.441391297657110180E-16 ) ) ;
#4498 = ADVANCED_FACE ( 'NONE', ( #2933 ), #5119, .T. ) ;
#4499 = ORIENTED_EDGE ( 'NONE', *, *, #2575, .F. ) ;
#4500 = CARTESIAN_POINT ( 'NONE',  ( 0.9842519685039370358, 0.06959712413253542340, 0.06959712413253542340 ) ) ;
#4501 = ORIENTED_EDGE ( 'NONE', *, *, #3762, .F. ) ;
#4502 =( BOUNDED_CURVE ( )  B_SPLINE_CURVE ( 2, ( #1438, #3384, #4964 ),
 .UNSPECIFIED., .F., .T. ) 
 B_SPLINE_CURVE_WITH_KNOTS ( ( 3, 3 ),
 ( 0.4874198995767072828, 1.000000000000000000 ),
 .UNSPECIFIED. ) 
 CURVE ( )  GEOMETRIC_REPRESENTATION_ITEM ( )  RATIONAL_B_SPLINE_CURVE ( ( 1.027229351482033648, 1.018306432157982222, 1.000000000000000000 ) ) 
 REPRESENTATION_ITEM ( '' )  );
#4503 = LENGTH_MEASURE_WITH_UNIT ( LENGTH_MEASURE( 0.02539999999999999897 ), #153 );
#4504 = UNCERTAINTY_MEASURE_WITH_UNIT (LENGTH_MEASURE( 1.000000000000000082E-05 ), #707, 'distance_accuracy_value', 'NONE');
#4505 = EDGE_CURVE ( 'NONE', #2603, #1712, #2838, .T. ) ;
#4506 = ORIENTED_EDGE ( 'NONE', *, *, #4717, .F. ) ;
#4507 = DIRECTION ( 'NONE',  ( 0.0000000000000000000, 0.0000000000000000000, -1.000000000000000000 ) ) ;
#4508 = CARTESIAN_POINT ( 'NONE',  ( 0.4685039370078740717, -0.1784093389286456888, -0.2100482318024803619 ) ) ;
#4509 = FILL_AREA_STYLE ('',( #1036 ) ) ;
#4510 = ADVANCED_FACE ( 'NONE', ( #468 ), #577, .F. ) ;
#4511 = DIRECTION ( 'NONE',  ( -1.000000000000000000, 1.387778780781444098E-14, -1.387778780781444098E-14 ) ) ;
#4512 = SURFACE_STYLE_USAGE ( .BOTH. , #4568 ) ;
#4513 = CARTESIAN_POINT ( 'NONE',  ( 0.7283464566929134243, -4.540843586968817737E-14, 9.909778597017114623E-14 ) ) ;
#4514 = DIRECTION ( 'NONE',  ( -1.000000000000000000, -0.0000000000000000000, -0.0000000000000000000 ) ) ;
#4515 = DIRECTION ( 'NONE',  ( -1.000000000000000000, 0.0000000000000000000, 0.0000000000000000000 ) ) ;
#4516 = DIRECTION ( 'NONE',  ( 1.000000000000000000, 0.0000000000000000000, 0.0000000000000000000 ) ) ;
#4517 = DIRECTION ( 'NONE',  ( 1.000000000000000000, 0.0000000000000000000, 0.0000000000000000000 ) ) ;
#4518 = EDGE_CURVE ( 'NONE', #943, #2341, #2138, .T. ) ;
#4519 = ORIENTED_EDGE ( 'NONE', *, *, #4272, .T. ) ;
#4520 =( GEOMETRIC_REPRESENTATION_CONTEXT ( 3 ) GLOBAL_UNCERTAINTY_ASSIGNED_CONTEXT ( ( #1095 ) ) GLOBAL_UNIT_ASSIGNED_CONTEXT ( ( #5076, #1509, #2353 ) ) REPRESENTATION_CONTEXT ( 'NONE', 'WORKASPACE' ) );
#4521 = ORIENTED_EDGE ( 'NONE', *, *, #3510, .F. ) ;
#4522 = CARTESIAN_POINT ( 'NONE',  ( 0.8661417322834645827, 0.06959712413253542340, 0.1010931871246618097 ) ) ;
#4523 = DIRECTION ( 'NONE',  ( 0.0000000000000000000, 0.0000000000000000000, -1.000000000000000000 ) ) ;
#4524 = ORIENTED_EDGE ( 'NONE', *, *, #3701, .F. ) ;
#4525 = CIRCLE ( 'NONE', #621, 0.01968503937007873988 ) ;
#4526 = FACE_OUTER_BOUND ( 'NONE', #1023, .T. ) ;
#4527 = ORIENTED_EDGE ( 'NONE', *, *, #4965, .T. ) ;
#4528 = DIRECTION ( 'NONE',  ( 1.000000000000000000, 0.0000000000000000000, 0.0000000000000000000 ) ) ;
#4529 = CARTESIAN_POINT ( 'NONE',  ( 3.465701998409006764E-18, 1.020505993216313729E-15, -6.491860626648123927E-16 ) ) ;
#4530 =( GEOMETRIC_REPRESENTATION_CONTEXT ( 3 ) GLOBAL_UNCERTAINTY_ASSIGNED_CONTEXT ( ( #4186 ) ) GLOBAL_UNIT_ASSIGNED_CONTEXT ( ( #3157, #2239, #3410 ) ) REPRESENTATION_CONTEXT ( 'NONE', 'WORKASPACE' ) );
#4531 = VERTEX_POINT ( 'NONE', #1763 ) ;
#4532 = EDGE_CURVE ( 'NONE', #4531, #187, #3633, .T. ) ;
#4533 = CIRCLE ( 'NONE', #4365, 0.2755905511811046482 ) ;
#4534 = DIRECTION ( 'NONE',  ( 0.0000000000000000000, 1.000000000000000000, 0.0000000000000000000 ) ) ;
#4535 = CARTESIAN_POINT ( 'NONE',  ( 0.9846456692913401199, 2.531258147843938473E-17, -0.2066929133858264600 ) ) ;
#4536 = CARTESIAN_POINT ( 'NONE',  ( 0.8661417322834645827, 0.06959712413253622831, -0.06959712413253622831 ) ) ;
#4537 = EDGE_CURVE ( 'NONE', #2662, #859, #1655, .T. ) ;
#4538 = DIRECTION ( 'NONE',  ( 0.0000000000000000000, 3.061616997868426775E-17, 1.000000000000000000 ) ) ;
#4539 = AXIS2_PLACEMENT_3D ( 'NONE', #4242, #1430, #3349 ) ;
#4540 = FACE_OUTER_BOUND ( 'NONE', #3241, .T. ) ;
#4541 = DIMENSIONAL_EXPONENTS ( 1.000000000000000000, 0.0000000000000000000, 0.0000000000000000000, 0.0000000000000000000, 0.0000000000000000000, 0.0000000000000000000, 0.0000000000000000000 ) ;
#4542 = VECTOR ( 'NONE', #5022, 39.37007874015748143 ) ;
#4543 = DIRECTION ( 'NONE',  ( 1.000000000000000000, 0.0000000000000000000, 0.0000000000000000000 ) ) ;
#4544 = CONICAL_SURFACE ( 'NONE', #1979, 0.3248031496062992463, 0.7853981633974482790 ) ;
#4545 = ORIENTED_EDGE ( 'NONE', *, *, #1790, .F. ) ;
#4546 = VECTOR ( 'NONE', #3254, 39.37007874015748143 ) ;
#4547 = VERTEX_POINT ( 'NONE', #1704 ) ;
#4548 = SURFACE_SIDE_STYLE ('',( #1764 ) ) ;
#4549 = VERTEX_POINT ( 'NONE', #2911 ) ;
#4550 = DIRECTION ( 'NONE',  ( -3.527484379777769612E-18, 2.557425554442560525E-17, 1.000000000000000000 ) ) ;
#4551 = MECHANICAL_DESIGN_GEOMETRIC_PRESENTATION_REPRESENTATION (  '', ( #1985 ), #4305 ) ;
#4552 =( GEOMETRIC_REPRESENTATION_CONTEXT ( 3 ) GLOBAL_UNCERTAINTY_ASSIGNED_CONTEXT ( ( #2170 ) ) GLOBAL_UNIT_ASSIGNED_CONTEXT ( ( #3351, #4560, #3001 ) ) REPRESENTATION_CONTEXT ( 'NONE', 'WORKASPACE' ) );
#4553 = UNCERTAINTY_MEASURE_WITH_UNIT (LENGTH_MEASURE( 1.000000000000000082E-05 ), #3017, 'distance_accuracy_value', 'NONE');
#4554 = SURFACE_STYLE_FILL_AREA ( #1398 ) ;
#4555 = ORIENTED_EDGE ( 'NONE', *, *, #1018, .T. ) ;
#4556 = AXIS2_PLACEMENT_3D ( 'NONE', #3749, #4829, #185 ) ;
#4557 = DIRECTION ( 'NONE',  ( 0.0000000000000000000, -0.7621750125402154685, 0.6473710298270400898 ) ) ;
#4558 = COLOUR_RGB ( '',0.7607843137254901578, 0.7607843137254901578, 0.0000000000000000000 ) ;
#4559 = ORIENTED_EDGE ( 'NONE', *, *, #4085, .T. ) ;
#4560 =( NAMED_UNIT ( * ) PLANE_ANGLE_UNIT ( ) SI_UNIT ( $, .RADIAN. ) );
#4561 = CIRCLE ( 'NONE', #1088, 0.2755905511811255204 ) ;
#4562 = EDGE_LOOP ( 'NONE', ( #755, #1925, #3014, #3364 ) ) ;
#4563 = PLANE ( 'NONE',  #22 ) ;
#4564 = CARTESIAN_POINT ( 'NONE',  ( 0.4881889763779528879, 0.04110356894151968865, -0.2125984251951496262 ) ) ;
#4565 = EDGE_CURVE ( 'NONE', #3761, #3948, #4719, .T. ) ;
#4566 = FILL_AREA_STYLE_COLOUR ( '', #218 ) ;
#4567 = COLOUR_RGB ( '',0.7607843137254901578, 0.7607843137254901578, 0.0000000000000000000 ) ;
#4568 = SURFACE_SIDE_STYLE ('',( #2127 ) ) ;
#4569 = DIRECTION ( 'NONE',  ( 0.0000000000000000000, 0.0000000000000000000, 1.000000000000000000 ) ) ;
#4570 = VECTOR ( 'NONE', #4275, 39.37007874015748143 ) ;
#4571 = CARTESIAN_POINT ( 'NONE',  ( 0.7283464566929134243, -0.3233722997634527752, 0.03045392815166693065 ) ) ;
#4572 = DIMENSIONAL_EXPONENTS ( 1.000000000000000000, 0.0000000000000000000, 0.0000000000000000000, 0.0000000000000000000, 0.0000000000000000000, 0.0000000000000000000, 0.0000000000000000000 ) ;
#4573 = EDGE_CURVE ( 'NONE', #3229, #3834, #1261, .T. ) ;
#4574 = DIRECTION ( 'NONE',  ( -1.000000000000000000, -0.0000000000000000000, -0.0000000000000000000 ) ) ;
#4575 = VERTEX_POINT ( 'NONE', #3684 ) ;
#4576 = ADVANCED_FACE ( 'NONE', ( #2861 ), #118, .T. ) ;
#4577 = VERTEX_POINT ( 'NONE', #67 ) ;
#4578 = DIRECTION ( 'NONE',  ( 0.0000000000000000000, 0.0000000000000000000, -1.000000000000000000 ) ) ;
#4579 =( BOUNDED_CURVE ( )  B_SPLINE_CURVE ( 2, ( #1131, #2291, #2559 ),
 .UNSPECIFIED., .F., .T. ) 
 B_SPLINE_CURVE_WITH_KNOTS ( ( 3, 3 ),
 ( 0.0000000000000000000, 1.000000000000000000 ),
 .UNSPECIFIED. ) 
 CURVE ( )  GEOMETRIC_REPRESENTATION_ITEM ( )  RATIONAL_B_SPLINE_CURVE ( ( 1.032786885245899899, 1.020663065298099914, 1.000000000000000000 ) ) 
 REPRESENTATION_ITEM ( '' )  );
#4580 = CARTESIAN_POINT ( 'NONE',  ( 0.8661417322834645827, -0.06959712413253464625, 0.06959712413253464625 ) ) ;
#4581 = ORIENTED_EDGE ( 'NONE', *, *, #274, .T. ) ;
#4582 = FACE_OUTER_BOUND ( 'NONE', #1094, .T. ) ;
#4583 = ORIENTED_EDGE ( 'NONE', *, *, #3108, .T. ) ;
#4584 = FACE_OUTER_BOUND ( 'NONE', #2589, .T. ) ;
#4585 = SURFACE_STYLE_USAGE ( .BOTH. , #1059 ) ;
#4586 = ORIENTED_EDGE ( 'NONE', *, *, #4993, .F. ) ;
#4587 = SURFACE_SIDE_STYLE ('',( #1117 ) ) ;
#4588 = DIRECTION ( 'NONE',  ( 7.434529182757675383E-16, 0.6473710298265478169, 0.7621750125406334675 ) ) ;
#4589 = DIRECTION ( 'NONE',  ( -1.000000000000000000, 0.0000000000000000000, 0.0000000000000000000 ) ) ;
#4590 =( NAMED_UNIT ( * ) SI_UNIT ( $, .STERADIAN. ) SOLID_ANGLE_UNIT ( ) );
#4591 = DIRECTION ( 'NONE',  ( 0.0000000000000000000, 0.0000000000000000000, 1.000000000000000000 ) ) ;
#4592 = DIRECTION ( 'NONE',  ( 0.0000000000000000000, 0.0000000000000000000, -1.000000000000000000 ) ) ;
#4593 = DIRECTION ( 'NONE',  ( 1.000000000000000000, 0.0000000000000000000, 0.0000000000000000000 ) ) ;
#4594 = FACE_OUTER_BOUND ( 'NONE', #53, .T. ) ;
#4595 = EDGE_CURVE ( 'NONE', #2992, #3632, #4439, .T. ) ;
#4596 = VECTOR ( 'NONE', #4493, 39.37007874015748143 ) ;
#4597 = EDGE_LOOP ( 'NONE', ( #1915, #2115 ) ) ;
#4598 = ORIENTED_EDGE ( 'NONE', *, *, #2055, .T. ) ;
#4599 = CARTESIAN_POINT ( 'NONE',  ( 0.5616870083223195476, 1.660943241620114374E-13, 0.2926437003390974789 ) ) ;
#4600 =( GEOMETRIC_REPRESENTATION_CONTEXT ( 3 ) GLOBAL_UNCERTAINTY_ASSIGNED_CONTEXT ( ( #1145 ) ) GLOBAL_UNIT_ASSIGNED_CONTEXT ( ( #3084, #3129, #3057 ) ) REPRESENTATION_CONTEXT ( 'NONE', 'WORKASPACE' ) );
#4601 = DIRECTION ( 'NONE',  ( 0.0000000000000000000, 1.604619215278546562E-14, -1.000000000000000000 ) ) ;
#4602 = ORIENTED_EDGE ( 'NONE', *, *, #2322, .F. ) ;
#4603 = EDGE_CURVE ( 'NONE', #1883, #368, #4100, .T. ) ;
#4604 = AXIS2_PLACEMENT_3D ( 'NONE', #2478, #3659, #206 ) ;
#4605 = APPLICATION_CONTEXT ( 'automotive_design' ) ;
#4606 =( BOUNDED_CURVE ( )  B_SPLINE_CURVE ( 2, ( #2576, #2132, #3756 ),
 .UNSPECIFIED., .F., .T. ) 
 B_SPLINE_CURVE_WITH_KNOTS ( ( 3, 3 ),
 ( 0.0000000000000000000, 1.000000000000000000 ),
 .UNSPECIFIED. ) 
 CURVE ( )  GEOMETRIC_REPRESENTATION_ITEM ( )  RATIONAL_B_SPLINE_CURVE ( ( 1.000000000000000000, 1.020663065298099914, 1.032786885245899899 ) ) 
 REPRESENTATION_ITEM ( '' )  );
#4607 = ORIENTED_EDGE ( 'NONE', *, *, #2532, .T. ) ;
#4608 = FACE_OUTER_BOUND ( 'NONE', #1211, .T. ) ;
#4609 = FILL_AREA_STYLE_COLOUR ( '', #4204 ) ;
#4610 = VERTEX_POINT ( 'NONE', #3317 ) ;
#4611 = DIRECTION ( 'NONE',  ( 0.0000000000000000000, 4.336808689941774668E-16, 1.000000000000000000 ) ) ;
#4612 = AXIS2_PLACEMENT_3D ( 'NONE', #65, #10, #394 ) ;
#4613 = SURFACE_STYLE_FILL_AREA ( #5006 ) ;
#4614 = AXIS2_PLACEMENT_3D ( 'NONE', #1618, #3278, #4861 ) ;
#4615 = FACE_OUTER_BOUND ( 'NONE', #1599, .T. ) ;
#4616 = CIRCLE ( 'NONE', #3780, 0.01968503937007984317 ) ;
#4617 = ORIENTED_EDGE ( 'NONE', *, *, #4532, .F. ) ;
#4618 = DIRECTION ( 'NONE',  ( -1.000000000000000000, 0.0000000000000000000, 0.0000000000000000000 ) ) ;
#4619 = AXIS2_PLACEMENT_3D ( 'NONE', #1380, #4059, #949 ) ;
#4620 = AXIS2_PLACEMENT_3D ( 'NONE', #1818, #1192, #1964 ) ;
#4621 = ORIENTED_EDGE ( 'NONE', *, *, #1054, .T. ) ;
#4622 = CYLINDRICAL_SURFACE ( 'NONE', #2295, 0.03149606299212657362 ) ;
#4623 = DIRECTION ( 'NONE',  ( 1.000000000000000000, 0.0000000000000000000, 0.0000000000000000000 ) ) ;
#4624 = ORIENTED_EDGE ( 'NONE', *, *, #2166, .T. ) ;
#4625 = VECTOR ( 'NONE', #3165, 39.37007874015748854 ) ;
#4626 = EDGE_CURVE ( 'NONE', #157, #3566, #3555, .T. ) ;
#4627 = DIRECTION ( 'NONE',  ( 0.0000000000000000000, 0.0000000000000000000, -1.000000000000000000 ) ) ;
#4628 = EDGE_LOOP ( 'NONE', ( #2168, #2144, #4450, #4885 ) ) ;
#4629 = SURFACE_STYLE_USAGE ( .BOTH. , #2169 ) ;
#4630 = CIRCLE ( 'NONE', #2394, 0.01968503937007875029 ) ;
#4631 = CIRCLE ( 'NONE', #1828, 0.03149606299212598381 ) ;
#4632 = CARTESIAN_POINT ( 'NONE',  ( 0.4881889763779528879, 0.2592053636217991897, 0.1414222537122086787 ) ) ;
#4633 = ORIENTED_EDGE ( 'NONE', *, *, #2277, .T. ) ;
#4634 = CARTESIAN_POINT ( 'NONE',  ( 0.5787401574803149318, -2.407441044416631816E-14, 4.268512490100411402E-16 ) ) ;
#4635 = ADVANCED_FACE ( 'NONE', ( #3819 ), #998, .T. ) ;
#4636 = EDGE_CURVE ( 'NONE', #4142, #119, #4952, .T. ) ;
#4637 = ORIENTED_EDGE ( 'NONE', *, *, #844, .T. ) ;
#4638 = VECTOR ( 'NONE', #3210, 39.37007874015748143 ) ;
#4639 = CIRCLE ( 'NONE', #3136, 0.2952755905511396661 ) ;
#4640 =( BOUNDED_CURVE ( )  B_SPLINE_CURVE ( 2, ( #2858, #886, #1760 ),
 .UNSPECIFIED., .F., .F. ) 
 B_SPLINE_CURVE_WITH_KNOTS ( ( 3, 3 ),
 ( 0.0000000000000000000, 1.000000000000000000 ),
 .UNSPECIFIED. ) 
 CURVE ( )  GEOMETRIC_REPRESENTATION_ITEM ( )  RATIONAL_B_SPLINE_CURVE ( ( 1.032786885245899899, 1.020663065298099914, 1.000000000000000000 ) ) 
 REPRESENTATION_ITEM ( '' )  );
#4641 = VECTOR ( 'NONE', #4162, 39.37007874015748143 ) ;
#4642 = AXIS2_PLACEMENT_3D ( 'NONE', #62, #3259, #141 ) ;
#4643 = CARTESIAN_POINT ( 'NONE',  ( 0.9842519685039372579, -0.06959712413253542340, 0.04991208476245669046 ) ) ;
#4644 = EDGE_CURVE ( 'NONE', #3796, #3405, #202, .T. ) ;
#4645 = CARTESIAN_POINT ( 'NONE',  ( 0.4685039370078740162, 0.04774225352125590488, -0.2755905511811562736 ) ) ;
#4646 = DIRECTION ( 'NONE',  ( -1.000000000000000000, -0.0000000000000000000, -0.0000000000000000000 ) ) ;
#4647 = AXIS2_PLACEMENT_3D ( 'NONE', #4946, #4179, #4235 ) ;
#4648 = ORIENTED_EDGE ( 'NONE', *, *, #3544, .F. ) ;
#4649 = CARTESIAN_POINT ( 'NONE',  ( 0.3110236220472441526, 0.06959712413253542340, -0.06959712413253642260 ) ) ;
#4650 = AXIS2_PLACEMENT_3D ( 'NONE', #388, #724, #2317 ) ;
#4651 = FILL_AREA_STYLE ('',( #1953 ) ) ;
#4652 =( GEOMETRIC_REPRESENTATION_CONTEXT ( 3 ) GLOBAL_UNCERTAINTY_ASSIGNED_CONTEXT ( ( #3816 ) ) GLOBAL_UNIT_ASSIGNED_CONTEXT ( ( #2645, #1517, #1951 ) ) REPRESENTATION_CONTEXT ( 'NONE', 'WORKASPACE' ) );
#4653 = ORIENTED_EDGE ( 'NONE', *, *, #182, .F. ) ;
#4654 = DIRECTION ( 'NONE',  ( -1.000000000000000000, 0.0000000000000000000, 0.0000000000000000000 ) ) ;
#4655 = EDGE_LOOP ( 'NONE', ( #4246, #1739 ) ) ;
#4656 =( NAMED_UNIT ( * ) PLANE_ANGLE_UNIT ( ) SI_UNIT ( $, .RADIAN. ) );
#4657 = CARTESIAN_POINT ( 'NONE',  ( 0.5708661417322835607, 6.631508289161810802E-12, -0.2125984251968504046 ) ) ;
#4658 = EDGE_CURVE ( 'NONE', #111, #4721, #3060, .T. ) ;
#4659 = CARTESIAN_POINT ( 'NONE',  ( 0.4685039370078740717, 0.1784093389286417197, 0.2100482318024803619 ) ) ;
#4660 = ORIENTED_EDGE ( 'NONE', *, *, #2938, .T. ) ;
#4661 = DIRECTION ( 'NONE',  ( -1.387778780781445676E-14, 6.938893904433398601E-18, 1.000000000000000000 ) ) ;
#4662 = ORIENTED_EDGE ( 'NONE', *, *, #371, .T. ) ;
#4663 = EDGE_CURVE ( 'NONE', #254, #1152, #3726, .T. ) ;
#4664 = FACE_OUTER_BOUND ( 'NONE', #1292, .T. ) ;
#4665 = LENGTH_MEASURE_WITH_UNIT ( LENGTH_MEASURE( 0.02539999999999999897 ), #1514 );
#4666 =( BOUNDED_CURVE ( )  B_SPLINE_CURVE ( 2, ( #3644, #2097, #871 ),
 .UNSPECIFIED., .F., .T. ) 
 B_SPLINE_CURVE_WITH_KNOTS ( ( 3, 3 ),
 ( 0.0000000000000000000, 1.000000000000000000 ),
 .UNSPECIFIED. ) 
 CURVE ( )  GEOMETRIC_REPRESENTATION_ITEM ( )  RATIONAL_B_SPLINE_CURVE ( ( 1.035714285714300020, 1.035714285714300020, 1.000000000000000000 ) ) 
 REPRESENTATION_ITEM ( '' )  );
#4667 = ADVANCED_FACE ( 'NONE', ( #1024, #2605 ), #3065, .T. ) ;
#4668 = VERTEX_POINT ( 'NONE', #2808 ) ;
#4669 = ORIENTED_EDGE ( 'NONE', *, *, #4518, .T. ) ;
#4670 = CARTESIAN_POINT ( 'NONE',  ( 0.4685039370078740162, -0.04450871328788580383, 0.2767455457580906275 ) ) ;
#4671 = EDGE_LOOP ( 'NONE', ( #3104, #2190, #1543, #4188, #1861, #3373, #342 ) ) ;
#4672 = LENGTH_MEASURE_WITH_UNIT ( LENGTH_MEASURE( 0.02539999999999999897 ), #2293 );
#4673 =( LENGTH_UNIT ( ) NAMED_UNIT ( * ) SI_UNIT ( $, .METRE. ) );
#4674 = LENGTH_MEASURE_WITH_UNIT ( LENGTH_MEASURE( 0.02539999999999999897 ), #3474 );
#4675 = AXIS2_PLACEMENT_3D ( 'NONE', #2050, #4434, #4739 ) ;
#4676 = ORIENTED_EDGE ( 'NONE', *, *, #81, .F. ) ;
#4677 = DIRECTION ( 'NONE',  ( 0.0000000000000000000, 0.0000000000000000000, 1.000000000000000000 ) ) ;
#4678 = ORIENTED_EDGE ( 'NONE', *, *, #716, .T. ) ;
#4679 = DIRECTION ( 'NONE',  ( -1.000000000000000000, 0.0000000000000000000, 0.0000000000000000000 ) ) ;
#4680 = ORIENTED_EDGE ( 'NONE', *, *, #2476, .T. ) ;
#4681 = SURFACE_SIDE_STYLE ('',( #1870 ) ) ;
#4682 = DIRECTION ( 'NONE',  ( 6.938893903907478447E-15, 0.0000000000000000000, 1.000000000000000000 ) ) ;
#4683 = MECHANICAL_DESIGN_GEOMETRIC_PRESENTATION_REPRESENTATION (  '', ( #538 ), #2781 ) ;
#4684 = CARTESIAN_POINT ( 'NONE',  ( 0.5590551181102362266, -5.181974162981899064E-15, 8.793135729606847419E-15 ) ) ;
#4685 = CARTESIAN_POINT ( 'NONE',  ( 0.5590551181064847830, -1.053643464717626553E-11, -5.689187842940562656E-11 ) ) ;
#4686 = EDGE_CURVE ( 'NONE', #1759, #3000, #3967, .T. ) ;
#4687 = CIRCLE ( 'NONE', #5081, 0.2755905511811012620 ) ;
#4688 = ORIENTED_EDGE ( 'NONE', *, *, #1467, .T. ) ;
#4689 = CARTESIAN_POINT ( 'NONE',  ( 0.3110236220472441526, 0.02165354330708661734, 0.1619445968598661467 ) ) ;
#4690 =( BOUNDED_CURVE ( )  B_SPLINE_CURVE ( 2, ( #744, #2006, #3571 ),
 .UNSPECIFIED., .F., .T. ) 
 B_SPLINE_CURVE_WITH_KNOTS ( ( 3, 3 ),
 ( 0.0000000000000000000, 1.000000000000000000 ),
 .UNSPECIFIED. ) 
 CURVE ( )  GEOMETRIC_REPRESENTATION_ITEM ( )  RATIONAL_B_SPLINE_CURVE ( ( 1.035714285714300020, 1.035714285714300020, 1.000000000000000000 ) ) 
 REPRESENTATION_ITEM ( '' )  );
#4691 = ADVANCED_FACE ( 'NONE', ( #420 ), #4337, .T. ) ;
#4692 = ORIENTED_EDGE ( 'NONE', *, *, #4338, .F. ) ;
#4693 = AXIS2_PLACEMENT_3D ( 'NONE', #1260, #437, #413 ) ;
#4694 = CARTESIAN_POINT ( 'NONE',  ( 0.9645669291338581086, -0.01968503937007809110, -5.411227766322434372E-16 ) ) ;
#4695 = ORIENTED_EDGE ( 'NONE', *, *, #3137, .F. ) ;
#4696 = DIRECTION ( 'NONE',  ( 1.000000000000000000, 0.0000000000000000000, 0.0000000000000000000 ) ) ;
#4697 = ORIENTED_EDGE ( 'NONE', *, *, #3403, .T. ) ;
#4698 =( NAMED_UNIT ( * ) SI_UNIT ( $, .STERADIAN. ) SOLID_ANGLE_UNIT ( ) );
#4699 = UNCERTAINTY_MEASURE_WITH_UNIT (LENGTH_MEASURE( 1.000000000000000082E-05 ), #3777, 'distance_accuracy_value', 'NONE');
#4700 = ORIENTED_EDGE ( 'NONE', *, *, #2905, .T. ) ;
#4701 = DIRECTION ( 'NONE',  ( -1.000000000000000000, 0.0000000000000000000, 0.0000000000000000000 ) ) ;
#4702 = DIRECTION ( 'NONE',  ( -1.000000000000000000, 0.0000000000000000000, 0.0000000000000000000 ) ) ;
#4703 = ORIENTED_EDGE ( 'NONE', *, *, #4726, .F. ) ;
#4704 = CARTESIAN_POINT ( 'NONE',  ( 0.9645669291338581086, 0.06959712413253542340, 0.08928216350261417023 ) ) ;
#4705 = VECTOR ( 'NONE', #1020, 39.37007874015748143 ) ;
#4706 = VERTEX_POINT ( 'NONE', #1133 ) ;
#4707 = CARTESIAN_POINT ( 'NONE',  ( 0.05905511811023622659, 0.06959712413253542340, 0.06959712413253542340 ) ) ;
#4708 = CARTESIAN_POINT ( 'NONE',  ( 0.7408997937670472878, 0.1051792844081889805, 0.2952755905511811885 ) ) ;
#4709 = AXIS2_PLACEMENT_3D ( 'NONE', #1948, #1253, #434 ) ;
#4710 = CARTESIAN_POINT ( 'NONE',  ( 0.6692913385826771977, 0.1353122744573582725, -0.2952755905511810774 ) ) ;
#4711 = DIRECTION ( 'NONE',  ( 0.7071067811865350272, 0.7071067811865600072, -2.198290045180074919E-15 ) ) ;
#4712 = CYLINDRICAL_SURFACE ( 'NONE', #565, 0.2165354331287255019 ) ;
#4713 = MECHANICAL_DESIGN_GEOMETRIC_PRESENTATION_REPRESENTATION (  '', ( #489 ), #1750 ) ;
#4714 = AXIS2_PLACEMENT_3D ( 'NONE', #809, #4679, #3500 ) ;
#4715 = VERTEX_POINT ( 'NONE', #5047 ) ;
#4716 = LINE ( 'NONE', #2308, #2113 ) ;
#4717 = EDGE_CURVE ( 'NONE', #3741, #3539, #3470, .T. ) ;
#4718 = CARTESIAN_POINT ( 'NONE',  ( 0.0000000000000000000, 0.0000000000000000000, 0.0000000000000000000 ) ) ;
#4719 = CIRCLE ( 'NONE', #2237, 0.1811023622047244486 ) ;
#4720 = ORIENTED_EDGE ( 'NONE', *, *, #1829, .T. ) ;
#4721 = VERTEX_POINT ( 'NONE', #2703 ) ;
#4722 = EDGE_CURVE ( 'NONE', #1168, #5070, #2619, .T. ) ;
#4723 = ORIENTED_EDGE ( 'NONE', *, *, #5059, .F. ) ;
#4724 = CARTESIAN_POINT ( 'NONE',  ( 0.5787401574803149318, 0.2174143163667519862, 0.1769184492761141925 ) ) ;
#4725 = EDGE_LOOP ( 'NONE', ( #795, #3552, #1202, #1000, #3691, #3499 ) ) ;
#4726 = EDGE_CURVE ( 'NONE', #4294, #943, #2079, .T. ) ;
#4727 = AXIS2_PLACEMENT_3D ( 'NONE', #1589, #1252, #2382 ) ;
#4728 = SURFACE_STYLE_FILL_AREA ( #754 ) ;
#4729 = ORIENTED_EDGE ( 'NONE', *, *, #1302, .F. ) ;
#4730 =( CONVERSION_BASED_UNIT ( 'INCH', #366 ) LENGTH_UNIT ( ) NAMED_UNIT ( #2595 ) );
#4731 = FACE_OUTER_BOUND ( 'NONE', #4945, .T. ) ;
#4732 = ORIENTED_EDGE ( 'NONE', *, *, #4537, .F. ) ;
#4733 = CARTESIAN_POINT ( 'NONE',  ( 0.6692913385826771977, -0.1353122744573582725, -0.2952755905511810774 ) ) ;
#4734 = ORIENTED_EDGE ( 'NONE', *, *, #371, .F. ) ;
#4735 = CARTESIAN_POINT ( 'NONE',  ( 0.6692913385826771977, 0.3233722997634527752, 0.03045392815166693065 ) ) ;
#4736 = CARTESIAN_POINT ( 'NONE',  ( 0.8661417322834645827, 0.01968503937008021093, -5.387120545866603110E-16 ) ) ;
#4737 = CARTESIAN_POINT ( 'NONE',  ( 0.5787401574803149318, -0.05713793575477559700, -0.3130529116588582350 ) ) ;
#4738 = ORIENTED_EDGE ( 'NONE', *, *, #4382, .T. ) ;
#4739 = DIRECTION ( 'NONE',  ( 0.0000000000000000000, 1.000000000000000000, 6.238883837223497717E-11 ) ) ;
#4740 = SURFACE_STYLE_FILL_AREA ( #2358 ) ;
#4741 = APPLICATION_PROTOCOL_DEFINITION ( 'draft international standard', 'automotive_design', 1998, #4605 ) ;
#4742 = ORIENTED_EDGE ( 'NONE', *, *, #2286, .T. ) ;
#4743 = DIRECTION ( 'NONE',  ( -1.000000000000000000, 0.0000000000000000000, 0.0000000000000000000 ) ) ;
#4744 = ORIENTED_EDGE ( 'NONE', *, *, #1285, .F. ) ;
#4745 = LINE ( 'NONE', #4362, #1494 ) ;
#4746 = ORIENTED_EDGE ( 'NONE', *, *, #1352, .F. ) ;
#4747 = CARTESIAN_POINT ( 'NONE',  ( 0.5789595594094487652, -0.2125984251968495997, -8.932403875250286088E-16 ) ) ;
#4748 = CARTESIAN_POINT ( 'NONE',  ( 0.6988188976377954775, -0.3233722997634527752, -0.03045392815166693065 ) ) ;
#4749 = FACE_OUTER_BOUND ( 'NONE', #758, .T. ) ;
#4750 = ADVANCED_FACE ( 'NONE', ( #4395, #1233 ), #773, .T. ) ;
#4751 =( LENGTH_UNIT ( ) NAMED_UNIT ( * ) SI_UNIT ( $, .METRE. ) );
#4752 = ORIENTED_EDGE ( 'NONE', *, *, #3062, .F. ) ;
#4753 = SURFACE_SIDE_STYLE ('',( #2401 ) ) ;
#4754 = CARTESIAN_POINT ( 'NONE',  ( 0.6496062992125984925, 0.2941524306248700649, 0.08106422609020866310 ) ) ;
#4755 = EDGE_LOOP ( 'NONE', ( #3118, #1444, #5043, #2643, #4979 ) ) ;
#4756 = PRESENTATION_STYLE_ASSIGNMENT (( #3122 ) ) ;
#4757 = ADVANCED_FACE ( 'NONE', ( #3113 ), #3812, .T. ) ;
#4758 = DIRECTION ( 'NONE',  ( -1.000000000000000000, 0.0000000000000000000, 0.0000000000000000000 ) ) ;
#4759 =( NAMED_UNIT ( * ) PLANE_ANGLE_UNIT ( ) SI_UNIT ( $, .RADIAN. ) );
#4760 = DIRECTION ( 'NONE',  ( 0.0000000000000000000, -0.5789969263969022562, -0.8153297242361154940 ) ) ;
#4761 = CARTESIAN_POINT ( 'NONE',  ( 0.6692913385826771977, 0.3248031496062993573, 5.085519469096299040E-16 ) ) ;
#4762 = MECHANICAL_DESIGN_GEOMETRIC_PRESENTATION_REPRESENTATION (  '', ( #2857 ), #2284 ) ;
#4763 = EDGE_LOOP ( 'NONE', ( #4307, #4033, #3219, #384 ) ) ;
#4764 =( NAMED_UNIT ( * ) SI_UNIT ( $, .STERADIAN. ) SOLID_ANGLE_UNIT ( ) );
#4765 = AXIS2_PLACEMENT_3D ( 'NONE', #1323, #1428, #156 ) ;
#4766 = CARTESIAN_POINT ( 'NONE',  ( 0.3110236220472441526, -0.06959712413253542340, -0.08928216350261448941 ) ) ;
#4767 = CONTEXT_DEPENDENT_SHAPE_REPRESENTATION ( #4270, #4887 ) ;
#4768 =( BOUNDED_CURVE ( )  B_SPLINE_CURVE ( 2, ( #3594, #2009, #2029 ),
 .UNSPECIFIED., .F., .F. ) 
 B_SPLINE_CURVE_WITH_KNOTS ( ( 3, 3 ),
 ( 0.0000000000000000000, 1.000000000000000000 ),
 .UNSPECIFIED. ) 
 CURVE ( )  GEOMETRIC_REPRESENTATION_ITEM ( )  RATIONAL_B_SPLINE_CURVE ( ( 1.000000000000000000, 1.020663065298099914, 1.032786885245899899 ) ) 
 REPRESENTATION_ITEM ( '' )  );
#4769 = DIRECTION ( 'NONE',  ( -1.000000000000000000, 0.0000000000000000000, 0.0000000000000000000 ) ) ;
#4770 = EDGE_LOOP ( 'NONE', ( #3446, #2109, #2075, #2525 ) ) ;
#4771 = CIRCLE ( 'NONE', #288, 0.1633858267716535584 ) ;
#4772 = CARTESIAN_POINT ( 'NONE',  ( 0.8661417322834645827, 0.06959712413253590912, 0.04991208476245591330 ) ) ;
#4773 = CARTESIAN_POINT ( 'NONE',  ( 0.4881889763779529434, 0.04110356894151968865, -0.2125984251951496262 ) ) ;
#4774 = FACE_OUTER_BOUND ( 'NONE', #4972, .T. ) ;
#4775 = MECHANICAL_DESIGN_GEOMETRIC_PRESENTATION_REPRESENTATION (  '', ( #1228 ), #2542 ) ;
#4776 = EDGE_CURVE ( 'NONE', #4884, #4288, #5116, .T. ) ;
#4777 = ORIENTED_EDGE ( 'NONE', *, *, #821, .T. ) ;
#4778 = SURFACE_STYLE_USAGE ( .BOTH. , #2347 ) ;
#4779 = AXIS2_PLACEMENT_3D ( 'NONE', #3984, #432, #4789 ) ;
#4780 =( CONVERSION_BASED_UNIT ( 'INCH', #93 ) LENGTH_UNIT ( ) NAMED_UNIT ( #717 ) );
#4781 = ORIENTED_EDGE ( 'NONE', *, *, #3757, .F. ) ;
#4782 = DIRECTION ( 'NONE',  ( -1.000000000000000000, -5.315900184994796107E-15, 0.0000000000000000000 ) ) ;
#4783 = PRESENTATION_LAYER_ASSIGNMENT (  '', '', ( #3788 ) ) ;
#4784 = VERTEX_POINT ( 'NONE', #4747 ) ;
#4785 = CARTESIAN_POINT ( 'NONE',  ( 0.4685039370078740717, 0.2711117742252126539, -0.04948290388367323350 ) ) ;
#4786 = ADVANCED_FACE ( 'NONE', ( #1546 ), #2740, .T. ) ;
#4787 = ADVANCED_FACE ( 'NONE', ( #802 ), #6, .T. ) ;
#4788 = CARTESIAN_POINT ( 'NONE',  ( 0.7283464566929134243, 0.06959712413253542340, -0.1010931871246616293 ) ) ;
#4789 = DIRECTION ( 'NONE',  ( 0.0000000000000000000, 1.000000000000000000, 0.0000000000000000000 ) ) ;
#4790 = LINE ( 'NONE', #3203, #1182 ) ;
#4791 = CONICAL_SURFACE ( 'NONE', #2555, 0.2952755905511808554, 0.7853981633974344012 ) ;
#4792 = CIRCLE ( 'NONE', #2805, 0.2322834645669463183 ) ;
#4793 = ORIENTED_EDGE ( 'NONE', *, *, #575, .F. ) ;
#4794 = CONICAL_SURFACE ( 'NONE', #306, 0.2165354330708666730, 0.7853981633974352894 ) ;
#4795 = SURFACE_STYLE_USAGE ( .BOTH. , #4010 ) ;
#4796 = CARTESIAN_POINT ( 'NONE',  ( 0.5787401574803147097, -2.586718569000849106E-15, 3.585550491684345597E-16 ) ) ;
#4797 =( NAMED_UNIT ( * ) SI_UNIT ( $, .STERADIAN. ) SOLID_ANGLE_UNIT ( ) );
#4798 = FACE_OUTER_BOUND ( 'NONE', #2325, .T. ) ;
#4799 =( GEOMETRIC_REPRESENTATION_CONTEXT ( 3 ) GLOBAL_UNCERTAINTY_ASSIGNED_CONTEXT ( ( #1085 ) ) GLOBAL_UNIT_ASSIGNED_CONTEXT ( ( #1658, #523, #4426 ) ) REPRESENTATION_CONTEXT ( 'NONE', 'WORKASPACE' ) );
#4800 = CARTESIAN_POINT ( 'NONE',  ( 0.8661417322834645827, -0.06959712413253542340, 0.06959712413253542340 ) ) ;
#4801 = AXIS2_PLACEMENT_3D ( 'NONE', #3966, #3574, #5 ) ;
#4802 = CARTESIAN_POINT ( 'NONE',  ( 0.5787401574803149318, 5.702732686774149542E-15, -6.219222698076299199E-15 ) ) ;
#4803 = DIRECTION ( 'NONE',  ( 1.000000000000000000, 0.0000000000000000000, 0.0000000000000000000 ) ) ;
#4804 = AXIS2_PLACEMENT_3D ( 'NONE', #3874, #5003, #4189 ) ;
#4805 = ORIENTED_EDGE ( 'NONE', *, *, #1118, .T. ) ;
#4806 = PRESENTATION_LAYER_ASSIGNMENT (  '', '', ( #2329 ) ) ;
#4807 = DIRECTION ( 'NONE',  ( 1.000000000000000000, 0.0000000000000000000, 0.0000000000000000000 ) ) ;
#4808 = ORIENTED_EDGE ( 'NONE', *, *, #1283, .T. ) ;
#4809 = ADVANCED_FACE ( 'NONE', ( #4016 ), #2988, .T. ) ;
#4810 = CIRCLE ( 'NONE', #422, 0.2066929133858267653 ) ;
#4811 = CARTESIAN_POINT ( 'NONE',  ( 0.6496062992125984925, 0.0000000000000000000, 0.2952755905511810774 ) ) ;
#4812 =( CONVERSION_BASED_UNIT ( 'INCH', #1216 ) LENGTH_UNIT ( ) NAMED_UNIT ( #3867 ) );
#4813 = CARTESIAN_POINT ( 'NONE',  ( 0.5787401574803149318, -0.1784093389286220410, -0.2100482318025000128 ) ) ;
#4814 = CARTESIAN_POINT ( 'NONE',  ( 0.7283464566929134243, -0.1880600253060984162, 0.2648216623995157670 ) ) ;
#4815 = VERTEX_POINT ( 'NONE', #463 ) ;
#4816 = EDGE_CURVE ( 'NONE', #5064, #3741, #3559, .T. ) ;
#4817 = ORIENTED_EDGE ( 'NONE', *, *, #1315, .F. ) ;
#4818 =( LENGTH_UNIT ( ) NAMED_UNIT ( * ) SI_UNIT ( $, .METRE. ) );
#4819 = DIRECTION ( 'NONE',  ( 3.154042683594230126E-16, 0.1898237547074605458, 0.9818181818181827003 ) ) ;
#4820 = FACE_BOUND ( 'NONE', #3401, .T. ) ;
#4821 = EDGE_CURVE ( 'NONE', #4948, #1520, #665, .T. ) ;
#4822 = VERTEX_POINT ( 'NONE', #33 ) ;
#4823 = LINE ( 'NONE', #3242, #4054 ) ;
#4824 = ORIENTED_EDGE ( 'NONE', *, *, #5074, .T. ) ;
#4825 = DIRECTION ( 'NONE',  ( 1.000000000000000000, 0.0000000000000000000, 0.0000000000000000000 ) ) ;
#4826 = DIRECTION ( 'NONE',  ( -1.000000000000000000, 0.0000000000000000000, 0.0000000000000000000 ) ) ;
#4827 = PLANE ( 'NONE',  #120 ) ;
#4828 =( LENGTH_UNIT ( ) NAMED_UNIT ( * ) SI_UNIT ( $, .METRE. ) );
#4829 = DIRECTION ( 'NONE',  ( -1.000000000000000000, -0.0000000000000000000, -0.0000000000000000000 ) ) ;
#4830 = ADVANCED_FACE ( 'NONE', ( #4041, #2133 ), #4442, .T. ) ;
#4831 = ORIENTED_EDGE ( 'NONE', *, *, #4252, .F. ) ;
#4832 = CARTESIAN_POINT ( 'NONE',  ( 0.4685039370078740162, -0.1408961573052086302, 0.2423167256136338488 ) ) ;
#4833 = COLOUR_RGB ( '',0.7607843137254901578, 0.7607843137254901578, 0.0000000000000000000 ) ;
#4834 = ORIENTED_EDGE ( 'NONE', *, *, #3746, .F. ) ;
#4835 = DIRECTION ( 'NONE',  ( 0.0000000000000000000, 0.0000000000000000000, 1.000000000000000000 ) ) ;
#4836 = CYLINDRICAL_SURFACE ( 'NONE', #4019, 0.2952755905511712520 ) ;
#4837 = EDGE_CURVE ( 'NONE', #4496, #2553, #490, .T. ) ;
#4838 = CARTESIAN_POINT ( 'NONE',  ( 0.6567380015085433342, -0.3083058047388701484, -0.05654986302622835859 ) ) ;
#4839 = SURFACE_STYLE_USAGE ( .BOTH. , #88 ) ;
#4840 = ADVANCED_FACE ( 'NONE', ( #2082 ), #2420, .T. ) ;
#4841 = CARTESIAN_POINT ( 'NONE',  ( 0.3110236220472441526, 1.286070090843693703E-17, -0.01968503937007871213 ) ) ;
#4842 = MECHANICAL_DESIGN_GEOMETRIC_PRESENTATION_REPRESENTATION (  '', ( #3030 ), #4530 ) ;
#4843 = LINE ( 'NONE', #3597, #5036 ) ;
#4844 = CIRCLE ( 'NONE', #3110, 0.03543307086614179424 ) ;
#4845 = VERTEX_POINT ( 'NONE', #516 ) ;
#4846 = DIRECTION ( 'NONE',  ( 0.0000000000000000000, 1.000000000000000000, 0.0000000000000000000 ) ) ;
#4847 = ORIENTED_EDGE ( 'NONE', *, *, #3194, .T. ) ;
#4848 =( BOUNDED_CURVE ( )  B_SPLINE_CURVE ( 2, ( #3235, #2570, #2923 ),
 .UNSPECIFIED., .F., .T. ) 
 B_SPLINE_CURVE_WITH_KNOTS ( ( 3, 3 ),
 ( 0.0000000000000000000, 1.000000000000000000 ),
 .UNSPECIFIED. ) 
 CURVE ( )  GEOMETRIC_REPRESENTATION_ITEM ( )  RATIONAL_B_SPLINE_CURVE ( ( 1.000000000000000000, 1.020663065298099914, 1.032786885245899899 ) ) 
 REPRESENTATION_ITEM ( '' )  );
#4849 = SURFACE_SIDE_STYLE ('',( #2504 ) ) ;
#4850 = EDGE_CURVE ( 'NONE', #5070, #2992, #2655, .T. ) ;
#4851 = MECHANICAL_DESIGN_GEOMETRIC_PRESENTATION_REPRESENTATION (  '', ( #4453 ), #469 ) ;
#4852 = ORIENTED_EDGE ( 'NONE', *, *, #380, .T. ) ;
#4853 = DIRECTION ( 'NONE',  ( -1.387778780781445676E-14, 6.938893904433398601E-18, 1.000000000000000000 ) ) ;
#4854 = CARTESIAN_POINT ( 'NONE',  ( 0.8661417322834645827, 6.231994087446635113E-16, 0.03149606299212589361 ) ) ;
#4855 = ORIENTED_EDGE ( 'NONE', *, *, #4929, .T. ) ;
#4856 = CARTESIAN_POINT ( 'NONE',  ( 0.9645669291338585527, -0.06959712413253495156, 0.04991208476245669046 ) ) ;
#4857 = APPLICATION_CONTEXT ( 'automotive_design' ) ;
#4858 = AXIS2_PLACEMENT_3D ( 'NONE', #398, #1528, #3975 ) ;
#4859 = ORIENTED_EDGE ( 'NONE', *, *, #1054, .F. ) ;
#4860 = FILL_AREA_STYLE ('',( #1332 ) ) ;
#4861 = DIRECTION ( 'NONE',  ( 0.0000000000000000000, 0.0000000000000000000, 1.000000000000000000 ) ) ;
#4862 = AXIS2_PLACEMENT_3D ( 'NONE', #2814, #1242, #4401 ) ;
#4863 = DIRECTION ( 'NONE',  ( 1.000000000000000000, 0.0000000000000000000, 0.0000000000000000000 ) ) ;
#4864 = CARTESIAN_POINT ( 'NONE',  ( 0.5604197786301071682, 0.003547755354613981067, 0.2939109300313059170 ) ) ;
#4865 = COLOUR_RGB ( '',0.7607843137254901578, 0.7607843137254901578, 0.0000000000000000000 ) ;
#4866 = AXIS2_PLACEMENT_3D ( 'NONE', #1615, #4304, #452 ) ;
#4867 = ADVANCED_FACE ( 'NONE', ( #2666 ), #4400, .T. ) ;
#4868 = CARTESIAN_POINT ( 'NONE',  ( 0.4724409448848819193, -5.975917486140575174E-17, 0.0000000000000000000 ) ) ;
#4869 = AXIS2_PLACEMENT_3D ( 'NONE', #3385, #957, #593 ) ;
#4870 = STYLED_ITEM ( 'NONE', ( #212 ), #2826 ) ;
#4871 = CARTESIAN_POINT ( 'NONE',  ( 0.7283464566929134243, 0.1880600253060945026, 0.2648216623995157670 ) ) ;
#4872 = ADVANCED_FACE ( 'NONE', ( #1458 ), #1900, .T. ) ;
#4873 = CIRCLE ( 'NONE', #2404, 0.2066929133858267653 ) ;
#4874 = ORIENTED_EDGE ( 'NONE', *, *, #3862, .T. ) ;
#4875 = DIRECTION ( 'NONE',  ( -0.7071067811865469066, 0.0000000000000000000, 0.7071067811865480168 ) ) ;
#4876 = ORIENTED_EDGE ( 'NONE', *, *, #1968, .F. ) ;
#4877 = CARTESIAN_POINT ( 'NONE',  ( 0.6988188976377954775, -0.3233722997634527752, 0.03045392815166693065 ) ) ;
#4878 =( NAMED_UNIT ( * ) SI_UNIT ( $, .STERADIAN. ) SOLID_ANGLE_UNIT ( ) );
#4879 = ORIENTED_EDGE ( 'NONE', *, *, #3658, .F. ) ;
#4880 = ORIENTED_EDGE ( 'NONE', *, *, #1604, .T. ) ;
#4881 = FACE_OUTER_BOUND ( 'NONE', #3087, .T. ) ;
#4882 = CARTESIAN_POINT ( 'NONE',  ( 0.5590551181102362266, -6.343009560289211179E-15, -2.325485604606703939E-14 ) ) ;
#4883 = DIRECTION ( 'NONE',  ( -1.000000000000000000, 0.0000000000000000000, 0.0000000000000000000 ) ) ;
#4884 = VERTEX_POINT ( 'NONE', #960 ) ;
#4885 = ORIENTED_EDGE ( 'NONE', *, *, #1524, .T. ) ;
#4886 = FACE_BOUND ( 'NONE', #4655, .T. ) ;
#4887 = PRODUCT_DEFINITION_SHAPE ( 'NONE', 'NONE',  #5142 ) ;
#4888 = LINE ( 'NONE', #3383, #2456 ) ;
#4889 = DIRECTION ( 'NONE',  ( 0.0000000000000000000, 0.0000000000000000000, 1.000000000000000000 ) ) ;
#4890 = SURFACE_STYLE_FILL_AREA ( #532 ) ;
#4891 = DIRECTION ( 'NONE',  ( 1.000000000000000000, 0.0000000000000000000, 0.0000000000000000000 ) ) ;
#4892 = LINE ( 'NONE', #1364, #1911 ) ;
#4893 = CARTESIAN_POINT ( 'NONE',  ( 0.7408997937670472878, -0.3083058047388701484, 0.05654986302623227906 ) ) ;
#4894 = CARTESIAN_POINT ( 'NONE',  ( 0.4724409448850394044, -5.975917486140575174E-17, 0.0000000000000000000 ) ) ;
#4895 = ORIENTED_EDGE ( 'NONE', *, *, #3048, .T. ) ;
#4896 = LENGTH_MEASURE_WITH_UNIT ( LENGTH_MEASURE( 0.02539999999999999897 ), #90 );
#4897 = VERTEX_POINT ( 'NONE', #2333 ) ;
#4898 = CARTESIAN_POINT ( 'NONE',  ( 0.3110236220472441526, 1.044997886287128127E-17, 2.881245930817779385E-17 ) ) ;
#4899 = EDGE_CURVE ( 'NONE', #3148, #4315, #3053, .T. ) ;
#4900 = ORIENTED_EDGE ( 'NONE', *, *, #4245, .F. ) ;
#4901 = LENGTH_MEASURE_WITH_UNIT ( LENGTH_MEASURE( 0.02539999999999999897 ), #2143 );
#4902 = ORIENTED_EDGE ( 'NONE', *, *, #2668, .T. ) ;
#4903 = DIRECTION ( 'NONE',  ( -2.312964634635744929E-16, 9.629649721936187476E-33, -1.000000000000000000 ) ) ;
#4904 = EDGE_CURVE ( 'NONE', #2815, #2920, #4810, .T. ) ;
#4905 = DIRECTION ( 'NONE',  ( 0.0000000000000000000, 0.0000000000000000000, -1.000000000000000000 ) ) ;
#4906 = PRODUCT_RELATED_PRODUCT_CATEGORY ( 'part', '', ( #3189 ) ) ;
#4907 = ORIENTED_EDGE ( 'NONE', *, *, #2689, .F. ) ;
#4908 = CARTESIAN_POINT ( 'NONE',  ( 0.4685039370078738497, -1.476905321574742309E-15, 2.680625843783058098E-15 ) ) ;
#4909 = DIRECTION ( 'NONE',  ( 0.0000000000000000000, 1.000000000000000000, 6.238883837223497717E-11 ) ) ;
#4910 = AXIS2_PLACEMENT_3D ( 'NONE', #1042, #1830, #4117 ) ;
#4911 = DIRECTION ( 'NONE',  ( 9.251858538544269109E-15, -0.3305837575446664567, -0.9437766575030606120 ) ) ;
#4912 = DIMENSIONAL_EXPONENTS ( 1.000000000000000000, 0.0000000000000000000, 0.0000000000000000000, 0.0000000000000000000, 0.0000000000000000000, 0.0000000000000000000, 0.0000000000000000000 ) ;
#4913 = CARTESIAN_POINT ( 'NONE',  ( 0.2460629921259842590, -0.09358160885042914046, -0.2125984251968504046 ) ) ;
#4914 = LINE ( 'NONE', #2929, #3051 ) ;
#4915 = ORIENTED_EDGE ( 'NONE', *, *, #3992, .T. ) ;
#4916 = CARTESIAN_POINT ( 'NONE',  ( 0.5629921259844093973, -0.2204724409447244848, 3.472688127585576203E-18 ) ) ;
#4917 = ORIENTED_EDGE ( 'NONE', *, *, #3926, .F. ) ;
#4918 =( BOUNDED_CURVE ( )  B_SPLINE_CURVE ( 2, ( #3551, #5122, #1598 ),
 .UNSPECIFIED., .F., .T. ) 
 B_SPLINE_CURVE_WITH_KNOTS ( ( 3, 3 ),
 ( 0.0000000000000000000, 1.000000000000000000 ),
 .UNSPECIFIED. ) 
 CURVE ( )  GEOMETRIC_REPRESENTATION_ITEM ( )  RATIONAL_B_SPLINE_CURVE ( ( 1.000000000000000000, 1.035714285714300020, 1.035714285714300020 ) ) 
 REPRESENTATION_ITEM ( '' )  );
#4919 = CARTESIAN_POINT ( 'NONE',  ( 0.8661417322834645827, 1.468504888994239823E-15, -8.826037758402637671E-16 ) ) ;
#4920 = EDGE_LOOP ( 'NONE', ( #1011, #481 ) ) ;
#4921 = CARTESIAN_POINT ( 'NONE',  ( 0.7283464566929134243, 6.231994087446635113E-16, 0.03149606299212589361 ) ) ;
#4922 = DIMENSIONAL_EXPONENTS ( 1.000000000000000000, 0.0000000000000000000, 0.0000000000000000000, 0.0000000000000000000, 0.0000000000000000000, 0.0000000000000000000, 0.0000000000000000000 ) ;
#4923 = EDGE_CURVE ( 'NONE', #429, #3744, #4250, .T. ) ;
#4924 = CYLINDRICAL_SURFACE ( 'NONE', #2698, 0.01968503937007873988 ) ;
#4925 = VERTEX_POINT ( 'NONE', #4223 ) ;
#4926 = DIRECTION ( 'NONE',  ( 0.0000000000000000000, -0.4999999999999844014, 0.8660254037844474784 ) ) ;
#4927 = EDGE_LOOP ( 'NONE', ( #1278, #2625, #4648, #5087, #2932, #1788, #697, #1130 ) ) ;
#4928 =( GEOMETRIC_REPRESENTATION_CONTEXT ( 3 ) GLOBAL_UNCERTAINTY_ASSIGNED_CONTEXT ( ( #3088 ) ) GLOBAL_UNIT_ASSIGNED_CONTEXT ( ( #3125, #1148, #2276 ) ) REPRESENTATION_CONTEXT ( 'NONE', 'WORKASPACE' ) );
#4929 = EDGE_CURVE ( 'NONE', #3751, #1393, #856, .T. ) ;
#4930 = ADVANCED_FACE ( 'NONE', ( #712 ), #3099, .T. ) ;
#4931 = SURFACE_STYLE_USAGE ( .BOTH. , #2152 ) ;
#4932 = DIRECTION ( 'NONE',  ( -1.000000000000000000, 0.0000000000000000000, -3.771137991253912796E-16 ) ) ;
#4933 =( LENGTH_UNIT ( ) NAMED_UNIT ( * ) SI_UNIT ( $, .METRE. ) );
#4934 = PRESENTATION_LAYER_ASSIGNMENT (  '', '', ( #3363 ) ) ;
#4935 = DIRECTION ( 'NONE',  ( 0.0000000000000000000, -0.9417272637744167341, -0.3363774080760331131 ) ) ;
#4936 = EDGE_CURVE ( 'NONE', #969, #5066, #2687, .T. ) ;
#4937 = CARTESIAN_POINT ( 'NONE',  ( 0.8661417322834645827, -0.06959712413253542340, -0.06959712413253425767 ) ) ;
#4938 = CIRCLE ( 'NONE', #4118, 0.1633858267716535584 ) ;
#4939 = DIRECTION ( 'NONE',  ( 0.0000000000000000000, -0.5000000000000006661, -0.8660254037844382635 ) ) ;
#4940 = CARTESIAN_POINT ( 'NONE',  ( 0.5787401574803149318, 0.09270243530559843514, -0.2595311356826299209 ) ) ;
#4941 = PRESENTATION_LAYER_ASSIGNMENT (  '', '', ( #3371 ) ) ;
#4942 = EDGE_LOOP ( 'NONE', ( #4586, #3720, #4527 ) ) ;
#4943 = AXIS2_PLACEMENT_3D ( 'NONE', #123, #1736, #1636 ) ;
#4944 = PRESENTATION_LAYER_ASSIGNMENT (  '', '', ( #3959 ) ) ;
#4945 = EDGE_LOOP ( 'NONE', ( #1471, #2275 ) ) ;
#4946 = CARTESIAN_POINT ( 'NONE',  ( 0.9645669291338583307, 0.06959712413253542340, 0.06959712413253522911 ) ) ;
#4947 = LINE ( 'NONE', #1424, #4039 ) ;
#4948 = VERTEX_POINT ( 'NONE', #268 ) ;
#4949 = DIRECTION ( 'NONE',  ( 0.0000000000000000000, 0.0000000000000000000, 1.000000000000000000 ) ) ;
#4950 = STYLED_ITEM ( 'NONE', ( #43 ), #2953 ) ;
#4951 = UNCERTAINTY_MEASURE_WITH_UNIT (LENGTH_MEASURE( 1.000000000000000082E-05 ), #3506, 'distance_accuracy_value', 'NONE');
#4952 =( BOUNDED_CURVE ( )  B_SPLINE_CURVE ( 2, ( #4599, #1050, #1889 ),
 .UNSPECIFIED., .F., .T. ) 
 B_SPLINE_CURVE_WITH_KNOTS ( ( 3, 3 ),
 ( 0.06709463595255328594, 1.000000000000000000 ),
 .UNSPECIFIED. ) 
 CURVE ( )  GEOMETRIC_REPRESENTATION_ITEM ( )  RATIONAL_B_SPLINE_CURVE ( ( 1.004631699347555474, 1.035714285714300020, 1.035714285714300020 ) ) 
 REPRESENTATION_ITEM ( '' )  );
#4953 = CARTESIAN_POINT ( 'NONE',  ( 0.6496062992125984925, 0.07687253618020473134, -0.2952755905511771917 ) ) ;
#4954 = ORIENTED_EDGE ( 'NONE', *, *, #1790, .T. ) ;
#4955 = AXIS2_PLACEMENT_3D ( 'NONE', #2481, #1770, #124 ) ;
#4956 = DIRECTION ( 'NONE',  ( -3.446317305607422948E-14, -1.000000000000000000, 0.0000000000000000000 ) ) ;
#4957 = VERTEX_POINT ( 'NONE', #5009 ) ;
#4958 = FILL_AREA_STYLE_COLOUR ( '', #1986 ) ;
#4959 = ORIENTED_EDGE ( 'NONE', *, *, #9, .T. ) ;
#4960 = DIRECTION ( 'NONE',  ( 1.000000000000000000, 0.0000000000000000000, 0.0000000000000000000 ) ) ;
#4961 = CARTESIAN_POINT ( 'NONE',  ( 0.6692913385826771977, 0.3233722997634527752, -0.03045392815166693065 ) ) ;
#4962 = PRESENTATION_STYLE_ASSIGNMENT (( #3081 ) ) ;
#4963 = COLOUR_RGB ( '',0.7607843137254901578, 0.7607843137254901578, 0.0000000000000000000 ) ;
#4964 = CARTESIAN_POINT ( 'NONE',  ( 0.5590551181102362266, -0.2901456022643937871, -0.05480149507067716419 ) ) ;
#4965 = EDGE_CURVE ( 'NONE', #1191, #2403, #2649, .T. ) ;
#4966 = CONICAL_SURFACE ( 'NONE', #3814, 0.3248031496062991907, 0.7853981633974482790 ) ;
#4967 = CARTESIAN_POINT ( 'NONE',  ( 0.7480314960629921295, -0.9744094488188976833, -0.9744094488188976833 ) ) ;
#4968 = CARTESIAN_POINT ( 'NONE',  ( 0.6988188976377954775, -0.1353122744573582725, 0.2952755905511810774 ) ) ;
#4969 = ADVANCED_FACE ( 'NONE', ( #690 ), #4966, .T. ) ;
#4970 = DIRECTION ( 'NONE',  ( 1.000000000000000000, 0.0000000000000000000, 0.0000000000000000000 ) ) ;
#4971 = VERTEX_POINT ( 'NONE', #4814 ) ;
#4972 = EDGE_LOOP ( 'NONE', ( #2498, #5053, #3601, #312 ) ) ;
#4973 = DIRECTION ( 'NONE',  ( 1.000000000000000000, 0.0000000000000000000, 0.0000000000000000000 ) ) ;
#4974 = ORIENTED_EDGE ( 'NONE', *, *, #2081, .T. ) ;
#4975 = CARTESIAN_POINT ( 'NONE',  ( 0.4724409448834645531, -0.09358160885042914046, 0.2125984251968504046 ) ) ;
#4976 = CARTESIAN_POINT ( 'NONE',  ( 0.7283464566929134243, 0.06959712413253542340, -0.06959712413253504870 ) ) ;
#4977 = EDGE_LOOP ( 'NONE', ( #3580, #705, #2212, #2351, #1940, #3350, #2997, #3316 ) ) ;
#4978 = CARTESIAN_POINT ( 'NONE',  ( 0.4881889763779537761, 3.069060480382195743E-15, 2.031811945287795608E-15 ) ) ;
#4979 = ORIENTED_EDGE ( 'NONE', *, *, #790, .T. ) ;
#4980 =( CONVERSION_BASED_UNIT ( 'INCH', #3772 ) LENGTH_UNIT ( ) NAMED_UNIT ( #1733 ) );
#4981 = CARTESIAN_POINT ( 'NONE',  ( 0.8661417322834645827, 0.1640853131089133887, -0.1640853131089133887 ) ) ;
#4982 = CARTESIAN_POINT ( 'NONE',  ( 0.7480314960629921295, -2.031811945287795845E-14, 3.575714581353549769E-17 ) ) ;
#4983 = CARTESIAN_POINT ( 'NONE',  ( 0.05905511811023622659, 0.06959712413253542340, -0.04991208476245767578 ) ) ;
#4984 = DIRECTION ( 'NONE',  ( 1.000000000000000000, -1.400152807812190293E-16, -2.956210905352825143E-16 ) ) ;
#4985 = CARTESIAN_POINT ( 'NONE',  ( 0.3110236220472441526, 0.06959712413253542340, -0.04991208476245767578 ) ) ;
#4986 = ORIENTED_EDGE ( 'NONE', *, *, #851, .T. ) ;
#4987 = FACE_BOUND ( 'NONE', #2767, .T. ) ;
#4988 = EDGE_CURVE ( 'NONE', #4845, #2832, #5109, .T. ) ;
#4989 = DIRECTION ( 'NONE',  ( 0.0000000000000000000, 0.0000000000000000000, 1.000000000000000000 ) ) ;
#4990 = CARTESIAN_POINT ( 'NONE',  ( 0.4881889763779501124, 1.603253291281714426E-14, 3.986790665753784325E-15 ) ) ;
#4991 = STYLED_ITEM ( 'NONE', ( #2692 ), #247 ) ;
#4992 = ORIENTED_EDGE ( 'NONE', *, *, #3665, .F. ) ;
#4993 = EDGE_CURVE ( 'NONE', #2874, #2403, #4790, .T. ) ;
#4994 = EDGE_CURVE ( 'NONE', #1515, #3343, #328, .T. ) ;
#4995 = EDGE_LOOP ( 'NONE', ( #2232, #813, #3674, #2806 ) ) ;
#4996 =( CONVERSION_BASED_UNIT ( 'INCH', #1447 ) LENGTH_UNIT ( ) NAMED_UNIT ( #3668 ) );
#4997 = CIRCLE ( 'NONE', #2442, 0.3248031496062608880 ) ;
#4998 = ORIENTED_EDGE ( 'NONE', *, *, #716, .F. ) ;
#4999 = DIRECTION ( 'NONE',  ( 1.000000000000000000, 0.0000000000000000000, 0.0000000000000000000 ) ) ;
#5000 = COLOUR_RGB ( '',0.7607843137254901578, 0.7607843137254901578, 0.0000000000000000000 ) ;
#5001 = CARTESIAN_POINT ( 'NONE',  ( 0.9645669291338583307, -0.06959712413253542340, -0.06959712413253542340 ) ) ;
#5002 = ORIENTED_EDGE ( 'NONE', *, *, #2322, .T. ) ;
#5003 = DIRECTION ( 'NONE',  ( -1.000000000000000000, -2.298231004231757010E-14, 3.108851595923408754E-15 ) ) ;
#5004 = LINE ( 'NONE', #2273, #1319 ) ;
#5005 = ORIENTED_EDGE ( 'NONE', *, *, #4058, .F. ) ;
#5006 = FILL_AREA_STYLE ('',( #3025 ) ) ;
#5007 = AXIS2_PLACEMENT_3D ( 'NONE', #767, #4356, #796 ) ;
#5008 = CARTESIAN_POINT ( 'NONE',  ( 0.6988188976377954775, 0.3233722997634527752, -0.03045392815166653860 ) ) ;
#5009 = CARTESIAN_POINT ( 'NONE',  ( 0.3110236220472441526, 0.06959712413253542340, -0.08928216350261515555 ) ) ;
#5010 =( BOUNDED_CURVE ( )  B_SPLINE_CURVE ( 2, ( #1776, #4200, #2202 ),
 .UNSPECIFIED., .F., .T. ) 
 B_SPLINE_CURVE_WITH_KNOTS ( ( 3, 3 ),
 ( 0.0000000000000000000, 1.000000000000000000 ),
 .UNSPECIFIED. ) 
 CURVE ( )  GEOMETRIC_REPRESENTATION_ITEM ( )  RATIONAL_B_SPLINE_CURVE ( ( 1.032786885245899899, 1.020663065298099914, 1.000000000000000000 ) ) 
 REPRESENTATION_ITEM ( '' )  );
#5011 = AXIS2_PLACEMENT_3D ( 'NONE', #1120, #4271, #711 ) ;
#5012 = EDGE_LOOP ( 'NONE', ( #2274, #4895, #1288, #780 ) ) ;
#5013 = SURFACE_SIDE_STYLE ('',( #4201 ) ) ;
#5014 = AXIS2_PLACEMENT_3D ( 'NONE', #3807, #638, #3854 ) ;
#5015 = CARTESIAN_POINT ( 'NONE',  ( 0.05905511811023622659, -0.06959712413253542340, 0.06959712413253622831 ) ) ;
#5016 = DIRECTION ( 'NONE',  ( 1.000000000000000000, 1.667205104354457787E-16, -4.667532549390347064E-16 ) ) ;
#5017 = EDGE_CURVE ( 'NONE', #1152, #1515, #3535, .T. ) ;
#5018 = ORIENTED_EDGE ( 'NONE', *, *, #5086, .T. ) ;
#5019 = FACE_OUTER_BOUND ( 'NONE', #4243, .T. ) ;
#5020 = EDGE_LOOP ( 'NONE', ( #4583, #4746, #2637, #1735 ) ) ;
#5021 = AXIS2_PLACEMENT_3D ( 'NONE', #1163, #3941, #2320 ) ;
#5022 = DIRECTION ( 'NONE',  ( -1.000000000000000000, 0.0000000000000000000, 0.0000000000000000000 ) ) ;
#5023 = ADVANCED_FACE ( 'NONE', ( #869 ), #21, .T. ) ;
#5024 = DIMENSIONAL_EXPONENTS ( 1.000000000000000000, 0.0000000000000000000, 0.0000000000000000000, 0.0000000000000000000, 0.0000000000000000000, 0.0000000000000000000, 0.0000000000000000000 ) ;
#5025 = AXIS2_PLACEMENT_3D ( 'NONE', #253, #272, #3313 ) ;
#5026 = FACE_OUTER_BOUND ( 'NONE', #2930, .T. ) ;
#5027 = VERTEX_POINT ( 'NONE', #764 ) ;
#5028 = CYLINDRICAL_SURFACE ( 'NONE', #655, 0.2952755905511668666 ) ;
#5029 = DIRECTION ( 'NONE',  ( 0.0000000000000000000, 1.000000000000000000, 1.126868825980896992E-17 ) ) ;
#5030 = ORIENTED_EDGE ( 'NONE', *, *, #2027, .T. ) ;
#5031 = AXIS2_PLACEMENT_3D ( 'NONE', #449, #98, #4507 ) ;
#5032 = AXIS2_PLACEMENT_3D ( 'NONE', #4328, #840, #3977 ) ;
#5033 = EDGE_CURVE ( 'NONE', #2731, #3340, #917, .T. ) ;
#5034 = AXIS2_PLACEMENT_3D ( 'NONE', #2543, #935, #2516 ) ;
#5035 = PRESENTATION_STYLE_ASSIGNMENT (( #2713 ) ) ;
#5036 = VECTOR ( 'NONE', #2105, 39.37007874015748854 ) ;
#5037 = DIRECTION ( 'NONE',  ( -1.000000000000000000, 0.0000000000000000000, 0.0000000000000000000 ) ) ;
#5038 = PRESENTATION_STYLE_ASSIGNMENT (( #2200 ) ) ;
#5039 = EDGE_LOOP ( 'NONE', ( #677, #179, #2654, #4793 ) ) ;
#5040 = SURFACE_STYLE_FILL_AREA ( #294 ) ;
#5041 = MECHANICAL_DESIGN_GEOMETRIC_PRESENTATION_REPRESENTATION (  '', ( #417 ), #1676 ) ;
#5042 = VECTOR ( 'NONE', #3155, 39.37007874015748143 ) ;
#5043 = ORIENTED_EDGE ( 'NONE', *, *, #2540, .T. ) ;
#5044 = ADVANCED_FACE ( 'NONE', ( #3179 ), #2824, .F. ) ;
#5045 = CARTESIAN_POINT ( 'NONE',  ( 0.7283464566929134243, 0.3233722997634527752, -0.03045392815166653860 ) ) ;
#5046 = ORIENTED_EDGE ( 'NONE', *, *, #4776, .F. ) ;
#5047 = CARTESIAN_POINT ( 'NONE',  ( 0.5789595594094487652, 0.2125984251968511540, 1.326308379045910599E-11 ) ) ;
#5048 = DIRECTION ( 'NONE',  ( 1.000000000000000000, 0.0000000000000000000, 0.0000000000000000000 ) ) ;
#5049 = DIMENSIONAL_EXPONENTS ( 1.000000000000000000, 0.0000000000000000000, 0.0000000000000000000, 0.0000000000000000000, 0.0000000000000000000, 0.0000000000000000000, 0.0000000000000000000 ) ;
#5050 = FILL_AREA_STYLE ('',( #1960 ) ) ;
#5051 = CARTESIAN_POINT ( 'NONE',  ( 0.5629921259841732528, -0.05839526367794094924, -0.2125984251969330885 ) ) ;
#5052 = EDGE_CURVE ( 'NONE', #3873, #3876, #2829, .T. ) ;
#5053 = ORIENTED_EDGE ( 'NONE', *, *, #108, .T. ) ;
#5054 = CARTESIAN_POINT ( 'NONE',  ( -0.6496062992125984925, -0.3611722705871102113, -0.2125984251968504046 ) ) ;
#5055 = FACE_BOUND ( 'NONE', #1811, .T. ) ;
#5056 = ORIENTED_EDGE ( 'NONE', *, *, #3008, .F. ) ;
#5057 = CARTESIAN_POINT ( 'NONE',  ( 0.5787401574803149318, -0.2711117742252480700, 0.04948290388348032531 ) ) ;
#5058 = DIRECTION ( 'NONE',  ( 1.000000000000000000, 0.0000000000000000000, -0.0000000000000000000 ) ) ;
#5059 = EDGE_CURVE ( 'NONE', #3369, #1300, #354, .T. ) ;
#5060 = DIRECTION ( 'NONE',  ( -1.000000000000000000, 0.0000000000000000000, 0.0000000000000000000 ) ) ;
#5061 = CARTESIAN_POINT ( 'NONE',  ( 0.7283464566929134243, 0.1353122744573582725, -0.2952755905511810774 ) ) ;
#5062 = ORIENTED_EDGE ( 'NONE', *, *, #4479, .F. ) ;
#5063 = DIRECTION ( 'NONE',  ( -1.000000000000000000, -0.0000000000000000000, -0.0000000000000000000 ) ) ;
#5064 = VERTEX_POINT ( 'NONE', #4353 ) ;
#5065 = CARTESIAN_POINT ( 'NONE',  ( 0.5606815198507483222, -0.04967152578844490768, -0.2125984251968504046 ) ) ;
#5066 = VERTEX_POINT ( 'NONE', #2458 ) ;
#5067 = CIRCLE ( 'NONE', #104, 0.2322834645669288045 ) ;
#5068 = DIRECTION ( 'NONE',  ( 6.938893903907323041E-15, -0.7605117634994278397, -0.6493241544706237489 ) ) ;
#5069 = COLOUR_RGB ( '',0.7607843137254901578, 0.7607843137254901578, 0.0000000000000000000 ) ;
#5070 = VERTEX_POINT ( 'NONE', #5137 ) ;
#5071 = DIRECTION ( 'NONE',  ( -1.000000000000000000, 0.0000000000000000000, 0.0000000000000000000 ) ) ;
#5072 = ORIENTED_EDGE ( 'NONE', *, *, #4626, .T. ) ;
#5073 = FACE_OUTER_BOUND ( 'NONE', #2547, .T. ) ;
#5074 = EDGE_CURVE ( 'NONE', #1682, #4496, #244, .T. ) ;
#5075 = VECTOR ( 'NONE', #4350, 39.37007874015748143 ) ;
#5076 =( CONVERSION_BASED_UNIT ( 'INCH', #4330 ) LENGTH_UNIT ( ) NAMED_UNIT ( #213 ) );
#5077 = CARTESIAN_POINT ( 'NONE',  ( 0.5590551181102362266, 0.007127417435679133870, 0.2951895565497638096 ) ) ;
#5078 = DIRECTION ( 'NONE',  ( 0.0000000000000000000, 0.0000000000000000000, -1.000000000000000000 ) ) ;
#5079 =( BOUNDED_CURVE ( )  B_SPLINE_CURVE ( 2, ( #1846, #3400, #3797 ),
 .UNSPECIFIED., .F., .F. ) 
 B_SPLINE_CURVE_WITH_KNOTS ( ( 3, 3 ),
 ( 0.0000000000000000000, 1.000000000000000000 ),
 .UNSPECIFIED. ) 
 CURVE ( )  GEOMETRIC_REPRESENTATION_ITEM ( )  RATIONAL_B_SPLINE_CURVE ( ( 1.032786885245899899, 1.020663065298099914, 1.000000000000000000 ) ) 
 REPRESENTATION_ITEM ( '' )  );
#5080 = EDGE_CURVE ( 'NONE', #3112, #1091, #1614, .T. ) ;
#5081 = AXIS2_PLACEMENT_3D ( 'NONE', #4796, #2491, #2051 ) ;
#5082 = ORIENTED_EDGE ( 'NONE', *, *, #2349, .T. ) ;
#5083 = FILL_AREA_STYLE_COLOUR ( '', #1762 ) ;
#5084 = CARTESIAN_POINT ( 'NONE',  ( 0.7480314960629921295, 0.2941524306248700649, 0.08106422609020866310 ) ) ;
#5085 = VECTOR ( 'NONE', #1483, 39.37007874015748143 ) ;
#5086 = EDGE_CURVE ( 'NONE', #4577, #3040, #671, .T. ) ;
#5087 = ORIENTED_EDGE ( 'NONE', *, *, #3983, .F. ) ;
#5088 = CIRCLE ( 'NONE', #3204, 0.3248031496064085477 ) ;
#5089 = VERTEX_POINT ( 'NONE', #377 ) ;
#5090 = SURFACE_STYLE_USAGE ( .BOTH. , #389 ) ;
#5091 = SURFACE_STYLE_USAGE ( .BOTH. , #2678 ) ;
#5092 = CONICAL_SURFACE ( 'NONE', #3872, 0.2952755905511822432, 0.7853981633974491672 ) ;
#5093 = SURFACE_STYLE_USAGE ( .BOTH. , #2371 ) ;
#5094 =( GEOMETRIC_REPRESENTATION_CONTEXT ( 3 ) GLOBAL_UNCERTAINTY_ASSIGNED_CONTEXT ( ( #1962 ) ) GLOBAL_UNIT_ASSIGNED_CONTEXT ( ( #2344, #3521, #1959 ) ) REPRESENTATION_CONTEXT ( 'NONE', 'WORKASPACE' ) );
#5095 = ORIENTED_EDGE ( 'NONE', *, *, #3769, .F. ) ;
#5096 =( LENGTH_UNIT ( ) NAMED_UNIT ( * ) SI_UNIT ( $, .METRE. ) );
#5097 = CARTESIAN_POINT ( 'NONE',  ( 0.4881889763779529434, -8.537024980200822558E-18, -2.241517757694136822E-48 ) ) ;
#5098 = ORIENTED_EDGE ( 'NONE', *, *, #2831, .F. ) ;
#5099 = DIRECTION ( 'NONE',  ( 1.000000000000000000, 4.336808689942015271E-16, 4.336808689942017736E-16 ) ) ;
#5100 = AXIS2_PLACEMENT_3D ( 'NONE', #1044, #4517, #2957 ) ;
#5101 = AXIS2_PLACEMENT_3D ( 'NONE', #1851, #2280, #1825 ) ;
#5102 = VERTEX_POINT ( 'NONE', #2409 ) ;
#5103 = UNCERTAINTY_MEASURE_WITH_UNIT (LENGTH_MEASURE( 1.000000000000000082E-05 ), #105, 'distance_accuracy_value', 'NONE');
#5104 = DIRECTION ( 'NONE',  ( -1.000000000000000000, -0.0000000000000000000, -0.0000000000000000000 ) ) ;
#5105 = DIRECTION ( 'NONE',  ( 1.000000000000000000, 0.0000000000000000000, 0.0000000000000000000 ) ) ;
#5106 = AXIS2_PLACEMENT_3D ( 'NONE', #4106, #1710, #2092 ) ;
#5107 = CONICAL_SURFACE ( 'NONE', #2150, 0.3248031496062991907, 0.7853981633974482790 ) ;
#5108 = DIRECTION ( 'NONE',  ( 1.000000000000000000, 0.0000000000000000000, 0.0000000000000000000 ) ) ;
#5109 = LINE ( 'NONE', #50, #2584 ) ;
#5110 = VECTOR ( 'NONE', #1416, 39.37007874015748143 ) ;
#5111 = CIRCLE ( 'NONE', #2153, 0.2066929133858267931 ) ;
#5112 = VERTEX_POINT ( 'NONE', #2356 ) ;
#5113 = DIRECTION ( 'NONE',  ( 0.0000000000000000000, -0.4165977904505328566, 0.9090909090909082835 ) ) ;
#5114 = FACE_OUTER_BOUND ( 'NONE', #2364, .T. ) ;
#5115 = APPLICATION_PROTOCOL_DEFINITION ( 'draft international standard', 'automotive_design', 1998, #4857 ) ;
#5116 =( BOUNDED_CURVE ( )  B_SPLINE_CURVE ( 2, ( #359, #4724, #1982 ),
 .UNSPECIFIED., .F., .F. ) 
 B_SPLINE_CURVE_WITH_KNOTS ( ( 3, 3 ),
 ( 0.0000000000000000000, 1.000000000000000000 ),
 .UNSPECIFIED. ) 
 CURVE ( )  GEOMETRIC_REPRESENTATION_ITEM ( )  RATIONAL_B_SPLINE_CURVE ( ( 1.000000000000000000, 1.035714285714300020, 1.035714285714300020 ) ) 
 REPRESENTATION_ITEM ( '' )  );
#5117 = EDGE_CURVE ( 'NONE', #4845, #2783, #72, .T. ) ;
#5118 = CYLINDRICAL_SURFACE ( 'NONE', #4693, 0.2066929133858267653 ) ;
#5119 = CONICAL_SURFACE ( 'NONE', #1001, 0.3248031496062991907, 0.7853981633974482790 ) ;
#5120 = ORIENTED_EDGE ( 'NONE', *, *, #4014, .T. ) ;
#5121 = EDGE_CURVE ( 'NONE', #3083, #175, #2004, .T. ) ;
#5122 = CARTESIAN_POINT ( 'NONE',  ( 0.4685039370078740162, 0.1394043614906653739, 0.2431780143287362583 ) ) ;
#5123 = VERTEX_POINT ( 'NONE', #477 ) ;
#5124 = DIRECTION ( 'NONE',  ( -1.000000000000000000, 0.0000000000000000000, 0.0000000000000000000 ) ) ;
#5125 = SURFACE_STYLE_FILL_AREA ( #1208 ) ;
#5126 = ORIENTED_EDGE ( 'NONE', *, *, #3828, .T. ) ;
#5127 = COLOUR_RGB ( '',0.7921568627450980005, 0.8196078431372548767, 0.9333333333333333481 ) ;
#5128 = DIMENSIONAL_EXPONENTS ( 1.000000000000000000, 0.0000000000000000000, 0.0000000000000000000, 0.0000000000000000000, 0.0000000000000000000, 0.0000000000000000000, 0.0000000000000000000 ) ;
#5129 = PRESENTATION_STYLE_ASSIGNMENT (( #3556 ) ) ;
#5130 = ORIENTED_EDGE ( 'NONE', *, *, #1034, .T. ) ;
#5131 = FILL_AREA_STYLE ('',( #3193 ) ) ;
#5132 = ORIENTED_EDGE ( 'NONE', *, *, #4184, .T. ) ;
#5133 = CARTESIAN_POINT ( 'NONE',  ( 0.7283464566929134243, 0.0000000000000000000, 0.2066929133858269874 ) ) ;
#5134 = EDGE_LOOP ( 'NONE', ( #5126, #1992, #3558, #3774 ) ) ;
#5135 = PLANE ( 'NONE',  #3027 ) ;
#5136 = DIRECTION ( 'NONE',  ( 0.0000000000000000000, 0.0000000000000000000, 1.000000000000000000 ) ) ;
#5137 = CARTESIAN_POINT ( 'NONE',  ( 0.4724409448833858383, 0.09358160885042914046, -0.2125984251968504046 ) ) ;
#5138 = CARTESIAN_POINT ( 'NONE',  ( 0.6567380015085433342, 0.1051792844081889805, -0.2952755905511811885 ) ) ;
#5139 = ORIENTED_EDGE ( 'NONE', *, *, #1310, .F. ) ;
#5140 =( NAMED_UNIT ( * ) PLANE_ANGLE_UNIT ( ) SI_UNIT ( $, .RADIAN. ) );
#5141 = CARTESIAN_POINT ( 'NONE',  ( 0.7283464566929134243, -0.06959712413253582586, -0.1010931871246588398 ) ) ;
#5142 = NEXT_ASSEMBLY_USAGE_OCCURRENCE ( 'NAUO1', ' ', ' ', #634, #2696, $ ) ;
#5143 = NEXT_ASSEMBLY_USAGE_OCCURRENCE ( 'NAUO2', ' ', ' ', #634, #146, $ ) ;
ENDSEC;
END-ISO-10303-21;
